journal_id,title,issn,lang,years,database
"46775","24X7 (Online)","1091-1626","西文","2006-present","ProQuest 【電子期刊】"
"48634","24x7 Magazine [BLOG]","","西文","5/3/2018+","ProQuest 【電子期刊】"
"48635","3D Printing in Medicine","2365-6271","西文","12/1/2015+","ProQuest 【電子期刊】"
"49903","The 10th AHLA International Health Literacy Conference: Health Literacy in the Revolution of the Digital Age","","西文","20240701-present","Airiti Library 【華藝中文電子期刊】"
"37540","A&A Case Reports","2325-7237","西文","2013-2017","OVID 【電子期刊】"
"38637","AACE Clinical Case Reports","2376-0605","西文","2015-present","ClinicalKey 【電子期刊&電子書】"
"37541","AACN Advanced Critical Care","1559-7768","西文","2010-2015","OVID 【電子期刊】"
"45280","AANA Journal","0094-6354","西文","2004-present","ProQuest 【電子期刊】"
"51142","AAPS Journal, The","1550-7416","西文","8/1/2024+","ProQuest 【電子期刊】"
"48636","AAPS Open","2364-9534","西文","12/1/2015+","ProQuest 【電子期刊】"
"51143","AAPS PharmSciTech","1530-9932","西文","1/1/2023+","ProQuest 【電子期刊】"
"18111","Abdominal imaging","0942-8925","西文","20030501-20151201","MEDLINE電子期刊"
"18112","Abdominal radiology","2366-004X","西文","20160101-","MEDLINE電子期刊"
"45288","Abdominal Radiology","2366-004X","西文","2000-present","ProQuest 【電子期刊】"
"49507","Abdominal Radiology","2366-004X","西文","1997-present","Springer 【電子期刊】"
"45281","ABNF Journal","1046-7041","西文","1999-present","ProQuest 【電子期刊】"
"37546","Academic Medicine","1040-2446","西文","2000.01-present","OVID 【電子期刊】"
"38713","Academic Pathology","2374-2895","西文","2014-present","ClinicalKey 【電子期刊&電子書】"
"48637","Academic Pathology","2374-2895","西文","1/1/2016-1/1/2021","ProQuest 【電子期刊】"
"18113","Academic pediatrics","1876-2859","西文","20090101-","MEDLINE電子期刊"
"38474","Academic Pediatrics","1876-2859","西文","2009.01-present","ClinicalKey 【電子期刊&電子書】"
"45289","Academic Pediatrics","1876-2859","西文","2005-2010","ProQuest 【電子期刊】"
"45290","Academic Psychiatry","1042-9670","西文","1998-2013","ProQuest 【電子期刊】"
"38475","Academic Radiology","1076-6332","西文","2007.01-present","ClinicalKey 【電子期刊&電子書】"
"46776","Academy of Health Care Management Journal","1559-7628","西文","2006-2013","ProQuest 【電子期刊】"
"47003","Academy of Management Journal","0001-4273","西文","1987-2001","ProQuest 【電子期刊】"
"47004","Academy of Management Journal (pre-1986)","0001-4273","西文","1963-1985","ProQuest 【電子期刊】"
"47005","Academy of Management. The Academy of Management Review","0363-7425","西文","1987-2005","ProQuest 【電子期刊】"
"47006","Academy of Management. The Academy of Management Review (pre-1986)","0363-7425","西文","1976-1985","ProQuest 【電子期刊】"
"47156","Accent on Living","0001-4508","西文","1994-2001","ProQuest 【電子期刊】"
"18114","ACP journal club","1056-8751","西文","20020101-","MEDLINE電子期刊"
"45282","ACP Journal Club","1056-8751","西文","2002-2006","ProQuest 【電子期刊】"
"48638","ACR Open Rheumatology","2578-5745","西文","3/1/2019+","ProQuest 【電子期刊】"
"37542","ACSM'S Health & Fitness Journal","1091-5397","西文","2004-present","OVID 【電子期刊】"
"51144","Acta Academiae Medicinae Wuhan = Wu-han i hsueeh yuean hsueeh pao","0253-3316","西文","2/1/2023+","ProQuest 【電子期刊】"
"46782","Acta Agriculturae Slovenica","1581-9175","西文","2007-2013","ProQuest 【電子期刊】"
"18115","Acta anaesthesiologica Scandinavica","0001-5172","西文","19990101-","MEDLINE電子期刊"
"37420","Acta Anaesthesiologica Sinica","0254-1319","西文","19900301-20031201","Airiti Library 【華藝中文電子期刊】"
"35932","Acta Anaesthesiologica Taiwanica","0254-1319","西文","20041201-20100201","Airiti Library 【華藝中文電子期刊】"
"18116","Acta biochimica et biophysica Sinica","1672-9145","西文","20040101-","MEDLINE電子期刊"
"45291","Acta Biotheoretica","0001-5342","西文","1997-2018","ProQuest 【電子期刊】"
"37381","Acta Botanica Taiwanica","","西文","19471001-19471001","Airiti Library 【華藝中文電子期刊】"
"35934","Acta Cardiologica Sinica","1011-6842","西文","20031201-present","Airiti Library 【華藝中文電子期刊】"
"47026","Acta Chimica Slovaca","1337-978X","西文","2012-present","ProQuest 【電子期刊】"
"18117","Acta chirurgica Iugoslavica","0354-950X","西文","20080301-","MEDLINE電子期刊"
"47832","Acta Chirurgica Latviensis","1407-981X","西文","2009-present","ProQuest 【電子期刊】"
"45292","Acta Clinica Belgica","0001-5512","西文","2011-2016","ProQuest 【電子期刊】"
"18118","Acta crystallographica. Section D, Biological crystallography","0907-4449","西文","20000101-20071201","MEDLINE電子期刊"
"18119","Acta crystallographica. Section F, Structural biology and crystallization communications","1744-3091","西文","20050101-20071201","MEDLINE電子期刊"
"18120","Acta dermato-venereologica","0001-5555","西文","19980401-","MEDLINE電子期刊"
"18121","Acta dermatovenerologica Croatica: ADC","1330-027X","西文","20080901-","MEDLINE電子期刊"
"18122","Acta diabetologica","0940-5429","西文","20030601-","MEDLINE電子期刊"
"45293","Acta Diabetologica","0940-5429","西文","2003-present","ProQuest 【電子期刊】"
"49508","Acta Diabetologica","0940-5429","西文","1997-present","Springer 【電子期刊】"
"48246","Acta Endoscopica","0240-642X","西文","2014-2018","ProQuest 【電子期刊】"
"48639","Acta Epileptologica","2524-4434","西文","1/1/2019+","ProQuest 【電子期刊】"
"47186","Acta Facultatis Medicae Naissensis","0351-6083","西文","2012-present","ProQuest 【電子期刊】"
"18123","Acta haematologica","0001-5792","西文","19980101-","MEDLINE電子期刊"
"45294","Acta Histochemica","0065-1281","西文","2002-2005","ProQuest 【電子期刊】"
"47683","Acta Informatica Medica","0353-8109","西文","2008-present","ProQuest 【電子期刊】"
"18124","Acta medica Austriaca","0303-8173","西文","20000301-20041201","MEDLINE電子期刊"
"48662","Acta Medica International","2349-0578","西文","1/1/2018-7/1/2019","ProQuest 【電子期刊】"
"45295","Acta Medica Iranica","0044-6025","西文","2010-present","ProQuest 【電子期刊】"
"47245","Acta Medica Martiniana","1335-8421","西文","2011-present","ProQuest 【電子期刊】"
"47176","Acta Medica Saliniana","0350-364X","西文","2009-present","ProQuest 【電子期刊】"
"48663","Acta Medicinae et Sociologica","2062-0284","西文","9/1/2019+","ProQuest 【電子期刊】"
"35935","Acta Nephrologica","1013-1671","西文","20000101-present","Airiti Library 【華藝中文電子期刊】"
"18125","Acta neurochirurgica","0001-6268","西文","20000101-","MEDLINE電子期刊"
"45296","Acta Neurochirurgica","0001-6268","西文","1997-present","ProQuest 【電子期刊】"
"51145","Acta Neurologica Belgica","0300-9009","西文","8/1/2024+","ProQuest 【電子期刊】"
"18126","Acta neurologica Scandinavica","0001-6314","西文","20000101-","MEDLINE電子期刊"
"48664","Acta Neurologica Scandinavica","0001-6314","西文","1/1/2023+","ProQuest 【電子期刊】"
"18127","Acta neurologica Scandinavica. Supplementum","0065-1427","西文","20001201-","MEDLINE電子期刊"
"35936","Acta Neurologica Taiwanica","1019-6099","西文","20030101-","Airiti Library 【華藝中文電子期刊】"
"45297","Acta Neuropathologica","0001-6322","西文","2002-present","ProQuest 【電子期刊】"
"49509","Acta Neuropathologica","0001-6322","西文","1997-present","Springer 【電子期刊】"
"48511","Acta Neuropathologica Communications","2051-5960","西文","2015-present","ProQuest 【電子期刊】"
"48665","Acta Neuropsychiatrica","0924-2708","西文","2/1/2013+","ProQuest 【電子期刊】"
"48666","Acta Obstetricia et Gynecologica Scandinavica","0001-6349","西文","1/1/2022+","ProQuest 【電子期刊】"
"48667","Acta Odontológica Colombiana","2027-7822","西文","1/1/2011+","ProQuest 【電子期刊】"
"47689","Acta Odontologica Turcica","2147-690X","西文","2015-present","ProQuest 【電子期刊】"
"18128","Acta oncologica","0284-186X","西文","19980501-","MEDLINE電子期刊"
"27945","Acta oncologica. Supplementum","1100-1704","西文","19980701-","MEDLINE電子期刊"
"18129","Acta ophthalmologica","1755-375X","西文","20080201-","MEDLINE電子期刊"
"18130","Acta ophthalmologica Scandinavica","1395-3907","西文","20000201-20080101","MEDLINE電子期刊"
"18131","Acta orthopaedica","1745-3674","西文","20050201-","MEDLINE電子期刊"
"18132","Acta orthopaedica Scandinavica","0001-6470","西文","19980801-20041201","MEDLINE電子期刊"
"18133","Acta orthopaedica. Supplementum","1745-3690","西文","20050201-","MEDLINE電子期刊"
"18134","Acta oto-laryngologica","0001-6489","西文","19980101-","MEDLINE電子期刊"
"18135","Acta oto-laryngologica. Supplementum","0365-5237","西文","19980501-","MEDLINE電子期刊"
"35937","Acta Paediatrica Sinica","0001-6578","西文","19971201-19990401","Airiti Library 【華藝中文電子期刊】"
"35938","Acta Paediatrica Taiwanica","1608-8115","西文","20070520-20081020","Airiti Library 【華藝中文電子期刊】"
"18136","Acta paediatrica. Supplement","0803-5326","西文","19981001-20061201","MEDLINE電子期刊"
"45298","Acta Parasitologica","1230-2821","西文","2006-2018","ProQuest 【電子期刊】"
"48472","Acta Pediatrica Espanola","0001-6640","西文","2004-2020","ProQuest 【電子期刊】"
"47924","Acta Pharmaceutica","1330-0075","西文","2007-present","ProQuest 【電子期刊】"
"18137","Acta pharmacologica Sinica","1671-4083","西文","20050101-20151101","MEDLINE電子期刊"
"45299","Acta Pharmacologica Sinica","1671-4083","西文","2005-present","ProQuest 【電子期刊】"
"18138","Acta physiologica","1748-1708","西文","20060101-","MEDLINE電子期刊"
"18139","Acta physiologica Scandinavica","0001-6772","西文","19980101-20051201","MEDLINE電子期刊"
"35940","Acta Protozoologica","0065-1583","西文","20091226-20120226","Airiti Library 【華藝中文電子期刊】"
"6539","Acta Psychiatrica Scandinavica","0001-690X","西文","1997-present","Wiley Online Library(電子期刊)"
"18140","Acta psychiatrica Scandinavica","0001-690X","西文","20000101-","MEDLINE電子期刊"
"47196","Acta Scientiarum. Health Sciences","1679-9291","西文","2015-present","ProQuest 【電子期刊】"
"18141","Acta veterinaria Scandinavica","0044-605X","西文","20010101-","MEDLINE電子期刊"
"45300","Acta Veterinaria Scandinavica","1751-0147","西文","2009-present","ProQuest 【電子期刊】"
"35942","Acta Zoologica Taiwanica","1019-5858","西文","19970401-20041001","Airiti Library 【華藝中文電子期刊】"
"18142","Actas espanolas de psiquiatria","1139-9287","西文","20010101-","MEDLINE電子期刊"
"48512","Activitas Nervosa Superior","1802-9698","西文","2007-2016","ProQuest 【電子期刊】"
"47222","Actualité Médicale","0229-9429","西文","2004-2014","ProQuest 【電子期刊】"
"18143","Acupuncture & electro-therapeutics research","0360-1293","西文","19950301-","MEDLINE電子期刊"
"48668","Acupuncture & Electro-Therapeutics Research","0360-1293","西文","1/1/2002+","ProQuest 【電子期刊】"
"47193","Acupuncture and Natural Medicine = Akupunktúra a Naturálna Medicína","1339-4703","西文","2014-present","ProQuest 【電子期刊】"
"46785","Acupuncture in Medicine","0964-5284","西文","1982-present","ProQuest 【電子期刊】"
"47608","Acute Coronary Syndromes","1369-5312","西文","2011","ProQuest 【電子期刊】"
"48424","Acute Medicine & Surgery","2052-8817","西文","2014-present","ProQuest 【電子期刊】"
"51146","Ad Age","0001-8899","西文","11/15/1999+","ProQuest 【電子期刊】"
"48669","Adaptive Human Behavior and Physiology","2198-7335","西文","3/1/2015+","ProQuest 【電子期刊】"
"37444","Adaptive Medicine","2076-944X","西文","20090831-20230317","Airiti Library 【華藝中文電子期刊】"
"6540","Addiction","0965-2140","西文","1997-present","Wiley Online Library(電子期刊)"
"18144","Addiction","0965-2140","西文","19930101-","MEDLINE電子期刊"
"45301","Addiction","0965-2140","西文","1997-2000","ProQuest 【電子期刊】"
"18145","Addiction biology","1355-6215","西文","20020101-","MEDLINE電子期刊"
"47058","Addiction Biology","1355-6215","西文","1988-2000","ProQuest 【電子期刊】"
"48670","Addiction Inbox [BLOG]","","西文","8/24/2018-2/24/2019","ProQuest 【電子期刊】"
"47059","Addiction Professional","1542-8435","西文","2006-present","ProQuest 【電子期刊】"
"47060","Addiction Science & Clinical Practice","1940-0632","西文","2015-present","ProQuest 【電子期刊】"
"38476","Addictive Behaviors","0306-4603","西文","2007.01-present","ClinicalKey 【電子期刊&電子書】"
"38535","Addictive Behaviors Reports","2352-8532","西文","2015-present","ClinicalKey 【電子期刊&電子書】"
"37547","Addictive Disorders & Their Treatment","1531-5754","西文","2002-2021","OVID 【電子期刊】"
"47061","Adicciones","0214-4840","西文","1999-present","ProQuest 【電子期刊】"
"45302","Administration and Policy in Mental Health (1999-2005)","0894-587X","西文","1999-2005","ProQuest 【電子期刊】"
"45303","Administration and Policy in Mental Health and Mental Health Services Research","0894-587X","西文","2006-present(已延遲1年)","ProQuest 【電子期刊】"
"49510","Administration and Policy in Mental Health and Mental Health Services Research","0894-587X","西文","1997-present","Springer 【電子期刊】"
"47007","Administrative Management","0884-5905","西文","1987-1998","ProQuest 【電子期刊】"
"48067","Administrative Science Quarterly","0001-8392","西文","1987-2001","ProQuest 【電子期刊】"
"18146","Adolescence","0001-8449","西文","19900301-20091201","MEDLINE電子期刊"
"45304","Adolescence","0001-8449","西文","1988-2009","ProQuest 【電子期刊】"
"45305","Adolescent Medicine Clinics","1547-3368","西文","2001-2006","ProQuest 【電子期刊】"
"48513","Adolescent Psychiatry","0065-2008","西文","1998-2008","ProQuest 【電子期刊】"
"18147","Advance data","0147-3956","西文","20080101-20080501","MEDLINE電子期刊"
"37387","Advance Journal of Food Science and Technology","2042-4876","西文","20091201-20181110","Airiti Library 【華藝中文電子期刊】"
"48671","Advanced Biomedical Research","2277-9175","西文","1/1/2014-1/1/2024","ProQuest 【電子期刊】"
"37548","Advanced Emergency Nursing Journal","1931-4485","西文","2006-present","OVID 【電子期刊】"
"48672","Advanced Genetics","2641-6573","西文","6/1/2021+","ProQuest 【電子期刊】"
"48287","Advanced Practice Nursing Quarterly","1080-4293","西文","1998","ProQuest 【電子期刊】"
"37549","Advances in Anatomic Pathology","1072-4109","西文","2001.01-present","OVID 【電子期刊】"
"38477","Advances in Anesthesia","0737-6146","西文","2007-present","ClinicalKey 【電子期刊&電子書】"
"48192","Advances in Animal Biosciences","2040-4700","西文","2010-2020","ProQuest 【電子期刊】"
"36958","Advances in Artificial Intelligence","1687-7470","西文","20141201-20151201","Airiti Library 【華藝中文電子期刊】"
"36959","Advances in Artificial Neural Systems","1687-7594","西文","20141201-","Airiti Library 【華藝中文電子期刊】"
"37391","Advances in Astronomy","1687-7969","西文","20081201-20171201","Airiti Library 【華藝中文電子期刊】"
"48514","Advances in Autism","2056-3868","西文","2015-present(已延遲1年)","ProQuest 【電子期刊】"
"37392","Advances in Bioinformatics","1687-8027","西文","20081201-20171201","Airiti Library 【華藝中文電子期刊】"
"48673","Advances in Biomarker Sciences and Technology","2543-1064","西文","1/1/2024+","ProQuest 【電子期刊】"
"36960","Advances in Biomedical Engineering Research","2328-160X","西文","20130301-20151201","Airiti Library 【華藝中文電子期刊】"
"37356","Advances in Bioscience and Bioengineering","2201-8336","西文","20130601-20151201","Airiti Library 【華藝中文電子期刊】"
"47190","Advances in Biosciences & Clinical Medicine","2203-1413","西文","2013-present","ProQuest 【電子期刊】"
"38590","Advances in Cancer Biology - Metastasis","2667-3940","西文","2021-present","ClinicalKey 【電子期刊&電子書】"
"48461","Advances in Cellular and Molecular Otolaryngology","2001-6220","西文","2013-2017","ProQuest 【電子期刊】"
"38714","Advances in Chronic Kidney Disease","1548-5595","西文","2007-2022","ClinicalKey 【電子期刊&電子書】"
"38537","Advances in Clinical Radiology","2589-8701","西文","2019-present","ClinicalKey 【電子期刊&電子書】"
"38534","Advances in Cosmetic Surgery","2542-4327","西文","2018-present","ClinicalKey 【電子期刊&電子書】"
"47170","Advances in Dual Diagnosis","1757-0972","西文","2008-present","ProQuest 【電子期刊】"
"37385","Advances in Forestry Letters","2326-3547","西文","20121201-20150801","Airiti Library 【華藝中文電子期刊】"
"48674","Advances in Gerontology","2079-0570","西文","1/1/2011+","ProQuest 【電子期刊】"
"48675","Advances in Global Health","2689-9558","西文","7/1/2022+","ProQuest 【電子期刊】"
"48676","Advances in Health Sciences Education","1382-4996","西文","3/1/1997+","ProQuest 【電子期刊】"
"18148","Advances in health sciences education: theory and practice","1382-4996","西文","20010201-","MEDLINE電子期刊"
"36961","Advances in Hematology","1687-9104","西文","20091201-20171201","Airiti Library 【華藝中文電子期刊】"
"48677","Advances in Hematology","1687-9104","西文","1/1/2013+","ProQuest 【電子期刊】"
"38478","Advances in Integrative Medicine","2212-9588","西文","2014.01-present","ClinicalKey 【電子期刊&電子書】"
"38715","Advances in Kidney Disease and Health","2949-8139","西文","2023-present","ClinicalKey 【電子期刊&電子書】"
"51147","Advances in Medical Education and Practice","1179-7258","西文","1/1/2010+","ProQuest 【電子期刊】"
"45306","Advances in Medical Sciences","1896-1126","西文","2008-2013","ProQuest 【電子期刊】"
"48515","Advances in Mental Health and Intellectual Disabilities","2044-1282","西文","2007-present(已延遲1年)","ProQuest 【電子期刊】"
"45307","Advances in Mind - Body Medicine","1532-1843","西文","2012-present","ProQuest 【電子期刊】"
"38533","Advances in Molecular Pathology","2589-4080","西文","2018-present","ClinicalKey 【電子期刊&電子書】"
"37550","Advances in Neonatal Care","1536-0903","西文","2001.10-present","OVID 【電子期刊】"
"37551","Advances in Nursing Science","0161-9268","西文","1995.05-present","OVID 【電子期刊】"
"38812","Advances in Nutrition","2161-8313","西文","2022-present","ClinicalKey 【電子期刊&電子書】"
"38643","Advances in Oncology","2666-853X","西文","2021-present","ClinicalKey 【電子期刊&電子書】"
"38479","Advances in Ophthalmology and Optometry","2452-1760","西文","2016-present","ClinicalKey 【電子期刊&電子書】"
"38591","Advances in Ophthalmology Practice and Research","2667-3762","西文","2021-present","ClinicalKey 【電子期刊&電子書】"
"38592","Advances in Oral and Maxillofacial Surgery","2667-1476","西文","2021-present","ClinicalKey 【電子期刊&電子書】"
"48425","Advances in Orthopaedics","1758-8294","西文","2010-2011","ProQuest 【電子期刊】"
"36962","Advances in Orthopedics","2090-3464","西文","20141201-20171231","Airiti Library 【華藝中文電子期刊】"
"48678","Advances in Orthopedics","2090-3464","西文","1/1/2013+","ProQuest 【電子期刊】"
"51079","Advances in Patient-Reported Outcomes","3050-6964","西文","2025-present","ClinicalKey 【電子期刊&電子書】"
"38480","Advances in Pediatrics","0065-3101","西文","2007-present","ClinicalKey 【電子期刊&電子書】"
"48679","Advances in Pharmacological and Pharmaceutical Sciences","2633-4682","西文","1/1/2013+","ProQuest 【電子期刊】"
"36963","Advances in Pharmacological Sciences","1687-6334","西文","20141201-20161201","Airiti Library 【華藝中文電子期刊】"
"36964","Advances in Preventive Medicine","2090-3499","西文","20141201-20141201","Airiti Library 【華藝中文電子期刊】"
"47755","Advances in Psoriasis and Inflammatory Skin Diseases","2041-2525","西文","2010-2011","ProQuest 【電子期刊】"
"38638","Advances in Psychiatry and Behavioral Health","2667-3827","西文","2021-present","ClinicalKey 【電子期刊&電子書】"
"38506","Advances in Radiation Oncology","2452-1094","西文","2016.01-present","ClinicalKey 【電子期刊&電子書】"
"48680","Advances in Respiratory Medicine","2451-4934","西文","1/1/2010-1/1/2020","ProQuest 【電子期刊】"
"51148","Advances in Respiratory Medicine","2451-4934","西文","1/1/2010-1/1/2020","ProQuest 【電子期刊】"
"48681","Advances in Rheumatology","2523-3106","西文","1/1/2018+","ProQuest 【電子期刊】"
"37552","Advances in Skin & Wound Care","1527-7941","西文","2001.1-present","OVID 【電子期刊】"
"45308","Advances in Skin & Wound Care","1527-7941","西文","1999-2004","ProQuest 【電子期刊】"
"38481","Advances in Surgery","0065-3411","西文","2007-present","ClinicalKey 【電子期刊&電子書】"
"51149","Advances in Traditional Medicine","2662-4052","西文","6/1/2016+","ProQuest 【電子期刊】"
"36965","Advances in Tumor Virology","1179-5654","西文","20111201-20161201","Airiti Library 【華藝中文電子期刊】"
"46932","Advances in Tumor Virology","1179-5654","西文","2009-2017","ProQuest 【電子期刊】"
"36966","Advances in Urology","1687-6369","西文","20080101-20161201","Airiti Library 【華藝中文電子期刊】"
"47609","Advances in Venous Arterial Thrombosis","2045-7588","西文","2011-2012","ProQuest 【電子期刊】"
"36967","Advances in Virology","1687-8639","西文","20090101-20171201","Airiti Library 【華藝中文電子期刊】"
"46933","Advances in Virology","1687-8639","西文","2009-2017","ProQuest 【電子期刊】"
"37553","Adverse Drug Reaction Bulletin","0044-6394","西文","2000.12-present","OVID 【電子期刊】"
"48682","Aesthetic Authority","2767-3928","西文","9/1/2020-12/31/2021","ProQuest 【電子期刊】"
"18149","Aesthetic plastic surgery","0364-216X","西文","20030101-","MEDLINE電子期刊"
"45309","Aesthetic Plastic Surgery","0364-216X","西文","2002-present(已延遲1年)","ProQuest 【電子期刊】"
"49511","Aesthetic Plastic Surgery","0364-216X","西文","1997-present","Springer 【電子期刊】"
"51150","Aesthetic Surgery Journal : Open Forum","2631-4797","西文","3/1/2019+","ProQuest 【電子期刊】"
"37347","African Journal of Agriculture","2375-091X","西文","20130701-20150801","Airiti Library 【華藝中文電子期刊】"
"37345","African Journal of Crop Science","2375-1231","西文","20140101-20160201","Airiti Library 【華藝中文電子期刊】"
"37348","African Journal of Dairy Farming and Milk Production","2375-1258","西文","20160101-20160401","Airiti Library 【華藝中文電子期刊】"
"47141","African Journal of Disability","2223-9170","西文","2012-present","ProQuest 【電子期刊】"
"37349","African Journal of Fisheries Science","2375-0715","西文","20150101-20160201","Airiti Library 【華藝中文電子期刊】"
"48226","African Journal of Laboratory Medicine","2225-2002","西文","2012-present","ProQuest 【電子期刊】"
"45310","African Journal of Paediatric Surgery : AJPS","0189-6725","西文","2008-2018","ProQuest 【電子期刊】"
"36968","African Journal of Pathology and Microbiology","2090-9020","西文","20121201-20161201","Airiti Library 【華藝中文電子期刊】"
"47187","African Journal of Primary Health Care & Family Medicine","2071-2928","西文","2012-present","ProQuest 【電子期刊】"
"18150","African journal of reproductive health","1118-4841","西文","20030401-","MEDLINE電子期刊"
"45311","African Journal of Reproductive Health","1118-4841","西文","2007-present","ProQuest 【電子期刊】"
"48683","African Journal of Urology","1110-5704","西文","12/1/2019+","ProQuest 【電子期刊】"
"6896","African Journal of Urology(免費)","","","2012-2018","南醫單本訂購期刊"
"37353","African Journal of Wood Science and Forestry","2375-0979","西文","20130801-20160301","Airiti Library 【華藝中文電子期刊】"
"48404","African Vision and Eye Health","2413-3183","西文","2005-present","ProQuest 【電子期刊】"
"38482","Ageing Research Reviews","1568-1637","西文","2007-present","ClinicalKey 【電子期刊&電子書】"
"38483","Aggression and Violent Behavior","1359-1789","西文","2007-present","ClinicalKey 【電子期刊&電子書】"
"47121","Aging","0002-0966","西文","1990-1996","ProQuest 【電子期刊】"
"18151","Aging & mental health","1360-7863","西文","20010201-","MEDLINE電子期刊"
"48640","Aging and Cancer","2643-8909","西文","6/1/2021+","ProQuest 【電子期刊】"
"37408","AGING AND HEALTH","2617-8311","西文","20180901-20180901","Airiti Library 【華藝中文電子期刊】"
"38716","Aging and Health Research","2667-0321","西文","2021-present","ClinicalKey 【電子期刊&電子書】"
"18152","Aging cell","1474-9718","西文","20030201-","MEDLINE電子期刊"
"48641","Aging Clinical and Experimental Research","1594-0667","西文","2/1/1997+","ProQuest 【電子期刊】"
"47123","Aging Health","1745-509X","西文","2005-2013","ProQuest 【電子期刊】"
"45313","Aging Male","1368-5538","西文","2003-2007","ProQuest 【電子期刊】"
"49814","Aging Medicine","2475-0360","西文","6/1/2018+","ProQuest 【電子期刊】"
"18153","Aging trends / Department of Health and Human Services, Centers for Disease Control and Prevention, National Center for Health Statistics","1932-1643","西文","20080201-20090201","MEDLINE電子期刊"
"48516","Agora - estudos em teoria psicanalítica","1516-1498","西文","2000-present","ProQuest 【電子期刊】"
"48642","Aǧrı","1300-0012","西文","1/1/2021+","ProQuest 【電子期刊】"
"8699","AHA Coding Clinic for ICD-10-CM","0742-9800","西文","訂購年份:2016-2026放在My Library裡Email: csmhlib@gmail.comPassword: Welcome1","彰濱單本期刊"
"47230","AHA News","0891-6608","西文","2004-2016","ProQuest 【電子期刊】"
"37543","AIDS","0269-9370","西文","1997-present","OVID 【電子期刊】"
"45283","AIDS Alert","0887-0292","西文","2008-2011","ProQuest 【電子期刊】"
"18154","AIDS and behavior","1090-7165","西文","20040301-","MEDLINE電子期刊"
"45287","AIDS and Behavior","1090-7165","西文","1997-present(已延遲1年)","ProQuest 【電子期刊】"
"49506","AIDS and Behavior","1090-7165","西文","1997-present","Springer 【電子期刊】"
"18155","AIDS care","0954-0121","西文","19900101-","MEDLINE電子期刊"
"45284","AIDS Care","0954-0121","西文","1996-2000","ProQuest 【電子期刊】"
"45285","AIDS Education and Prevention","0899-9546","西文","1998-2017","ProQuest 【電子期刊】"
"45286","AIDS Reader, The","1053-0894","西文","2007-2009","ProQuest 【電子期刊】"
"47579","AIDS Research and Therapy","1742-6405","西文","2009-present","ProQuest 【電子期刊】"
"36969","AIDS Research and Treatment","2090-1240","西文","20101201-20151201","Airiti Library 【華藝中文電子期刊】"
"47656","AIDS Research and Treatment","2090-1240","西文","2010-present","ProQuest 【電子期刊】"
"18156","AIDS treatment news","1052-4207","西文","20060101-20070701","MEDLINE電子期刊"
"47154","AIHA Journal","0002-8894","西文","1993-2003","ProQuest 【電子期刊】"
"51151","AIMS Public Health","2327-8994","西文","1/1/2014+","ProQuest 【電子期刊】"
"48643","Ain - Shams Journal of Anesthesiology","1687-7934","西文","12/1/2018+","ProQuest 【電子期刊】"
"37848","Air Medical Journal","1067-991X","西文","2007.01-present","ClinicalKey 【電子期刊&電子書】"
"47103","Air Quality, Atmosphere, & Health","1873-9318","西文","2008-present","ProQuest 【電子期刊】"
"37358","Air, Soil and Water Research","1178-6221","西文","20111201-20161201","Airiti Library 【華藝中文電子期刊】"
"38484","AJIC: American Journal of Infection Control","0196-6553","西文","2007-present","ClinicalKey 【電子期刊&電子書】"
"37544","AJN, American Journal of Nursing","0002-936X","西文","1996-present","OVID 【電子期刊】"
"8700","AJNR:American Journal of Neuroradiology","0195-6108","西文","1980-present訂購年份:2017-2026","彰濱單本期刊"
"38780","AJO International","2950-2535","西文","2024-present","ClinicalKey 【電子期刊&電子書】"
"38656","AJO-DO Clinical Companion","2666-4305","西文","2021-present","ClinicalKey 【電子期刊&電子書】"
"38813","AJOG Global Reports","2666-5778","西文","2021-present","ClinicalKey 【電子期刊&電子書】"
"38717","AJPM Focus","2773-0654","西文","2022-present","ClinicalKey 【電子期刊&電子書】"
"6902","AJR:American Journal of Roentgenology(南醫2023年起停訂)","0361-803X","英文","1965-present","南醫單本訂購期刊"
"18180","AJRI:American journal of reproductive immunology","1046-7408","西文","20020801-","MEDLINE電子期刊"
"48644","Akupunktur & Aurikulomedizin","2192-9319","西文","3/1/2013+","ProQuest 【電子期刊】"
"49789","Akupunktur & Aurikulomedizin","2192-9319","西文","2013-present","Springer 【電子期刊】"
"48405","Al - Basar International Journal of Ophthalmology","1858-6538","西文","2015-2020","ProQuest 【電子期刊】"
"45314","Alabama Nurse","0002-4317","西文","2003-present","ProQuest 【電子期刊】"
"45315","Alberta RN","1481-9988","西文","1998-2009","ProQuest 【電子期刊】"
"38485","Alcohol","0741-8329","西文","2007-present","ClinicalKey 【電子期刊&電子書】"
"45316","Alcohol","0741-8329","西文","2003-present","ProQuest 【電子期刊】"
"18157","Alcohol health and research world","0090-838X","西文","19900301-19981201","MEDLINE電子期刊"
"45317","Alcohol Research","2168-3492","西文","1990-present","ProQuest 【電子期刊】"
"18158","Alcohol research & health: the journal of the National Institute on Alcohol Abuse and Alcoholism","1535-7414","西文","19990301-20111201","MEDLINE電子期刊"
"18159","Alcohol research: current reviews","2168-3492","西文","20120301-","MEDLINE電子期刊"
"18160","Alcoholism, clinical and experimental research","0145-6008","西文","20060101-","MEDLINE電子期刊"
"46904","Algorithms for Molecular Biology","1748-7188","西文","2009-present","ProQuest 【電子期刊】"
"6543","Alimentary Pharmacology & Therapeutics","0269-2813","西文","1997-present","Wiley Online Library(電子期刊)"
"18161","Alimentary pharmacology & therapeutics","0269-2813","西文","19980101-","MEDLINE電子期刊"
"49512","Allergo Journal","0941-8849","西文","1997-present","Springer 【電子期刊】"
"48645","Allergologia et Immunopathologia","0301-0546","西文","1/1/2021+","ProQuest 【電子期刊】"
"47580","Allergologie","0344-5062","西文","2016-present","ProQuest 【電子期刊】"
"51728","Allergology International","1323-8930","西文","2016-present","ClinicalKey 【電子期刊&電子書】"
"6544","Allergy","0105-4538","西文","1997-present","Wiley Online Library(電子期刊)"
"45318","Allergy and Asthma Proceedings","1088-5412","西文","1980-2012","ProQuest 【電子期刊】"
"18162","Allergy and asthma proceedings: the official journal of regional and state allergy societies","1088-5412","西文","20030101-","MEDLINE電子期刊"
"49497","Allergy Medicine","2949-9135","西文","2025-present","ClinicalKey 【電子期刊&電子書】"
"47581","Allergy, Asthma, and Clinical Immunology","1710-1484","西文","2015-present","ProQuest 【電子期刊】"
"46786","Alternative Medicine","2162-884X","西文","2012-present","ProQuest 【電子期刊】"
"18163","Alternative therapies in health and medicine","1078-6791","西文","19960101-","MEDLINE電子期刊"
"45319","Alternative Therapies in Health and Medicine","1078-6791","西文","1998.11-present","ProQuest 【電子期刊】"
"47173","Alternative Therapies in Women's Health","1522-3396","西文","2008-2009","ProQuest 【電子期刊】"
"37554","Alzheimer Disease & Associated Disorders","0893-0341","西文","2000-present","OVID 【電子期刊】"
"48647","Alzheimer's & Dementia","1552-5260","西文","1/1/2024+","ProQuest 【電子期刊】"
"48648","Alzheimer's & Dementia : Diagnosis, Assessment & Disease Monitoring","2352-8729","西文","9/1/2015+","ProQuest 【電子期刊】"
"48649","Alzheimer's & Dementia : Translational Research & Clinical Interventions","2352-8737","西文","9/1/2015+","ProQuest 【電子期刊】"
"48650","Alzheimer's & Dementia Weekly","","西文","7/5/2016+","ProQuest 【電子期刊】"
"48517","Alzheimer's Research & Therapy","1758-9193","西文","2015-present","ProQuest 【電子期刊】"
"18164","Ambio","0044-7447","西文","20070601-","MEDLINE電子期刊"
"45320","Ambio","0044-7447","西文","2005-present(已延遲1年)","ProQuest 【電子期刊】"
"18165","Ambulatory pediatrics: the official journal of the Ambulatory Pediatric Association","1530-1567","西文","20040101-20081201","MEDLINE電子期刊"
"45321","American Annals of the Deaf","0002-726X","西文","1997-present","ProQuest 【電子期刊】"
"48151","American Behavioral Scientist (1986-1994), The","0002-7642","西文","1986-1994","ProQuest 【電子期刊】"
"48020","American Demographics","0163-4089","西文","1987-2004","ProQuest 【電子期刊】"
"47925","American Druggist","0190-5279","西文","1998-1999","ProQuest 【電子期刊】"
"46971","American Economic Review, The","0002-8282","西文","1987-present","ProQuest 【電子期刊】"
"18166","American family physician","0002-838X","西文","19930701-","MEDLINE電子期刊"
"37853","American Family Physician","0002-838X","西文","2008-present","ClinicalKey 【電子期刊&電子書】"
"48651","American Family Physician","0002-838X","西文","5/1/1998+","ProQuest 【電子期刊】"
"47990","American Health","1523-3359","西文","1988-1993","ProQuest 【電子期刊】"
"48074","American Health Line. First Look","","西文","2012-2019","ProQuest 【電子期刊】"
"48075","American Health Line. Weekly Line","","西文","2013-2019","ProQuest 【電子期刊】"
"37854","American Heart Journal","0002-8703","西文","2007/01-present","ClinicalKey 【電子期刊&電子書】"
"38558","American Heart Journal Plus: Cardiology Research and Practice","2666-6022","西文","2021-present","ClinicalKey 【電子期刊&電子書】"
"45322","American Heart Journal, The","0002-8703","西文","2002-present(已延遲2個月)","ProQuest 【電子期刊】"
"47248","American Imago","0065-860X","西文","1996-present(已延遲1年)","ProQuest 【電子期刊】"
"45323","American Indian and Alaska Native Mental Health Research (Online)","1533-7731","西文","2000-present","ProQuest 【電子期刊】"
"45324","American Indian and Alaska Native Mental Health Research; Denver","0893-5394","西文","1998-1999","ProQuest 【電子期刊】"
"48652","American Journal of Accountable Care","2473-9669","西文","9/15/2020+","ProQuest 【電子期刊】"
"48653","American Journal of Art Therapy","0007-4764","西文","5/1/1997-5/1/2002","ProQuest 【電子期刊】"
"18167","American journal of audiology","1059-0889","西文","20000601-","MEDLINE電子期刊"
"45325","American Journal of Audiology","1059-0889","西文","1998-2009","ProQuest 【電子期刊】"
"45326","American Journal of Audiology (Online)","1558-9137","西文","2010-2021","ProQuest 【電子期刊】"
"37855","American Journal of Cardiology, The","0002-9149","西文","2007-present","ClinicalKey 【電子期刊&電子書】"
"45327","American Journal of Cardiology, The","0002-9149","西文","2012-present(已延遲2個月)","ProQuest 【電子期刊】"
"45328","American Journal of Cardiovascular Drugs","1175-3277","西文","2008-present(已延遲1年)","ProQuest 【電子期刊】"
"18168","American journal of cardiovascular drugs: drugs, devices, and other interventions","1175-3277","西文","20040901-20150601","MEDLINE電子期刊"
"18169","American journal of clinical dermatology","1175-0561","西文","20000101-20150601","MEDLINE電子期刊"
"45329","American Journal of Clinical Dermatology","1175-0561","西文","2008-present(已延遲1年)","ProQuest 【電子期刊】"
"45330","American Journal of Clinical Hypnosis","0002-9157","西文","2003-2015","ProQuest 【電子期刊】"
"8680","American Journal of Clinical Nutrition","0002-9165","西文","1952-present訂購年份:2016-2026","彰濱單本期刊"
"6900","American Journal of Clinical Nutrition(南醫2022年起停訂，全文到2021年，彰濱有訂)","0002-9165","西文","1996-2021","南醫單本訂購期刊"
"37555","American Journal of Clinical Oncology","0277-3732","西文","1996.02-present","OVID 【電子期刊】"
"18170","American journal of clinical pathology","0002-9173","西文","20100801-20151201","MEDLINE電子期刊"
"45331","American Journal of Clinical Pathology","0002-9173","西文","2011-present(已延遲1年)","ProQuest 【電子期刊】"
"18171","American journal of community psychology","0091-0562","西文","20040301-","MEDLINE電子期刊"
"45332","American Journal of Community Psychology","0091-0562","西文","1994-2018","ProQuest 【電子期刊】"
"45333","American Journal of Critical Care","1062-3264","西文","1998-2007","ProQuest 【電子期刊】"
"6897","American Journal of Critical Care(AJCC)(南醫2025年起停訂)","1062-3264","英文","2002-present","南醫單本訂購期刊"
"37556","American Journal of Dermatopathology","0193-1091","西文","1996.02-present","OVID 【電子期刊】"
"18172","American journal of electroneurodiagnostic technology","1086-508X","西文","20040301-20111201","MEDLINE電子期刊"
"37856","American Journal of Emergency Medicine","0735-6757","西文","2007/01-present","ClinicalKey 【電子期刊&電子書】"
"45334","American Journal of Emergency Medicine","0735-6757","西文","2003-present(已延遲2個月)","ProQuest 【電子期刊】"
"37557","American Journal of Forensic Medicine & Pathology","0195-7910","西文","1996.03-present","OVID 【電子期刊】"
"48247","American Journal of Gastroenterology Supplements, The","1948-9498","西文","2012-2016","ProQuest 【電子期刊】"
"48248","American Journal of Gastroenterology, The","0002-9270","西文","2000-present(已延遲1年)","ProQuest 【電子期刊】"
"37857","American Journal of Geriatric Psychiatry","1064-7481","西文","2007-present","ClinicalKey 【電子期刊&電子書】"
"45335","American Journal of Geriatric Psychiatry, The","1064-7481","西文","1998-2013","ProQuest 【電子期刊】"
"45336","American Journal of Health Behavior","1087-3244","西文","2003-2009","ProQuest 【電子期刊】"
"48076","American Journal of Health Education","1932-5037","西文","2002-2016","ProQuest 【電子期刊】"
"47183","American Journal of Health Sciences","2156-7794","西文","2010-present","ProQuest 【電子期刊】"
"48077","American Journal of Health Studies","1090-0500","西文","1997-2007","ProQuest 【電子期刊】"
"18173","American journal of health-system pharmacy: AJHP: official journal of the American Society of Health-System Pharmacists","1079-2082","西文","20020101-","MEDLINE電子期刊"
"6545","American Journal of Hematology","0361-8609","西文","1996-present","Wiley Online Library(電子期刊)"
"48351","American Journal of Hematology / Oncology","1939-6163","西文","2008-2009","ProQuest 【電子期刊】"
"45338","American Journal of Hypertension","0895-7061","西文","2000-2015","ProQuest 【電子期刊】"
"8724","American Journal of Infection Control","0196-6553","西文","1980-present","ScienceDirect(SDOL)"
"37858","American Journal of Kidney Diseases","0272-6386","西文","2007/01-present","ClinicalKey 【電子期刊&電子書】"
"18174","American journal of law & medicine","0098-8588","西文","19750301-20011101","MEDLINE電子期刊"
"45339","American Journal of Law and Medicine","0098-8588","西文","1998-present(已延遲1年)","ProQuest 【電子期刊】"
"48654","American Journal of Managed Care, The","1088-0224","西文","9/2/2020+","ProQuest 【電子期刊】"
"38593","American Journal of Medicine Open","2667-0364","西文","2021-present","ClinicalKey 【電子期刊&電子書】"
"37859","American Journal of Medicine, The","0002-9343","西文","2007.01-present","ClinicalKey 【電子期刊&電子書】"
"18175","American journal of nephrology","0250-8095","西文","20050101-","MEDLINE電子期刊"
"45340","American Journal of Nephrology","0250-8095","西文","1996-2015","ProQuest 【電子期刊】"
"51740","American Journal of Obstetrics & Gynecology MFM","2589-9333","西文","2019-present","ClinicalKey 【電子期刊&電子書】"
"37860","American Journal of Obstetrics and Gynecology","0002-9378","西文","2007/01-present","ClinicalKey 【電子期刊&電子書】"
"45341","American Journal of Occupational Therapy","0272-9490","西文","2006-2018","ProQuest 【電子期刊】"
"37861","American Journal of Ophthalmology","0002-9394","西文","2007/01-present","ClinicalKey 【電子期刊&電子書】"
"37862","American Journal of Ophthalmology Case Reports","2451-9936","西文","2016-present","ClinicalKey 【電子期刊&電子書】"
"37863","American Journal of Orthodontics and Dentofacial Orthopedics","0889-5406","西文","2007.01-present","ClinicalKey 【電子期刊&電子書】"
"37864","American Journal of Otolaryngology--Head and Neck Medicine and Surgery","0196-0709","西文","2007.01-present","ClinicalKey 【電子期刊&電子書】"
"45344","American Journal of Pathology","0002-9440","西文","1997-2002","ProQuest 【電子期刊】"
"38487","American Journal of Pathology, The","0002-9440","西文","2007.01-present","ClinicalKey 【電子期刊&電子書】"
"45345","American Journal of Pharmaceutical Education","0002-9459","西文","1998-present","ProQuest 【電子期刊】"
"18176","American journal of pharmacogenomics: genomics-related research in drug development and clinical practice","1175-2203","西文","20040901-20051201","MEDLINE電子期刊"
"37558","American Journal of Physical Medicine & Rehabilitation","0894-9115","西文","1996.01-present","OVID 【電子期刊】"
"38559","American Journal of Preventive Cardiology","2666-6677","西文","2020-present","ClinicalKey 【電子期刊&電子書】"
"37865","American Journal of Preventive Medicine","0749-3797","西文","2007/01-present","ClinicalKey 【電子期刊&電子書】"
"8701","American Journal of Psychiatry","0002-953X","西文","1997-present訂購年份:2016-2026","彰濱單本期刊"
"18177","American journal of psychoanalysis","0002-9548","西文","20040301-20101201","MEDLINE電子期刊"
"45347","American Journal of Psychoanalysis","0002-9548","西文","1995-present(已延遲1年)","ProQuest 【電子期刊】"
"6901","American Journal of Psychology(停訂,全文到2016年,限院內IP)","0002-9556","西文","","南醫單本訂購期刊"
"45348","American Journal of Psychology, The","0002-9556","西文","1995-2001","ProQuest 【電子期刊】"
"18178","American journal of psychotherapy","0002-9564","西文","19750101-20180101","MEDLINE電子期刊"
"45349","American Journal of Psychotherapy","0002-9564","西文","1994-2016","ProQuest 【電子期刊】"
"18179","American journal of public health","0090-0036","西文","19710801-","MEDLINE電子期刊"
"45350","American Journal of Public Health","0090-0036","西文","1992-present","ProQuest 【電子期刊】"
"27946","American journal of reproductive immunology: AJRI","1046-7408","西文","20020801-","MEDLINE電子期刊"
"45353","American Journal of Respiratory and Critical Care Medicine","1073-449X","西文","2003-2019","ProQuest 【電子期刊】"
"51066","American Journal of Respiratory and Critical Care Medicine","1073-449X","英文","2023-present","南醫單本訂購期刊"
"45351","American Journal of Respiratory Cell and Molecular Biology","1044-1549","西文","1994-2010","ProQuest 【電子期刊】"
"45352","American Journal of Respiratory Cell and Molecular Biology (Online)","1535-4989","西文","2011-2019","ProQuest 【電子期刊】"
"45354","American Journal of Rhinology & Allergy","1945-8924","西文","1987-2012","ProQuest 【電子期刊】"
"6617","American Journal of Rhinology and Allergy (院外需帳密,請見簡介)","1945-8932","西文","2009.01-2026.12","彰秀單本期刊"
"45355","American Journal of Speech - Language Pathology","1058-0360","西文","1998-2009","ProQuest 【電子期刊】"
"45356","American Journal of Speech - Language Pathology (Online)","1558-9110","西文","2010-2022","ProQuest 【電子期刊】"
"34716","American Journal of Speech - Language Pathology(AJSLP)","1058-0360","英文","1999-present","南醫單本訂購期刊"
"8703","American Journal of Sports Medicine","0363-5465","西文","1972-present訂購年份:2016-2026","彰濱單本期刊"
"6899","American Journal of Sports Medicine(南醫停訂,全文到2014年,彰濱有訂)","","","","南醫單本訂購期刊"
"37866","American Journal of Surgery, The","0002-9610","西文","2007/01-present","ClinicalKey 【電子期刊&電子書】"
"45357","American Journal of Surgery, The","0002-9610","西文","2003-present(已延遲2個月)","ProQuest 【電子期刊】"
"37559","American Journal of Surgical Pathology","0147-5185","西文","1996-present","OVID 【電子期刊】"
"37561","American Journal of the Medical Sciences","0002-9629","西文","2010-2015","OVID 【電子期刊】"
"37867","American Journal of the Medical Sciences, The","0002-9629","西文","2011.01-present","ClinicalKey 【電子期刊&電子書】"
"37560","American Journal of Therapeutics","1075-2765","西文","2001.01-present","OVID 【電子期刊】"
"45358","American Journal on Intellectual and Developmental Disabilities","1944-7515","西文","2011-present","ProQuest 【電子期刊】"
"47160","American Libraries","0002-9769","西文","1997-present","ProQuest 【電子期刊】"
"45359","American Nurse","0098-1486","西文","1998-2016","ProQuest 【電子期刊】"
"47149","American Planning Association. Journal of the American Planning Association","0194-4363","西文","1988-2010","ProQuest 【電子期刊】"
"48158","American Rehabilitation","0362-4048","西文","1995-2004","ProQuest 【電子期刊】"
"48129","American Scientist","0003-0996","西文","1995-present","ProQuest 【電子期刊】"
"48176","American Sociological Review","0003-1224","西文","1988-2013","ProQuest 【電子期刊】"
"47249","American Speech Language Hearing Association. Asha","0001-2475","西文","1997-1999","ProQuest 【電子期刊】"
"45360","American Surgeon, The","0003-1348","西文","1997-2021","ProQuest 【電子期刊】"
"47252","American University Law Review","0003-1453","西文","2011-present","ProQuest 【電子期刊】"
"48207","American Water Works Association. Journal","0003-150X","西文","1996-2012","ProQuest 【電子期刊】"
"45361","Amino Acids","0939-4451","西文","1997-present(已延遲 1 年)","ProQuest 【電子期刊】"
"47243","AMT Events","0746-9217","西文","2010-present","ProQuest 【電子期刊】"
"45362","Amyloid","1350-6129","西文","2003-2007","ProQuest 【電子期刊】"
"18181","Amyloid: the international journal of experimental and clinical investigation: the official journal of the International Society of Amyloidosis","1350-6129","西文","20030901-","MEDLINE電子期刊"
"18182","Amyotrophic lateral sclerosis & frontotemporal degeneration","2167-8421","西文","20130201-","MEDLINE電子期刊"
"18183","Amyotrophic lateral sclerosis and other motor neuron disorders: official publication of the World Federation of Neurology, Research Group on Motor...","1466-0822","西文","19991201-20051201","MEDLINE電子期刊"
"18184","Amyotrophic lateral sclerosis: official publication of the World Federation of Neurology Research Group on Motor Neuron Diseases","1748-2968","西文","20060301-20121201","MEDLINE電子期刊"
"18185","Anadolu kardiyoloji dergisi: AKD = the Anatolian journal of cardiology","1302-8723","西文","20070301-","MEDLINE電子期刊"
"48518","Anadolu Psikiyatri Dergisi","1302-6631","西文","2000-2020","ProQuest 【電子期刊】"
"6548","Anaesthesia","0003-2409","西文","1997-present","Wiley Online Library(電子期刊)"
"45364","Anaesthesia and Intensive Care","0310-057X","西文","1998-2020","ProQuest 【電子期刊】"
"37869","Anaesthesia and Intensive Care Medicine","1472-0299","西文","2007/01-present","ClinicalKey 【電子期刊&電子書】"
"37868","Anaesthesia Critical Care & Pain Medicine","2352-5568","西文","2015-present","ClinicalKey 【電子期刊&電子書】"
"48655","Anaesthesiology Intensive Therapy","1642-5758","西文","1/1/2012-1/1/2022","ProQuest 【電子期刊】"
"46787","Anales de Hidrología Médica","1887-0813","西文","2006-present","ProQuest 【電子期刊】"
"48656","Anales de la Real Academia Nacional de Medicina","0034-0634","西文","1/1/2018+","ProQuest 【電子期刊】"
"48193","Anales de Veterinaria de Murcia","0213-5434","西文","2013-present","ProQuest 【電子期刊】"
"45365","Analytical and Bioanalytical Chemistry","1618-2642","西文","2013-present(已延遲 1 年)","ProQuest 【電子期刊】"
"18186","Analytical cellular pathology (Amsterdam)","2210-7177","西文","20100701-","MEDLINE電子期刊"
"51152","Analytical Cellular Pathology : Cellular Oncology","2210-7177","西文","1/1/2025+","ProQuest 【電子期刊】"
"18187","Analytical cellular pathology: the journal of the European Society for Analytical Cellular Pathology","0921-8912","西文","19970101-20030701","MEDLINE電子期刊"
"51153","Analytical Sciences","0910-6340","西文","10/1/2016-1/1/2017","ProQuest 【電子期刊】"
"18188","Anatolian journal of cardiology","2149-2263","西文","20070301-","MEDLINE電子期刊"
"48657","Anatolian Journal of Cardiology, The","2149-2263","西文","7/1/2008-9/1/2019","ProQuest 【電子期刊】"
"48658","Anatolian Journal of Family Medicine, The","2630-5593","西文","1/1/2020+","ProQuest 【電子期刊】"
"18189","Anatomia, histologia, embryologia","0340-2096","西文","19980201-","MEDLINE電子期刊"
"49513","Anatomical Science International","1447-6959","西文","2002-present","Springer 【電子期刊】"
"45366","Anatomischer Anzeiger","0003-2786","西文","2002-2004","ProQuest 【電子期刊】"
"18190","Anatomy and embryology","0340-2061","西文","20000101-20061101","MEDLINE電子期刊"
"36970","Anatomy Research International","2090-2743","西文","20141201-20141201","Airiti Library 【華藝中文電子期刊】"
"18191","Andrologia","0303-4569","西文","19980201-","MEDLINE電子期刊"
"51154","Andrologia (Online)","1439-0272","西文","8/1/2012+","ProQuest 【電子期刊】"
"18192","Andrology","2047-2919","西文","20130101-","MEDLINE電子期刊"
"36971","Anemia","2090-1267","西文","20121201-20161201","Airiti Library 【華藝中文電子期刊】"
"48659","Anemia","2090-1267","西文","1/1/2013+","ProQuest 【電子期刊】"
"37562","Anesthesia & Analgesia","0003-2999","西文","1957.01-present","OVID 【電子期刊】"
"18193","Anesthesia progress","0003-3006","西文","20040301-","MEDLINE電子期刊"
"45367","Anesthesia Progress","0003-3006","西文","2004-Winter 2023(已延遲 6 個月)","ProQuest 【電子期刊】"
"37563","Anesthesiology","0003-3022","西文","1995.01-present","OVID 【電子期刊】"
"51155","Anesthesiology and Perioperative Science","2731-8389","西文","6/1/2025+","ProQuest 【電子期刊】"
"37870","Anesthesiology Clinics","1932-2275","西文","2007/03-present","ClinicalKey 【電子期刊&電子書】"
"36972","Anesthesiology Research and Practice","1687-6962","西文","20141201-20141201","Airiti Library 【華藝中文電子期刊】"
"47610","Angéiologie","0003-3049","西文","2010-2016","ProQuest 【電子期刊】"
"18194","Angiogenesis","0969-6970","西文","20080301-20151201","MEDLINE電子期刊"
"45368","Angiogenesis","0969-6970","西文","1997-present(已延遲 1 年)","ProQuest 【電子期刊】"
"18195","Angiology","0003-3197","西文","19650901-","MEDLINE電子期刊"
"45369","Angiology","0003-3197","西文","1998-2005","ProQuest 【電子期刊】"
"18196","Animal biotechnology","1049-5398","西文","20010501-","MEDLINE電子期刊"
"18197","Animal cognition","1435-9448","西文","20030601-","MEDLINE電子期刊"
"45370","Animal Cognition","1435-9448","西文","1998-present(已延遲 1 年)","ProQuest 【電子期刊】"
"18198","Animal genetics","0268-9146","西文","19980201-","MEDLINE電子期刊"
"45371","Animal Health Research Reviews","1466-2523","西文","2001-present(已延遲 1 年)","ProQuest 【電子期刊】"
"45372","Animal: an International Journal of Animal Bioscience","1751-7311","西文","2007-2020","ProQuest 【電子期刊】"
"48660","Ankara Universites Tip Fakultesi Mecmuasi = Journal of Ankara University Faculty of Medicine","0365-8104","西文","12/1/2018+","ProQuest 【電子期刊】"
"48427","Annales Francaises de Medecine d'Urgence","2108-6524","西文","2014-present","ProQuest 【電子期刊】"
"47691","Annali di Stomatologia","1824-0852","西文","2012-2018","ProQuest 【電子期刊】"
"38772","Annals of 3D Printed Medicine","2666-9641","西文","2021-present","ClinicalKey 【電子期刊&電子書】"
"48023","Annals of A.I. I. Cuza University. Psychology Series","2069-1386","西文","2013-present","ProQuest 【電子期刊】"
"45373","Annals of African Medicine","1596-3519","西文","2008-present","ProQuest 【電子期刊】"
"37871","Annals of Allergy, Asthma & Immunology","1081-1206","西文","2007/01-present","ClinicalKey 【電子期刊&電子書】"
"45374","Annals of Behavioral Medicine","0883-6612","西文","1997-2017","ProQuest 【電子期刊】"
"45375","Annals of Biomedical Engineering","0090-6964","西文","1997-present(已延遲 1 年)","ProQuest 【電子期刊】"
"45376","Annals of Cardiac Anaesthesia","0971-9784","西文","2008-present","ProQuest 【電子期刊】"
"48661","Annals of Child Neurology Society","2831-3267","西文","3/1/2023+","ProQuest 【電子期刊】"
"48684","Annals of Clinical and Translational Neurology","2328-9503","西文","1/1/2014+","ProQuest 【電子期刊】"
"45377","Annals of Clinical Biochemistry","0004-5632","西文","2001-2006","ProQuest 【電子期刊】"
"18199","Annals of clinical microbiology and antimicrobials","1476-0711","西文","20020101-","MEDLINE電子期刊"
"45378","Annals of Clinical Microbiology and Antimicrobials","1476-0711","西文","2009-present","ProQuest 【電子期刊】"
"45379","Annals of Clinical Psychiatry","1040-1237","西文","1999-2003","ProQuest 【電子期刊】"
"37872","Annals of Diagnostic Pathology","1092-9134","西文","2007/02-present","ClinicalKey 【電子期刊&電子書】"
"18200","Annals of dyslexia","0736-9387","西文","20040601-","MEDLINE電子期刊"
"45380","Annals of Dyslexia","0736-9387","西文","1998-present(已延遲 1 年)","ProQuest 【電子期刊】"
"37873","Annals of Emergency Medicine","0196-0644","西文","2007/01-present","ClinicalKey 【電子期刊&電子書】"
"37874","Annals of Endocrinology (Annales D'Endocrinologie, English Edition)","0003-4266","西文","2007/12-present","ClinicalKey 【電子期刊&電子書】"
"37875","Annals of Epidemiology","1047-2797","西文","2007/01-present","ClinicalKey 【電子期刊&電子書】"
"18201","Annals of family medicine","1544-1709","西文","20030501-","MEDLINE電子期刊"
"37876","Annals of Family Medicine","1544-1709","西文","2008/07-present","ClinicalKey 【電子期刊&電子書】"
"48685","Annals of Gastroenterological Surgery","2475-0328","西文","4/1/2017+","ProQuest 【電子期刊】"
"47232","Annals of General Psychiatry","1744-859X","西文","2009-present","ProQuest 【電子期刊】"
"18202","Annals of hematology","0939-5555","西文","20000101-","MEDLINE電子期刊"
"45381","Annals of Hematology","0939-5555","西文","1999-present(已延遲 1 年)","ProQuest 【電子期刊】"
"38536","Annals of Hepatology","1665-2681","西文","2014-present","ClinicalKey 【電子期刊&電子書】"
"18203","Annals of human biology","0301-4460","西文","19990101-","MEDLINE電子期刊"
"18204","Annals of human genetics","0003-4800","西文","20030101-","MEDLINE電子期刊"
"48519","Annals of Indian Academy of Neurology","0972-2327","西文","2008-present","ProQuest 【電子期刊】"
"47246","Annals of Intensive Care","2110-5820","西文","2011-present","ProQuest 【電子期刊】"
"51731","Annals of Intensive Care","2110-5820","西文","2015-present","ClinicalKey 【電子期刊&電子書】"
"18205","Annals of internal medicine","0003-4819","西文","19651001-","MEDLINE電子期刊"
"45382","Annals of Internal Medicine","0003-4819","西文","2002-2006","ProQuest 【電子期刊】"
"18206","Annals of medicine","0785-3890","西文","20020201-","MEDLINE電子期刊"
"37877","Annals of Medicine and Surgery","2049-0801","西文","2012/01-present","ClinicalKey 【電子期刊&電子書】"
"6549","Annals of Neurology","0364-5134","西文","1999-present","Wiley Online Library(電子期刊)"
"48686","Annals of Noninvasive Electrocardiology (Online)","1542-474X","西文","1/1/2020+","ProQuest 【電子期刊】"
"18207","Annals of noninvasive electrocardiology: the official journal of the International Society for Holter and Noninvasive Electrocardiology, Inc.","1082-720X","西文","20040101-","MEDLINE電子期刊"
"45383","Annals of Nuclear Medicine","0914-7187","西文","1997-2019","ProQuest 【電子期刊】"
"49514","Annals of Nuclear Medicine","0914-7187","西文","1997-present","Springer 【電子期刊】"
"18208","Annals of nutrition & metabolism","0250-6807","西文","19980101-","MEDLINE電子期刊"
"45384","Annals of Nutrition & Metabolism","0250-6807","西文","2001.03-present","ProQuest 【電子期刊】"
"47198","Annals of Occupational and Environmental Medicine","2052-4374","西文","2015-2019","ProQuest 【電子期刊】"
"6903","Annals of Oncology","0923-7534","西文","1990-present訂購年份:-2016","南醫單本訂購期刊"
"45385","Annals of Otology, Rhinology & Laryngology, The","0003-4894","西文","1995-2014","ProQuest 【電子期刊】"
"38718","Annals of Paediatrics (Anales de Pediatría, English Edition)","2341-2879","西文","2014-present","ClinicalKey 【電子期刊&電子書】"
"47612","Annals of Pediatric Cardiology","0974-2069","西文","2008-present","ProQuest 【電子期刊】"
"48687","Annals of Pediatric Surgery","1687-4137","西文","12/1/2019+","ProQuest 【電子期刊】"
"9038","Annals of Pharmacotherapy","1060-0280","英文","1967-present","南醫單本訂購期刊"
"37878","Annals of Physical and Rehabilitation Medicine","1877-0657","西文","2009/02-present","ClinicalKey 【電子期刊&電子書】"
"37564","Annals of Plastic Surgery","0148-7043","西文","2001.01-present","OVID 【電子期刊】"
"48629","Annals of Respiratory Medicine, The","2042-4701","西文","2009-2011","ProQuest 【電子期刊】"
"45386","Annals of Saudi Medicine","0256-4947","西文","2006-2019","ProQuest 【電子期刊】"
"18209","Annals of science","0003-3790","西文","19750101-","MEDLINE電子期刊"
"37565","Annals of Surgery","1528-1140","西文","2000-present","OVID 【電子期刊】"
"47833","Annals of Surgical Innovation and Research","1750-1164","西文","2009-2016","ProQuest 【電子期刊】"
"45387","Annals of Surgical Oncology","1068-9265","西文","1999-present(已延遲 1 年)","ProQuest 【電子期刊】"
"49515","Annals of Surgical Oncology","1068-9265","西文","1997-present","Springer 【電子期刊】"
"45389","Annals of the American Thoracic Society","2329-6933","西文","2014-2019","ProQuest 【電子期刊】"
"8681","Annals of the Rheumatic Diseases","0003-4967","西文","1939-present訂購年份:2016-2026","彰濱單本期刊"
"47810","Annals of the Rheumatic Diseases","0003-4967","西文","1939-present(已延遲 6 個月)","ProQuest 【電子期刊】"
"47834","Annals of the Royal College of Surgeons of England","0035-8843","西文","2006-present (已延遲 219 天)","ProQuest 【電子期刊】"
"48280","Annals of Thoracic Medicine","1817-1737","西文","2008-present","ProQuest 【電子期刊】"
"37879","Annals of Thoracic Surgery","0003-4975","西文","2007-present","ClinicalKey 【電子期刊&電子書】"
"38702","Annals of Thoracic Surgery Short Reports","2772-9931","西文","2023-present","ClinicalKey 【電子期刊&電子書】"
"18210","Annals of tropical medicine and parasitology","0003-4983","西文","19970101-20081201","MEDLINE電子期刊"
"47171","Annals of Tropical Medicine and Public Health","1755-6783","西文","2008-2018","ProQuest 【電子期刊】"
"18211","Annals of tropical paediatrics","0272-4936","西文","19990301-20111201","MEDLINE電子期刊"
"37880","Annals of Vascular Surgery","0890-5096","西文","2007/01-present","ClinicalKey 【電子期刊&電子書】"
"38594","Annals of Vascular Surgery - Brief Reports and Innovations","2772-6878","西文","2021-present","ClinicalKey 【電子期刊&電子書】"
"48024","Annual of Psychoanalysis, The","0092-5055","西文","2003-2004","ProQuest 【電子期刊】"
"18212","Annual review of biochemistry","0066-4154","西文","19970701-20050701","MEDLINE電子期刊"
"45390","Annual Review of Biochemistry","0066-4154","西文","1998-2005","ProQuest 【電子期刊】"
"18213","Annual review of biomedical engineering","1523-9829","西文","19990801-20050801","MEDLINE電子期刊"
"18214","Annual review of biophysics and biomolecular structure","1056-8700","西文","19970601-20050601","MEDLINE電子期刊"
"45391","Annual Review of Biophysics and Biomolecular Structure","1056-8700","西文","1998-2005","ProQuest 【電子期刊】"
"18215","Annual review of cell and developmental biology","1081-0706","西文","19961101-20051101","MEDLINE電子期刊"
"45392","Annual Review of Cell and Developmental Biology","1081-0706","西文","1997-2005","ProQuest 【電子期刊】"
"48025","Annual Review of Clinical Psychology","1548-5943","西文","2005","ProQuest 【電子期刊】"
"18216","Annual review of entomology","0066-4170","西文","19970101-20050101","MEDLINE電子期刊"
"45393","Annual Review of Entomology","0066-4170","西文","1998-2005","ProQuest 【電子期刊】"
"18217","Annual review of genetics","0066-4197","西文","19701201-20051201","MEDLINE電子期刊"
"45394","Annual Review of Genetics","0066-4197","西文","1996-2005","ProQuest 【電子期刊】"
"18218","Annual review of genomics and human genetics","1527-8204","西文","20000901-20050901","MEDLINE電子期刊"
"47124","Annual Review of Gerontology & Geriatrics","0198-8794","西文","2004-2017","ProQuest 【電子期刊】"
"18219","Annual review of immunology","0732-0582","西文","19960401-20050401","MEDLINE電子期刊"
"45395","Annual Review of Immunology","0732-0582","西文","1997-2005","ProQuest 【電子期刊】"
"18220","Annual review of medicine","0066-4219","西文","19960201-20050201","MEDLINE電子期刊"
"45396","Annual Review of Medicine","0066-4219","西文","1998-2005","ProQuest 【電子期刊】"
"18221","Annual review of microbiology","0066-4227","西文","19961001-20051001","MEDLINE電子期刊"
"45397","Annual Review of Microbiology","0066-4227","西文","1997-2004","ProQuest 【電子期刊】"
"18222","Annual review of neuroscience","0147-006X","西文","19970701-20050701","MEDLINE電子期刊"
"45398","Annual Review of Neuroscience","0147-006X","西文","1997-2005","ProQuest 【電子期刊】"
"45399","Annual Review of Nursing Research","0739-6686","西文","2005-2017","ProQuest 【電子期刊】"
"18223","Annual review of nutrition","0199-9885","西文","19970101-20050801","MEDLINE電子期刊"
"45400","Annual Review of Nutrition","0199-9885","西文","1997-2005","ProQuest 【電子期刊】"
"18224","Annual review of pharmacology and toxicology","0362-1642","西文","19970201-20050201","MEDLINE電子期刊"
"45401","Annual Review of Pharmacology and Toxicology","0362-1642","西文","1997-2005","ProQuest 【電子期刊】"
"18225","Annual review of physical chemistry","0066-426X","西文","19960501-20050501","MEDLINE電子期刊"
"45402","Annual Review of Physical Chemistry","0066-426X","西文","1998-2005","ProQuest 【電子期刊】"
"18226","Annual review of physiology","0066-4278","西文","19970301-20050301","MEDLINE電子期刊"
"45403","Annual Review of Physiology","0066-4278","西文","1998-2005","ProQuest 【電子期刊】"
"18227","Annual review of phytopathology","0066-4286","西文","20010901-20050901","MEDLINE電子期刊"
"45404","Annual Review of Phytopathology","0066-4286","西文","1998-2005","ProQuest 【電子期刊】"
"18228","Annual review of plant biology","1543-5008","西文","20020601-20050601","MEDLINE電子期刊"
"45405","Annual Review of Plant Biology","1543-5008","西文","1998-2005","ProQuest 【電子期刊】"
"18229","Annual review of psychology","0066-4308","西文","19660201-20050201","MEDLINE電子期刊"
"45406","Annual Review of Psychology","0066-4308","西文","1993-2005","ProQuest 【電子期刊】"
"18230","Annual review of public health","0163-7525","西文","19970401-20050401","MEDLINE電子期刊"
"45407","Annual Review of Public Health","0163-7525","西文","1997-2005","ProQuest 【電子期刊】"
"18231","Annual review of sex research","1053-2528","西文","19991201-20051201","MEDLINE電子期刊"
"45408","Annual Review of Sex Research","1053-2528","西文","1997-2007","ProQuest 【電子期刊】"
"46795","Anthropological Review","1898-6773","西文","2007-2021","ProQuest 【電子期刊】"
"37566","Anti-Cancer Drugs","0959-4973","西文","2000.01-present","OVID 【電子期刊】"
"51156","Antibody Therapeutics","","西文","6/1/2018+","ProQuest 【電子期刊】"
"51157","Anticancer Research","0250-7005","西文","1/1/2018+","ProQuest 【電子期刊】"
"47199","Antimicrobial Resistance and Infection Control","2047-2994","西文","2015-present","ProQuest 【電子期刊】"
"48688","Antimicrobial Stewardship and Healthcare Epidemiology","2732-494X","西文","1/1/2021+","ProQuest 【電子期刊】"
"48689","Antiviral Chemistry & Chemotherapy","0956-3202","西文","2/1/1990+","ProQuest 【電子期刊】"
"45409","Antonie van Leeuwenhoek","0003-6072","西文","1997-present(已延遲 1 年)","ProQuest 【電子期刊】"
"18232","Anxiety","1070-9797","西文","19940201-19961201","MEDLINE電子期刊"
"48690","AORN Journal","0001-2092","西文","1/1/1998+","ProQuest 【電子期刊】"
"37847","AORN Journal (2007-2017)","0001-2092","西文","2007-2017","ClinicalKey 【電子期刊&電子書】"
"38488","AORN Journal (2018-)","1878-0369","西文","2018.01-present","ClinicalKey 【電子期刊&電子書】"
"18233","APMIS: acta pathologica, microbiologica, et immunologica Scandinavica","0903-4641","西文","20020801-","MEDLINE電子期刊"
"45410","Apoptosis : An International Journal on Programmed Cell Death","1360-8185","西文","1997-present(已延遲 1 年)","ProQuest 【電子期刊】"
"18234","Apoptosis: an international journal on programmed cell death","1360-8185","西文","20000201-","MEDLINE電子期刊"
"37378","Applied and Environmental Soil Science","1687-7667","西文","20091201-20161201","Airiti Library 【華藝中文電子期刊】"
"45411","Applied Biochemistry and Biotechnology","0273-2289","西文","1997-present(已延遲 1 年)","ProQuest 【電子期刊】"
"46836","Applied Biochemistry and Microbiology","0003-6838","西文","2000-2018","ProQuest 【電子期刊】"
"47253","Applied Clinical Trials","1064-8542","西文","2006-present","ProQuest 【電子期刊】"
"45412","Applied Health Economics and Health Policy","1175-5652","西文","2008-present(已延遲 1 年)","ProQuest 【電子期刊】"
"37567","Applied Immunohistochemistry & Molecular Morphology","1541-2016","西文","2003.05-present","OVID 【電子期刊】"
"47177","Applied Medical Informatics","1224-5593","西文","2009-present","ProQuest 【電子期刊】"
"18235","Applied microbiology and biotechnology","0175-7598","西文","20000101-","MEDLINE電子期刊"
"45413","Applied Microbiology and Biotechnology","0175-7598","西文","1997-present(已延遲 1 年)","ProQuest 【電子期刊】"
"18236","Applied neuropsychology","0908-4282","西文","19990301-20111201","MEDLINE電子期刊"
"18237","Applied neuropsychology. Adult","2327-9095","西文","20120101-","MEDLINE電子期刊"
"47240","Applied Psycholinguistics","0142-7164","西文","2001-present(已延遲 1 年)","ProQuest 【電子期刊】"
"18238","Applied psychophysiology and biofeedback","1090-0586","西文","19971201-","MEDLINE電子期刊"
"45414","Applied Psychophysiology and Biofeedback","1090-0586","西文","1997-present(已延遲 1 年)","ProQuest 【電子期刊】"
"48607","Applied Radiology","0160-9963","西文","2004-present","ProQuest 【電子期刊】"
"38811","Apunts Sports Medicine","2666-5069","西文","2020-present","ClinicalKey 【電子期刊&電子書】"
"51158","Apunts. Educació Física i Esports","0214-8757","西文","4/1/2010+","ProQuest 【電子期刊】"
"46934","Aquatic Biosystems","2046-9063","西文","2009-2015","ProQuest 【電子期刊】"
"6904","Arab Journal of Urology(免費)","","","","南醫單本訂購期刊"
"37367","Archaea","1472-3646","西文","20021201-20171201","Airiti Library 【華藝中文電子期刊】"
"45415","Archaea","1472-3646","西文","2010-present","ProQuest 【電子期刊】"
"18239","Architectural record","0003-858X","西文","20010101-","MEDLINE電子期刊"
"45416","Archives de l'Institut Pasteur de Tunis","0020-2509","西文","2008-2015","ProQuest 【電子期刊】"
"48026","Archives de Psychologie","0003-9640","西文","2006-2009","ProQuest 【電子期刊】"
"18240","Archives of andrology","0148-5016","西文","19990101-20071201","MEDLINE電子期刊"
"18241","Archives of animal nutrition","1745-039X","西文","20040201-","MEDLINE電子期刊"
"38765","Archives of Bronchology (Archivos de Bronconeumología, English Edition)","0300-2896","西文","2008-present","ClinicalKey 【電子期刊&電子書】"
"37881","Archives of Cardiovascular Diseases","1875-2136","西文","2008/01-present","ClinicalKey 【電子期刊&電子書】"
"18242","Archives of dermatological research","0340-3696","西文","20000101-","MEDLINE電子期刊"
"45417","Archives of Dermatological Research","0340-3696","西文","2002-present","ProQuest 【電子期刊】"
"49516","Archives of Dermatological Research","0340-3696","西文","1997-present","Springer 【電子期刊】"
"48473","Archives of Disease in Childhood","0003-9888","西文","1926-present(已延遲 6 個月)","ProQuest 【電子期刊】"
"48474","Archives of Disease in Childhood. Fetal and Neonatal Edition","1359-2998","西文","1997-present (已延遲 6 個月)","ProQuest 【電子期刊】"
"48475","Archives of Disease in Childhood. Education and Practice Edition","1743-0585","西文","2004-present (已延遲 6 個月)","ProQuest 【電子期刊】"
"47835","Archives of Emergency Medicine","0264-4924","西文","1984-1993","ProQuest 【電子期刊】"
"18243","Archives of environmental & occupational health","1933-8244","西文","20050101-","MEDLINE電子期刊"
"45418","Archives of Environmental & Occupational Health","1933-8244","西文","1996-2010","ProQuest 【電子期刊】"
"18244","Archives of environmental contamination and toxicology","0090-4341","西文","20000101-","MEDLINE電子期刊"
"45419","Archives of Environmental Contamination and Toxicology","0090-4341","西文","1997-present(已延遲 1 年)","ProQuest 【電子期刊】"
"18245","Archives of environmental health","0003-9896","西文","19731001-20041201","MEDLINE電子期刊"
"48691","Archives of Epilepsy","2792-0550","西文","1/1/2020-9/1/2021","ProQuest 【電子期刊】"
"37882","Archives of Gerontology and Geriatrics","0167-4943","西文","2007/01-present","ClinicalKey 【電子期刊&電子書】"
"38769","Archives of Gerontology and Geriatrics Plus","2950-3078","西文","2024-present","ClinicalKey 【電子期刊&電子書】"
"18246","Archives of gynecology and obstetrics","0932-0067","西文","20000101-","MEDLINE電子期刊"
"48692","Archives of Gynecology and Obstetrics","0932-0067","西文","1/1/1997+","ProQuest 【電子期刊】"
"45423","Archives of Iranian Medicine","1029-2977","西文","2010-present","ProQuest 【電子期刊】"
"37883","Archives of Medical Research","0188-4409","西文","2007/01-present","ClinicalKey 【電子期刊&電子書】"
"47165","Archives of Medical Science","1734-1922","西文","2005-2020","ProQuest 【電子期刊】"
"18247","Archives of microbiology","0302-8933","西文","20000101-","MEDLINE電子期刊"
"45424","Archives of Microbiology","0302-8933","西文","2002-present(已延遲 1 年)","ProQuest 【電子期刊】"
"37884","Archives of Oral Biology","0003-9969","西文","2007/01-present","ClinicalKey 【電子期刊&電子書】"
"18248","Archives of orthopaedic and trauma surgery","0936-8051","西文","20000101-","MEDLINE電子期刊"
"48693","Archives of Orthopaedic and Trauma Surgery","0936-8051","西文","1/1/1997+","ProQuest 【電子期刊】"
"49518","Archives of Osteoporosis","1862-3522","西文","2006-present","Springer 【電子期刊】"
"51159","Archives of Osteoporosis","1862-3522","西文","12/1/2023+","ProQuest 【電子期刊】"
"18249","Archives of pathology & laboratory medicine","0003-9985","西文","20030101-","MEDLINE電子期刊"
"45428","Archives of Pathology & Laboratory Medicine","0003-9985","西文","1996-present","ProQuest 【電子期刊】"
"49519","Archives of Pharmacal Research","0253-6269","西文","1997-present","Springer 【電子期刊】"
"47926","Archives of Pharmacy Practice","2320-5210","西文","2010-2017","ProQuest 【電子期刊】"
"37885","Archives of Physical Medicine and Rehabilitation","0003-9993","西文","2007/01-present","ClinicalKey 【電子期刊&電子書】"
"18250","Archives of physiology and biochemistry","1381-3455","西文","19980201-","MEDLINE電子期刊"
"48497","Archives of Physiotherapy","2057-0082","西文","2015-present","ProQuest 【電子期刊】"
"48694","Archives of Psychiatry Research","2671-1079","西文","7/1/2005-5/1/2018","ProQuest 【電子期刊】"
"18251","Archives of sexual behavior","0004-0002","西文","20040201-","MEDLINE電子期刊"
"45430","Archives of Sexual Behavior","0004-0002","西文","1992-present (已延遲 1 年)","ProQuest 【電子期刊】"
"37886","Archives of the Spanish Society for Ophthalmology (Archivos de la Sociedad Espa?ola de Oftalmolog?a, English Edition)","2173-5794","西文","2011/01-present","ClinicalKey 【電子期刊&電子書】"
"18252","Archives of toxicology","0340-5761","西文","20000101-","MEDLINE電子期刊"
"45432","Archives of Toxicology. Archiv für Toxikologie","0340-5761","西文","2002-present(已延遲 1 年)","ProQuest 【電子期刊】"
"18253","Archives of virology","0304-8608","西文","20000101-","MEDLINE電子期刊"
"45433","Archives of Virology","0304-8608","西文","2002-present (已延遲 1 年)","ProQuest 【電子期刊】"
"18254","Archives of women's mental health","1434-1816","西文","20020801-","MEDLINE電子期刊"
"45434","Archives of Women's Mental Health","1434-1816","西文","2001-present(已延遲 1 年)","ProQuest 【電子期刊】"
"49520","Archives of Women's Mental Health","1434-1816","西文","1998-present","Springer 【電子期刊】"
"45435","Archivos Latinoamericanos de Nutrición","0004-0622","西文","2006-present","ProQuest 【電子期刊】"
"45436","Archivum Immunologiae et Therapiae Experimentalis","0004-069X","西文","2006-2018","ProQuest 【電子期刊】"
"48079","Ardell Wellness Report, The","0882-0171","西文","2005","ProQuest 【電子期刊】"
"51160","Area Pediatrica","1591-0075","西文","1/1/2016+","ProQuest 【電子期刊】"
"45437","Arhiv Za Higijenu Rada i Toksikologiju","0004-1254","西文","2007-present","ProQuest 【電子期刊】"
"48288","Arizona Nurse","0004-1599","西文","1998-present","ProQuest 【電子期刊】"
"37568","Arteriosclerosis, Thrombosis & Vascular Biology","1079-5642","西文","1995.01-present","OVID 【電子期刊】"
"37887","Artery Research","1872-9312","西文","2007/06-present","ClinicalKey 【電子期刊&電子書】"
"48695","Artery Research","1872-9312","西文","3/1/2021+","ProQuest 【電子期刊】"
"36973","Arthritis","2090-1984","西文","20111201-20161201","Airiti Library 【華藝中文電子期刊】"
"6625","Arthritis & Rheumatology(舊名為:Arthritis & Rheumatism)","2326-5205","西文","1999-present","Wiley Online Library(電子期刊)"
"51056","Arthritis Care & Research","2151-4658","西文","1999-present","Wiley Online Library(電子期刊)"
"45438","Arthritis Research & Therapy; London","1478-6354","西文","2015 - present","ProQuest 【電子期刊】"
"48696","Arthroplasty","2524-7948","西文","1/1/2019+","ProQuest 【電子期刊】"
"37888","Arthroplasty Today","2352-3441","西文","2015.03-present","ClinicalKey 【電子期刊&電子書】"
"38507","Arthroscopy Techniques","2212-6287","西文","2013.02-present","ClinicalKey 【電子期刊&電子書】"
"51763","Arthroscopy Techniques","2212-6287","西文","2012-present","Wiley Online Library(電子期刊)"
"38550","Arthroscopy, Sports Medicine, and Rehabilitation","2666-061X","西文","2019-present","ClinicalKey 【電子期刊&電子書】"
"37889","Arthroscopy: The Journal of Arthroscopic and Related Surgery","0749-8063","西文","2007/01-2025","ClinicalKey 【電子期刊&電子書】"
"49521","Arthroskopie","0933-7946","西文","1998-present","Springer 【電子期刊】"
"18255","Artificial cells, blood substitutes, and immobilization biotechnology","1073-1199","西文","20010101-20121201","MEDLINE電子期刊"
"18256","Artificial cells, nanomedicine, and biotechnology","2169-1401","西文","20130201-","MEDLINE電子期刊"
"51733","Artificial Intelligence in Emergency Medicine","3051-2883","西文","2026-present","ClinicalKey 【電子期刊&電子書】"
"37890","Artificial Intelligence in Medicine","0933-3657","西文","2007/01-present","ClinicalKey 【電子期刊&電子書】"
"18257","Artificial life","1064-5462","西文","19970101-","MEDLINE電子期刊"
"18258","Artificial organs","0160-564X","西文","19980101-","MEDLINE電子期刊"
"47613","ARYA Atherosclerosis","1735-3955","西文","2009-present","ProQuest 【電子期刊】"
"18259","Arzneimittel-Forschung","0004-4172","西文","19990101-20111201","MEDLINE電子期刊"
"37816","ASA Refresher Courses in Anesthesiology","0363-471X","西文","1973-2015","OVID 【電子期刊】"
"37545","ASAIO Journal","1058-2916","西文","2000-present","OVID 【電子期刊】"
"48697","Asbestos HUB [BLOG]","","西文","7/26/2018+","ProQuest 【電子期刊】"
"47056","ASHA Leader","1085-9586","西文","2002-2022","ProQuest 【電子期刊】"
"46802","Asia Oceania Journal of Nuclear Medicine and Biology","2322-5718","西文","2013-present","ProQuest 【電子期刊】"
"49900","Asia Pacific Dental Journal","","西文","20210801-present","Airiti Library 【華藝中文電子期刊】"
"47178","Asia Pacific Family Medicine","1444-1683","西文","2009-present","ProQuest 【電子期刊】"
"18260","Asia Pacific journal of clinical nutrition","0964-7058","西文","20010201-","MEDLINE電子期刊"
"35951","Asia Pacific Journal of Clinical Nutrition","0964-7058","西文","20070101-present","Airiti Library 【華藝中文電子期刊】"
"45439","Asia Pacific Journal of Clinical Nutrition","0964-7058","西文","2005-present","ProQuest 【電子期刊】"
"48352","Asia Pacific Journal of Oncology & Hematology","1759-6637","西文","2009-2010","ProQuest 【電子期刊】"
"37403","Asia Pacific Journal of Pain","","西文","20220128-present","Airiti Library 【華藝中文電子期刊】"
"48698","Asia Pacific Scholar, The","2424-9335","西文","6/1/2016+","ProQuest 【電子期刊】"
"37569","Asia-Pacific Journal of Ophthalmology","2162-0989","西文","2012-2023","OVID 【電子期刊】"
"38781","Asia-Pacific Journal of Ophthalmology","2162-0989","西文","2012-present","ClinicalKey 【電子期刊&電子書】"
"38691","Asia-Pacific Journal of Sports Medicine, Arthroscopy, Rehabilitation and Technology","2214-6873","西文","2014-present","ClinicalKey 【電子期刊&電子書】"
"37416","Asian Aspects of Periodontology and Implantology","","西文","20171001-20171001","Airiti Library 【華藝中文電子期刊】"
"46870","Asian Bioethics Review","1793-8759","西文","2008-present","ProQuest 【電子期刊】"
"47234","Asian Hospital & Healthcare Management","","西文","2012-2017","ProQuest 【電子期刊】"
"35952","Asian Journal of Agricultural Sciences","2041-3890","西文","20030301-20100701","Airiti Library 【華藝中文電子期刊】"
"18261","Asian journal of andrology","1008-682X","西文","20050301-","MEDLINE電子期刊"
"45440","Asian Journal of Andrology","1008-682X","西文","2005-present","ProQuest 【電子期刊】"
"37415","Asian Journal of Anesthesiology","2468-824X","西文","20180301-present","Airiti Library 【華藝中文電子期刊】"
"37446","Asian Journal of Health and Information Sciences","1994-3202","西文","20060401-20090901","Airiti Library 【華藝中文電子期刊】"
"37357","Asian Journal of Management Studies","","西文","20140601-20181201","Airiti Library 【華藝中文電子期刊】"
"35953","Asian Journal of Medical Sciences","2040-8773","西文","20040428-20100828","Airiti Library 【華藝中文電子期刊】"
"48353","Asian Journal of Oncology","2454-6798","西文","2015-2018","ProQuest 【電子期刊】"
"48699","Asian Journal of Pharmaceutical Analysis","2231-5667","西文","9/1/2012+","ProQuest 【電子期刊】"
"48700","Asian Journal of Pharmaceutical Research","2231-5683","西文","9/1/2012+","ProQuest 【電子期刊】"
"48701","Asian Journal of Pharmacy and Technology","2231-5705","西文","9/1/2012+","ProQuest 【電子期刊】"
"37891","Asian Journal of Psychiatry","1876-2018","西文","2008/09-present","ClinicalKey 【電子期刊&電子書】"
"48702","Asian Journal of Research in Pharmaceutical Science","2231-5640","西文","9/1/2012+","ProQuest 【電子期刊】"
"47244","Asian Journal of Sports Medicine","2008-000X","西文","2010-present","ProQuest 【電子期刊】"
"37892","Asian Journal of Surgery","1015-9584","西文","2007/01-present","ClinicalKey 【電子期刊&電子書】"
"48268","Asian Journal of Transfusion Science","0973-6247","西文","2008-present","ProQuest 【電子期刊】"
"51748","Asian Journal of Urology","2214-3882","西文","2016-present","ClinicalKey 【電子期刊&電子書】"
"6905","Asian Journal of Urology(免費)","","","","南醫單本訂購期刊"
"45441","Asian Nursing Research","1976-1317","西文","2007-present","ProQuest 【電子期刊】"
"45442","Asian Pacific Journal of Allergy and Immunology","0125-877X","西文","1990-present","ProQuest 【電子期刊】"
"48703","Asian Spine Journal","1976-1902","西文","6/1/2007-8/1/2022","ProQuest 【電子期刊】"
"38693","Aspects of Molecular Medicine","2949-6888","西文","2023-present","ClinicalKey 【電子期刊&電子書】"
"47008","Association Management","0004-5578","西文","1992-2005","ProQuest 【電子期刊】"
"47205","Association Medical Journal","2041-9996","西文","1853-1856","ProQuest 【電子期刊】"
"48630","Asthma Research and Practice","2054-7064","西文","2015-present","ProQuest 【電子期刊】"
"48631","Atemwegs- und Lungenkrankheiten","0341-3055","西文","2011-present","ProQuest 【電子期刊】"
"37893","Atherosclerosis","0021-9150","西文","2007/01-present","ClinicalKey 【電子期刊&電子書】"
"38639","Atherosclerosis Plus","2667-0895","西文","2021-present","ClinicalKey 【電子期刊&電子書】"
"51161","Athletic Insight","2374-0531","西文","1/1/2012-9/1/2015","ProQuest 【電子期刊】"
"47823","Athletic Training & Sports Health Care","1942-5864","西文","2009-present","ProQuest 【電子期刊】"
"37894","Atlas of the Oral and Maxillofacial Surgery Clinics of North America","1061-3315","西文","2007/03-present","ClinicalKey 【電子期刊&電子書】"
"18262","Attachment & human development","1461-6734","西文","20000401-","MEDLINE電子期刊"
"45444","Attention, Perception and Psychophysics","1943-3921","西文","2011-present","ProQuest 【電子期刊】"
"45446","Audiology","0020-6091","西文","1994-2001","ProQuest 【電子期刊】"
"18263","Audiology & neuro-otology","1420-3030","西文","20050101-","MEDLINE電子期刊"
"45447","Audiology & Neurotology","1420-3030","西文","1998-2015","ProQuest 【電子期刊】"
"48704","Audiology Research","2039-4349","西文","1/1/2020+","ProQuest 【電子期刊】"
"47263","Augmentative and Alternative Communication","0743-4618","西文","1998-2001","ProQuest 【電子期刊】"
"51162","Augmented Human Research","2365-4317","西文","12/1/2023+","ProQuest 【電子期刊】"
"37895","Auris Nasus Larynx","0385-8146","西文","2008/03-present","ClinicalKey 【電子期刊&電子書】"
"46803","Australasian Biotechnology","1036-7128","西文","2004-2007","ProQuest 【電子期刊】"
"48027","Australasian Journal of Organisational Psychology, The","2054-2232","西文","2011-2017","ProQuest 【電子期刊】"
"47087","Australasian Journal of Special and Inclusive Education","2515-0731","西文","2011-present(已延遲 1 年)","ProQuest 【電子期刊】"
"45448","Australasian Medical Journal (Online); Floreat","","西文","2008-present","ProQuest 【電子期刊】"
"18264","Australasian physical & engineering sciences in medicine / supported by the Australasian College of Physical Scientists in Medicine and the...","0158-9938","西文","20080601-","MEDLINE電子期刊"
"18265","Australasian psychiatry: bulletin of Royal Australian and New Zealand College of Psychiatrists","1039-8562","西文","20040301-20111201","MEDLINE電子期刊"
"18266","Australasian radiology","0004-8461","西文","19980201-20080101","MEDLINE電子期刊"
"18267","Australian and New Zealand journal of ophthalmology","0814-9763","西文","19990201-19991201","MEDLINE電子期刊"
"18268","Australian and New Zealand journal of public health","1326-0200","西文","20071201-","MEDLINE電子期刊"
"38707","Australian and New Zealand Journal of Public Health","1326-0200","西文","2012-present","ClinicalKey 【電子期刊&電子書】"
"45458","Australian and New Zealand Journal of Public Health; Richmond","1326-0200","西文","1997-2001","ProQuest 【電子期刊】"
"45450","Australian Critical Care","1036-7314","西文","2005-2007","ProQuest 【電子期刊】"
"45451","Australian Dental Journal","0045-0421","西文","2005-2007","ProQuest 【電子期刊】"
"47264","Australian Doctor","1039-7116","西文","2005-2010","ProQuest 【電子期刊】"
"45453","Australian Health Review","0156-5788","西文","2004-present","ProQuest 【電子期刊】"
"45454","Australian Journal of Advanced Nursing","0813-0531","西文","2003-2007","ProQuest 【電子期刊】"
"45455","Australian Journal of Advanced Nursing (Online)","1447-4328","西文","2007-present","ProQuest 【電子期刊】"
"48279","Australian Journal of Clinical Hypnotherapy and Hypnosis","0810-0713","西文","1999-2020","ProQuest 【電子期刊】"
"47265","Australian Journal of General Practice","2208-7958","西文","2005-present","ProQuest 【電子期刊】"
"48705","Australian Journal of Herbal and Naturopathic Medicine","2209-119X","西文","3/1/2013+","ProQuest 【電子期刊】"
"48462","Australian Journal of Oto - Laryngology","1037-2105","西文","1998-2005","ProQuest 【電子期刊】"
"45456","Australian Journal of Primary Health; Collingwood","1448-7527","西文","2014-present","ProQuest 【電子期刊】"
"47088","Australian Journal of Rehabilitation Counselling, The","1323-8922","西文","2011-present","ProQuest 【電子期刊】"
"47897","Australian Military Medicine","1443-7058","西文","2005","ProQuest 【電子期刊】"
"45457","Australian Nursing and Midwifery Journal","2202-7114","西文","1998-present","ProQuest 【電子期刊】"
"48706","Australian Prescriber","0312-8008","西文","2/1/1999-12/1/2022","ProQuest 【電子期刊】"
"48707","Australian Prescriber Podcast","","西文","7/11/2017-12/2/2022","ProQuest 【電子期刊】"
"48708","Authentic Medicine [BLOG]","","西文","7/21/2018+","ProQuest 【電子期刊】"
"48520","Autism Insights","1179-5964","西文","2009-2014","ProQuest 【電子期刊】"
"36974","Autism Research and Treatment","2090-1925","西文","20141201-20141201","Airiti Library 【華藝中文電子期刊】"
"36975","Autoimmune Diseases","2090-0430","西文","20141201-20141201","Airiti Library 【華藝中文電子期刊】"
"48709","Autoimmune Diseases","2090-0422","西文","1/1/2013+","ProQuest 【電子期刊】"
"18269","Autoimmunity","0891-6934","西文","20020101-","MEDLINE電子期刊"
"37896","Autoimmunity Reviews","1568-9972","西文","2007/01-present","ClinicalKey 【電子期刊&電子書】"
"18270","Autonomic & autacoid pharmacology","1474-8665","西文","20020201-20170901","MEDLINE電子期刊"
"37897","Autonomic Neuroscience: Basic and Clinical","1566-0702","西文","2007/1/30-present","ClinicalKey 【電子期刊&電子書】"
"46954","Avian Pathology","0307-9457","西文","1997-2000","ProQuest 【電子期刊】"
"18271","Avian pathology: journal of the W.V.P.A","0307-9457","西文","20020201-","MEDLINE電子期刊"
"48710","Ayu","0974-8520","西文","1/1/2010-7/1/2023","ProQuest 【電子期刊】"
"49581","Die Anaesthesiologie","2731-6858","西文","1997-present","Springer 【電子期刊】"
"19288","The aging male: the official journal of the International Society for the Study of the Aging Male","1368-5538","西文","20030301-","MEDLINE電子期刊"
"36062","The American Fern Journal","0002-8444","西文","19750401-20120701","Airiti Library 【華藝中文電子期刊】"
"19236","The American heart hospital journal","1541-9215","西文","20030101-20080101","MEDLINE電子期刊"
"19037","The American journal of bioethics: AJOB","1526-5161","西文","20010101-","MEDLINE電子期刊"
"19187","The American journal of drug and alcohol abuse","0095-2990","西文","19930301-","MEDLINE電子期刊"
"18997","The American journal of gastroenterology","0002-9270","西文","20040101-20151001","MEDLINE電子期刊"
"19237","The American journal of geriatric cardiology","1076-7460","西文","20030101-20080101","MEDLINE電子期刊"
"38803","The American Journal of Geriatric Psychiatry: Open Science, Education, and Practice","2950-3868","西文","2024-present","ClinicalKey 【電子期刊&電子書】"
"20207","The American Journal of Occupational Therapy(AJOT)","0272-9490‎","英文","1980-present","南醫單本訂購期刊"
"19266","The American journal of tropical medicine and hygiene","0002-9637","西文","20081101-","MEDLINE電子期刊"
"18869","The American journal on addictions / American Academy of Psychiatrists in Alcoholism and Addictions","1055-0496","西文","19990101-","MEDLINE電子期刊"
"19203","The American surgeon","0003-1348","西文","19950101-","MEDLINE電子期刊"
"20011","The Annals of Thoracic Surgery(南醫2025年起停訂)","0003-4975","英文","2004-present","南醫單本訂購期刊"
"18966","The Australasian journal of dermatology","0004-8380","西文","19670601-","MEDLINE電子期刊"
"18941","The Australian journal of experimental biology and medical science","0004-945X","西文","19650801-19861201","MEDLINE電子期刊"
"19263","The Australian journal of rural health","1038-5282","西文","19980801-","MEDLINE電子期刊"
"37570","BackLetter","0894-7376","西文","2004.01-present","OVID 【電子期刊】"
"48711","Bagcılar Medical Bulletin = Bağcılar Tıp Bülteni","2547-9431","西文","3/1/2019+","ProQuest 【電子期刊】"
"48712","Bakirkoy Tip Dergisi","1305-9319","西文","3/1/2019-12/1/2019","ProQuest 【電子期刊】"
"47125","Balance","1094-6195","西文","2000-2001","ProQuest 【電子期刊】"
"46905","Balkan Journal of Medical Genetics","1311-0160","西文","2007-present","ProQuest 【電子期刊】"
"48714","Balkan Medical Journal","2146-3123","西文","1/1/2018-1/1/2019","ProQuest 【電子期刊】"
"47991","Baltic Journal of Health and Physical Activity","2080-1297","西文","2009-2014","ProQuest 【電子期刊】"
"47657","Bangladesh Journal of Infectious Diseases","2411-4820","西文","2014-present","ProQuest 【電子期刊】"
"47266","Bangladesh Journal of Medical Science","2223-4721","西文","2009-present","ProQuest 【電子期刊】"
"18272","Bangladesh Medical Research Council bulletin","0377-9238","西文","20080801-","MEDLINE電子期刊"
"48215","Barron's National Business and Financial Weekly (1942-1987)","0005-6073","西文","1942-1987","ProQuest 【電子期刊】"
"18273","Basic & clinical pharmacology & toxicology","1742-7835","西文","20040101-","MEDLINE電子期刊"
"47869","Basic and Clinical Andrology","2051-4190","西文","2015-present","ProQuest 【電子期刊】"
"18274","Basic research in cardiology","0300-8428","西文","20000101-","MEDLINE電子期刊"
"45517","Basic Research in Cardiology","0300-8428","西文","2002-present","ProQuest 【電子期刊】"
"49522","Basic Research in Cardiology","0300-8428","西文","1997-present","Springer 【電子期刊】"
"47267","Baylor University Medical Center. Proceedings","0899-8280","西文","2000-present","ProQuest 【電子期刊】"
"47692","BDJ Open","2056-807X","西文","2015-present","ProQuest 【電子期刊】"
"47693","BDJ Team","2054-7617","西文","2014-present","ProQuest 【電子期刊】"
"18275","Behavior genetics","0001-8244","西文","19970101-","MEDLINE電子期刊"
"45518","Behavior Genetics","0001-8244","西文","1997-present","ProQuest 【電子期刊】"
"45519","Behavior Research Methods","1554-351X","西文","2003-2010","ProQuest 【電子期刊】"
"45520","Behavior Research Methods (Online)","1554-3528","西文","2011-2014","ProQuest 【電子期刊】"
"37898","Behavior Therapy","0005-7894","西文","2007/03-present","ClinicalKey 【電子期刊&電子書】"
"45523","Behavioral and Brain Functions","1744-9081","西文","2009-present","ProQuest 【電子期刊】"
"45524","Behavioral and Brain Sciences","0140-525X","西文","2001-present(已延遲 1 年)","ProQuest 【電子期刊】"
"47104","Behavioral Ecology and Sociobiology","0340-5443","西文","2003-present(已延遲 1 年)","ProQuest 【電子期刊】"
"47063","Behavioral Health Management","1075-6701","西文","1994-2005","ProQuest 【電子期刊】"
"45521","Behavioral Healthcare","1931-7093","西文","2006-present","ProQuest 【電子期刊】"
"18276","Behavioral medicine","0896-4289","西文","19940101-","MEDLINE電子期刊"
"45522","Behavioral Medicine","0896-4289","西文","1997-2010","ProQuest 【電子期刊】"
"48130","Behavioral Science","0005-7940","西文","1995-1996","ProQuest 【電子期刊】"
"18277","Behavioral sciences & the law","0735-3936","西文","19910101-","MEDLINE電子期刊"
"18278","Behavioral sleep medicine","1540-2002","西文","20030301-","MEDLINE電子期刊"
"45526","Behavioural and Cognitive Psychotherapy","1352-4658","西文","2001-present","ProQuest 【電子期刊】"
"18279","Behavioural neurology","0953-4180","西文","20010301-","MEDLINE電子期刊"
"45525","Behavioural Neurology; Cairo","0953-4180","西文","2014-present","ProQuest 【電子期刊】"
"37571","Behavioural Pharmacology","0955-8810","西文","2000.02-present","OVID 【電子期刊】"
"47009","Benefits Quarterly","8756-1263","西文","1988-present","ProQuest 【電子期刊】"
"47268","Benha Medical Journal","1110-208X","西文","2015-present","ProQuest 【電子期刊】"
"37899","Best Practice & Research: Clinical Anaesthesiology","1521-6896","西文","2007/03-present","ClinicalKey 【電子期刊&電子書】"
"37900","Best Practice & Research: Clinical Endocrinology & Metabolism","1521-690X","西文","2007/03-present","ClinicalKey 【電子期刊&電子書】"
"37901","Best Practice & Research: Clinical Gastroenterology","1521-6918","西文","2007/01-present","ClinicalKey 【電子期刊&電子書】"
"37902","Best Practice & Research: Clinical Haematology","1521-6926","西文","2007-present","ClinicalKey 【電子期刊&電子書】"
"37903","Best Practice & Research: Clinical Obstetrics & Gynaecology","1521-6934","西文","2007/02-present","ClinicalKey 【電子期刊&電子書】"
"37904","Best Practice & Research: Clinical Rheumatology","1521-6942","西文","2007/02-present","ClinicalKey 【電子期刊&電子書】"
"48715","Best Practice Onkologie","0946-4565","西文","8/1/2006+","ProQuest 【電子期刊】"
"49523","Best practice onkologie","0946-4565","西文","2006-present","Springer 【電子期刊】"
"47147","Best's Review","0005-9706","西文","1987-1999","ProQuest 【電子期刊】"
"47899","Better Nutrition","0405-668X","西文","1994-present","ProQuest 【電子期刊】"
"48716","Beyoglu Eye Journal","2459-1777","西文","1/1/2020+","ProQuest 【電子期刊】"
"48717","Bezmiâlem Science","2148-2373","西文","1/1/2019+","ProQuest 【電子期刊】"
"48718","Big Data Analytics","2058-6345","西文","1/1/2016-1/1/2020","ProQuest 【電子期刊】"
"47233","Bilten : Ekonomika, Organizacija, Informatika v Zdravstvu","1318-2927","西文","2011-2012","ProQuest 【電子期刊】"
"46871","Bio - IT World","1538-5728","西文","2008-2012","ProQuest 【電子期刊】"
"35955","Bio Formosa","1684-0925","西文","20011201-20121101","Airiti Library 【華藝中文電子期刊】"
"18295","Bio-medical materials and engineering","0959-2989","西文","19971201-","MEDLINE電子期刊"
"48719","Bioanalysis","1757-6180","西文","1/1/2019-11/1/2020","ProQuest 【電子期刊】"
"18280","Biochemical genetics","0006-2928","西文","20050201-","MEDLINE電子期刊"
"45530","Biochemical Genetics","0006-2928","西文","1997-present(已延遲 1 年)","ProQuest 【電子期刊】"
"46837","Biochemistry (Biokhimiya). Supplemental Series A, Membrane and Cell Biology","1990-7478","西文","2007-2018","ProQuest 【電子期刊】"
"46838","Biochemistry (Biokhimiya). Supplemental Series B, Biomedical Chemistry","1990-7508","西文","2007-2018","ProQuest 【電子期刊】"
"37382","Biochemistry and Biophysics","2328-1642","西文","20130301-20141201","Airiti Library 【華藝中文電子期刊】"
"45531","Biochemistry and Cell Biology","0829-8211","西文","1998-2007.06","ProQuest 【電子期刊】"
"18281","Biochemistry and cell biology = Biochimie et biologie cellulaire","0829-8211","西文","20010201-","MEDLINE電子期刊"
"36976","Biochemistry Research International","2090-2247","西文","20101201-20161201","Airiti Library 【華藝中文電子期刊】"
"18282","Biochemistry. Biokhimiia","0006-2979","西文","20030101-","MEDLINE電子期刊"
"45532","Biochemistry; New York","0006-2979","西文","2000.12-present (已延遲 1 年)","ProQuest 【電子期刊】"
"37905","Biocybernetics and Biomedical Engineering","0208-5216","西文","2011/01-present","ClinicalKey 【電子期刊&電子書】"
"46883","Biodata Mining","1756-0381","西文","2009-present","ProQuest 【電子期刊】"
"45533","Biodegradation","0923-9820","西文","1997-present","ProQuest 【電子期刊】"
"18283","Biodemography and social biology","1948-5565","西文","20080301-","MEDLINE電子期刊"
"45534","Biodemography and Social Biology","1948-5565","西文","2000-2012","ProQuest 【電子期刊】"
"45528","BioDrugs","1173-8804","西文","2008-present","ProQuest 【電子期刊】"
"18284","BioDrugs: clinical immunotherapeutics, biopharmaceuticals and gene therapy","1173-8804","西文","20010101-20150601","MEDLINE電子期刊"
"48720","Bioelectronic Medicine","2332-8886","西文","1/1/2014+","ProQuest 【電子期刊】"
"48721","Bioelectronics in Medicine","2059-1500","西文","1/1/2018-12/1/2020","ProQuest 【電子期刊】"
"18285","Bioethics","0269-9702","西文","19980101-","MEDLINE電子期刊"
"18286","BioFactors","0951-6433","西文","19960601-","MEDLINE電子期刊"
"48028","Biofeedback","1081-5937","西文","2005-2010","ProQuest 【電子期刊】"
"46839","Biogeochemistry","0168-2563","西文","1997-present (已延遲 1 年)","ProQuest 【電子期刊】"
"18287","Biogerontology","1389-5729","西文","20000101-","MEDLINE電子期刊"
"45535","Biogerontology","1389-5729","西文","2000-present (已延遲 1 年)","ProQuest 【電子期刊】"
"46804","BioImpacts","2228-5652","西文","2013-present","ProQuest 【電子期刊】"
"36977","Bioinformatics and Biology Insights","1177-9322","西文","20111201-20171201","Airiti Library 【華藝中文電子期刊】"
"37354","Bioinorganic Chemistry and Applications","1565-3633","西文","20031201-20171201","Airiti Library 【華藝中文電子期刊】"
"46805","Biologia","0006-3088","西文","2015-2017","ProQuest 【電子期刊】"
"45536","Biological Bulletin, The","0006-3185","西文","1994-2009","ProQuest 【電子期刊】"
"18288","Biological cybernetics","0340-1200","西文","19960801-","MEDLINE電子期刊"
"45537","Biological Cybernetics","0340-1200","西文","1997-present (已延遲 1 年)","ProQuest 【電子期刊】"
"46806","Biological Evidence","1927-6478","西文","2011-2018","ProQuest 【電子期刊】"
"48722","Biological Imaging","2633-903X","西文","1/1/2021+","ProQuest 【電子期刊】"
"45538","Biological Procedures Online; London","","西文","2015-present","ProQuest 【電子期刊】"
"37906","Biological Psychiatry","0006-3223","西文","2007-present","ClinicalKey 【電子期刊&電子書】"
"38719","Biological Psychiatry Global Open Science","2667-1743","西文","2021-present","ClinicalKey 【電子期刊&電子書】"
"37907","Biological Psychiatry: Cognitive Neuroscience and Neuroimaging","2451-9022","西文","2016.01-present","ClinicalKey 【電子期刊&電子書】"
"46807","Biological Research","0716-9760","西文","2015-present","ProQuest 【電子期刊】"
"18289","Biological reviews of the Cambridge Philosophical Society","1464-7931","西文","20070201-","MEDLINE電子期刊"
"47694","Biological Therapies in Dentistry","0882-1852","西文","2001","ProQuest 【電子期刊】"
"45539","Biological Trace Element Research","0163-4984","西文","1997-present","ProQuest 【電子期刊】"
"47927","Biologics in Therapy","2195-5840","西文","2011-2015","ProQuest 【電子期刊】"
"18290","Biologist: journal of the Institute of Biology","0006-3347","西文","20010201-20030201","MEDLINE電子期刊"
"45540","Biology Direct","1745-6150","西文","2009-present","ProQuest 【電子期刊】"
"37908","Biology of Blood and Marrow Transplantation","1083-8791","西文","2007/01-present","ClinicalKey 【電子期刊&電子書】"
"48521","Biology of Mood & Anxiety Disorders","2045-5380","西文","2015","ProQuest 【電子期刊】"
"46906","Biology of Reproduction","0006-3363","西文","2017-present","ProQuest 【電子期刊】"
"46808","Biology of Sex Differences","2042-6410","西文","2015-present","ProQuest 【電子期刊】"
"51163","Biology of Sport","0860-021X","西文","1/1/2012+","ProQuest 【電子期刊】"
"48723","Biology Open","2046-6390","西文","1/1/2012+","ProQuest 【電子期刊】"
"36978","Biomarker Insights","1177-2719","西文","20111201-20161204","Airiti Library 【華藝中文電子期刊】"
"37909","Biomarkers and Genomic Medicine","2214-0247","西文","2013-2015","ClinicalKey 【電子期刊&電子書】"
"36979","Biomarkers in Cancer","1179-299X","西文","20111201-20151203","Airiti Library 【華藝中文電子期刊】"
"45541","Biomarkers in Medicine","1752-0363","西文","2007-2021","ProQuest 【電子期刊】"
"38560","Biomarkers in Neuropsychiatry","2666-1446","西文","2019-present","ClinicalKey 【電子期刊&電子書】"
"18291","Biomarkers: biochemical indicators of exposure, response, and susceptibility to chemicals","1354-750X","西文","20020101-","MEDLINE電子期刊"
"37910","Biomaterials","0142-9612","西文","2007-present","ClinicalKey 【電子期刊&電子書】"
"47269","Biomaterials Research","1226-4601","西文","2015-present","ProQuest 【電子期刊】"
"45542","Biomechanics and Modeling in Mechanobiology","1617-7959","西文","2002-present (已延遲 1 年)","ProQuest 【電子期刊】"
"18292","BioMed research international","2314-6133","西文","20130101-","MEDLINE電子期刊"
"45529","BioMed Research International","2314-6133","西文","2007-present","ProQuest 【電子期刊】"
"48724","Biomedical Dermatology","2398-8460","西文","1/1/2017-1/1/2020","ProQuest 【電子期刊】"
"46862","Biomedical Engineering","0006-3398","西文","2000-present (已延遲 1 年)","ProQuest 【電子期刊】"
"36980","Biomedical Engineering and Computational Biology","1179-5972","西文","20111201-20141201","Airiti Library 【華藝中文電子期刊】"
"18293","Biomedical engineering online","1475-925X","西文","20020101-","MEDLINE電子期刊"
"45543","Biomedical Engineering Online","1475-925X","西文","2009-present","ProQuest 【電子期刊】"
"47095","Biomedical Human Kinetics","2080-2234","西文","2009-present","ProQuest 【電子期刊】"
"48608","Biomedical Imaging and Intervention Journal","1823-5530","西文","2005-2012","ProQuest 【電子期刊】"
"36981","Biomedical Informatics Insights","1178-2226","西文","20111201-20151201","Airiti Library 【華藝中文電子期刊】"
"45544","Biomedical Instrumentation & Technology","0899-8205","西文","2005-present (已延遲 6 個月)","ProQuest 【電子期刊】"
"18294","Biomedical instrumentation & technology / Association for the Advancement of Medical Instrumentation","0899-8205","西文","20040101-","MEDLINE電子期刊"
"47270","Biomedical Journal","2319-4170","西文","2013-2019","ProQuest 【電子期刊】"
"18296","Biomedical microdevices","1387-2176","西文","20050301-","MEDLINE電子期刊"
"45545","Biomedical Microdevices","1387-2176","西文","1998-present (已延遲 1 年)","ProQuest 【電子期刊】"
"18297","Biomedical papers of the Medical Faculty of the University Palacky, Olomouc, Czechoslovakia","1213-8118","西文","20070601-","MEDLINE電子期刊"
"37572","Biomedical Safety & Standards","1080-9775","西文","2002.01-present","OVID 【電子期刊】"
"37911","Biomedicine & Pharmacotherapy","0753-3322","西文","2007/01-present","ClinicalKey 【電子期刊&電子書】"
"46809","Biomedicine Hub","2296-6862","西文","2017-present","ProQuest 【電子期刊】"
"45546","Biometals","0966-0844","西文","1997-present (已延遲 1 年)","ProQuest 【電子期刊】"
"18299","Biometrics","0006-341X","西文","20030301-","MEDLINE電子期刊"
"45547","Biometrics","0006-341X","西文","1998-2002","ProQuest 【電子期刊】"
"51164","Biomolecular NMR Assignments","1874-2718","西文","7/1/2007+","ProQuest 【電子期刊】"
"46840","Biomolecules","2218-273X","西文","2011-present","ProQuest 【電子期刊】"
"27947","Biomolecules & biomedicine","2831-0896","西文","20230201-","MEDLINE電子期刊"
"45548","Biophysical Journal","0006-3495","西文","1999-2008","ProQuest 【電子期刊】"
"46866","Biophysics","0006-3509","西文","2006-2018","ProQuest 【電子期刊】"
"48725","Biopolymers & Cell","0233-7657","西文","1/1/1985-1/1/2021","ProQuest 【電子期刊】"
"45549","Bioprocess and Biosystems Engineering","1615-7591","西文","2003-present (已延遲 1 年)","ProQuest 【電子期刊】"
"47271","BioPsychoSocial Medicine","1751-0759","西文","2009-present","ProQuest 【電子期刊】"
"46810","BioResearch Open Access","2164-7844","西文","2012-present","ProQuest 【電子期刊】"
"18300","Biorheology","0006-355X","西文","19990601-","MEDLINE電子期刊"
"46811","Bioscience","0006-3568","西文","1988-2012","ProQuest 【電子期刊】"
"48726","Bioscience Reports","0144-8463","西文","12/1/2014+","ProQuest 【電子期刊】"
"46872","Biosensors","2079-6374","西文","2011-present","ProQuest 【電子期刊】"
"48152","BioSocieties","1745-8552","西文","2006-present (已延遲 1 年)","ProQuest 【電子期刊】"
"46863","Biostatistics, Bioinformatics and Biomathematics","0976-1594","西文","2013","ProQuest 【電子期刊】"
"46907","Biotech Business","0899-5702","西文","1997-present","ProQuest 【電子期刊】"
"18301","Biotechnic & histochemistry: official publication of the Biological Stain Commission","1052-0295","西文","20030201-","MEDLINE電子期刊"
"46873","Biotechnology and Bioprocess Engineering : BBE","1226-8372","西文","1997-present (已延遲 1 年)","ProQuest 【電子期刊】"
"51165","Biotechnology for Biofuels and Bioproducts","2731-3654","西文","1/1/2009+","ProQuest 【電子期刊】"
"18302","Biotechnology letters","0141-5492","西文","20030101-","MEDLINE電子期刊"
"45550","Biotechnology Letters","0141-5492","西文","1997-present (已延遲 1 年)","ProQuest 【電子期刊】"
"37370","Biotechnology Research International","2090-3138","西文","20131201-20171201","Airiti Library 【華藝中文電子期刊】"
"51166","Biovoice News","","西文","1/15/2025+","ProQuest 【電子期刊】"
"18303","Bipolar disorders","1398-5647","西文","19990901-","MEDLINE電子期刊"
"48325","Birth Gazette, The","0890-3255","西文","1992-2000","ProQuest 【電子期刊】"
"38527","BJA Education","2058-5349","西文","2015-present","ClinicalKey 【電子期刊&電子書】"
"38657","BJA Open","2772-6096","西文","2022-present","ClinicalKey 【電子期刊&電子書】"
"51167","BJC Reports","2731-9377","西文","12/1/2023+","ProQuest 【電子期刊】"
"6552","BJOG: An International Journal of Obstetrics & Gynaecology","1470-0328","西文","1997-present","Wiley Online Library(電子期刊)"
"51168","BJR Case Reports","2055-7159","西文","1/1/2024+","ProQuest 【電子期刊】"
"48727","BJS Open","2474-9842","西文","2/1/2017-12/1/2020","ProQuest 【電子期刊】"
"6626","BJU International","1464-410X","西文","1997-present","Wiley Online Library(電子期刊)"
"18304","BJU international","1464-4096","西文","19990101-","MEDLINE電子期刊"
"48728","BJUI Compass","2688-4526","西文","3/1/2020+","ProQuest 【電子期刊】"
"48729","Blockchain in Healthcare Today","2573-8240","西文","1/1/2018+","ProQuest 【電子期刊】"
"48730","Blog de Odontología [BLOG]","","西文","2019-2020","ProQuest 【電子期刊】"
"48731","Blog That Ate Manhattan, The","","西文","","ProQuest 【電子期刊】"
"6628","Blood","0006-4971","西文","1946.01-2026.12","彰秀單本期刊"
"38720","Blood Advances","2473-9529","西文","2016-present","ClinicalKey 【電子期刊&電子書】"
"48732","Blood and Lymphatic Cancer","1179-9889","西文","1/1/2011+","ProQuest 【電子期刊】"
"48269","Blood Cancer Journal","2044-5385","西文","2011-present","ProQuest 【電子期刊】"
"37573","Blood Coagulation & Fibrinolysis","0957-5235","西文","2000.06-present","OVID 【電子期刊】"
"38794","Blood Neoplasia","2950-3280","西文","2024-present","ClinicalKey 【電子期刊&電子書】"
"18305","Blood pressure","0803-7051","西文","19980401-","MEDLINE電子期刊"
"37574","Blood Pressure Monitoring","1359-5237","西文","2000.08-present","OVID 【電子期刊】"
"18306","Blood pressure. Supplement","0803-8023","西文","19980601-20111201","MEDLINE電子期刊"
"51169","Blood Research","2287-979X","西文","12/1/2025+","ProQuest 【電子期刊】"
"37912","Blood Reviews","0268-960X","西文","2007/01-present","ClinicalKey 【電子期刊&電子書】"
"38795","Blood Vessels, Thrombosis & Hemostasis","2950-3272","西文","2024-present","ClinicalKey 【電子期刊&電子書】"
"45459","BMC Anesthesiology; London","","西文","2009-present","ProQuest 【電子期刊】"
"18307","BMC biochemistry","1471-2091","西文","20000101-","MEDLINE電子期刊"
"45460","BMC Biochemistry","1471-2091","西文","2009-present","ProQuest 【電子期刊】"
"18308","BMC bioinformatics","1471-2105","西文","20000101-","MEDLINE電子期刊"
"45461","BMC Bioinformatics; London","1471-2105","西文","2009-present","ProQuest 【電子期刊】"
"18309","BMC biology","1741-7007","西文","20030101-","MEDLINE電子期刊"
"45462","BMC Biology","1741-7007","西文","2009-present","ProQuest 【電子期刊】"
"48733","BMC Biomedical Engineering","2524-4426","西文","1/1/2019+","ProQuest 【電子期刊】"
"46867","BMC Biophysics","2046-1682","西文","2009-2020","ProQuest 【電子期刊】"
"18310","BMC biotechnology","1472-6750","西文","20010101-","MEDLINE電子期刊"
"45463","BMC Biotechnology","1472-6750","西文","2009-present","ProQuest 【電子期刊】"
"18311","BMC cancer","1471-2407","西文","20010101-","MEDLINE電子期刊"
"45464","BMC Cancer; London","1471-2407","西文","2009-present","ProQuest 【電子期刊】"
"18312","BMC cardiovascular disorders","1471-2261","西文","20010101-","MEDLINE電子期刊"
"45465","BMC Cardiovascular Disorders","1471-2261","西文","2009-present","ProQuest 【電子期刊】"
"18313","BMC cell biology","1471-2121","西文","20000101-","MEDLINE電子期刊"
"46841","BMC Chemical Biology","1472-6769","西文","2009-2012","ProQuest 【電子期刊】"
"48216","BMC Chemistry","2661-801X","西文","2009-present","ProQuest 【電子期刊】"
"47825","BMC Clinical Pathology","1472-6890","西文","2009-2019","ProQuest 【電子期刊】"
"18314","BMC clinical pharmacology","1472-6904","西文","20010101-20120601","MEDLINE電子期刊"
"45467","BMC Clinical Pharmacology","1472-6904","西文","2009-2012","ProQuest 【電子期刊】"
"18315","BMC complementary and alternative medicine","1472-6882","西文","20010101-","MEDLINE電子期刊"
"27948","BMC complementary medicine and therapies","2662-7671","西文","20200101-","MEDLINE電子期刊"
"45468","BMC Complementary Medicine and Therapies","1472-6882","西文","2009-present","ProQuest 【電子期刊】"
"18316","BMC dermatology","1471-5945","西文","20010101-","MEDLINE電子期刊"
"45469","BMC Dermatology","1471-5945","西文","2009-present","ProQuest 【電子期刊】"
"18317","BMC developmental biology","1471-213X","西文","20010101-","MEDLINE電子期刊"
"45470","BMC Developmental Biology","1471-213X","西文","2009-present","ProQuest 【電子期刊】"
"51170","BMC Digital Health","2731-684X","西文","12/1/2024+","ProQuest 【電子期刊】"
"48463","BMC Ear, Nose and Throat Disorders","1472-6815","西文","2009-2019","ProQuest 【電子期刊】"
"18318","BMC ecology","1472-6785","西文","20010101-","MEDLINE電子期刊"
"45471","BMC Ecology","1472-6785","西文","2009-2020","ProQuest 【電子期刊】"
"27949","BMC ecology and evolution","2730-7182","西文","20210101-","MEDLINE電子期刊"
"45472","BMC Emergency Medicine","1471-227X","西文","2009-present","ProQuest 【電子期刊】"
"47777","BMC Endocrine Disorders","1472-6823","西文","2009-present","ProQuest 【電子期刊】"
"18319","BMC evolutionary biology","1471-2148","西文","20010101-","MEDLINE電子期刊"
"45474","BMC Evolutionary Biology","1471-2148","西文","2009-present","ProQuest 【電子期刊】"
"18320","BMC family practice","1471-2296","西文","20000101-","MEDLINE電子期刊"
"18321","BMC gastroenterology","1471-230X","西文","20010101-","MEDLINE電子期刊"
"45476","BMC Gastroenterology","1471-230X","西文","2009-present","ProQuest 【電子期刊】"
"18322","BMC genetics","1471-2156","西文","20000101-","MEDLINE電子期刊"
"27950","BMC genomic data","2730-6844","西文","20210101-","MEDLINE電子期刊"
"45477","BMC Genomic Data","1471-2156","西文","2009-present","ProQuest 【電子期刊】"
"18323","BMC genomics","1471-2164","西文","20000101-","MEDLINE電子期刊"
"45478","BMC Genomics; London","1471-2164","西文","2009-present","ProQuest 【電子期刊】"
"18324","BMC geriatrics","1471-2318","西文","20010101-","MEDLINE電子期刊"
"45479","BMC Geriatrics","1471-2318","西文","2009-present","ProQuest 【電子期刊】"
"51171","BMC Global and Public Health","2731-913X","西文","12/1/2025+","ProQuest 【電子期刊】"
"18325","BMC health services research","1472-6963","西文","20010101-","MEDLINE電子期刊"
"45480","BMC Health Services Research; London","1472-6963","西文","2009-present","ProQuest 【電子期刊】"
"48270","BMC Hematology","2052-1839","西文","2009-2019","ProQuest 【電子期刊】"
"18326","BMC immunology","1471-2172","西文","20000101-","MEDLINE電子期刊"
"45481","BMC Immunology","1471-2172","西文","2009-present","ProQuest 【電子期刊】"
"18327","BMC infectious diseases","1471-2334","西文","20010101-","MEDLINE電子期刊"
"45482","BMC Infectious Diseases","1471-2334","西文","2009-present","ProQuest 【電子期刊】"
"45483","BMC International Health and Human Rights","","西文","2009-2020","ProQuest 【電子期刊】"
"18328","BMC medical education","1472-6920","西文","20010101-","MEDLINE電子期刊"
"45484","BMC Medical Education","1472-6920","西文","2009-present","ProQuest 【電子期刊】"
"18329","BMC medical ethics","1472-6939","西文","20000101-","MEDLINE電子期刊"
"45485","BMC Medical Ethics","1472-6939","西文","2009-present","ProQuest 【電子期刊】"
"18330","BMC medical genetics","1471-2350","西文","20000101-","MEDLINE電子期刊"
"45486","BMC Medical Genetics; London","1471-2350","西文","2009-2021","ProQuest 【電子期刊】"
"45487","BMC Medical Genomics","1755-8794","西文","2009-present","ProQuest 【電子期刊】"
"18331","BMC medical imaging","1471-2342","西文","20050101-","MEDLINE電子期刊"
"45488","BMC Medical Imaging","1471-2342","西文","2009-present","ProQuest 【電子期刊】"
"18332","BMC medical informatics and decision making","1472-6947","西文","20010101-","MEDLINE電子期刊"
"45489","BMC Medical Informatics and Decision Making; London","1472-6947","西文","2009-present","ProQuest 【電子期刊】"
"48609","BMC Medical Physics","1471-2385","西文","2010-2014","ProQuest 【電子期刊】"
"18333","BMC medical research methodology","1471-2288","西文","20010101-","MEDLINE電子期刊"
"45490","BMC Medical Research Methodology","1471-2288","西文","2009-present","ProQuest 【電子期刊】"
"18334","BMC medicine","1741-7015","西文","20030101-","MEDLINE電子期刊"
"45491","BMC Medicine; London","1741-7015","西文","2009-present","ProQuest 【電子期刊】"
"51172","BMC Methods","3004-8729","西文","12/1/2025+","ProQuest 【電子期刊】"
"18335","BMC microbiology","1471-2180","西文","20010101-","MEDLINE電子期刊"
"45492","BMC Microbiology; London","1471-2180","西文","2009-present","ProQuest 【電子期刊】"
"18759","BMC molecular and cell biology","2661-8850","西文","20190124-","MEDLINE電子期刊"
"45466","BMC Molecular and Cell Biology","1471-2121","西文","2009-present","ProQuest 【電子期刊】"
"18336","BMC molecular biology","1471-2199","西文","20000101-","MEDLINE電子期刊"
"45493","BMC Molecular Biology","1471-2199","西文","2009-present","ProQuest 【電子期刊】"
"18337","BMC musculoskeletal disorders","1471-2474","西文","20000101-","MEDLINE電子期刊"
"45494","BMC Musculoskeletal Disorders","1471-2474","西文","2009-present","ProQuest 【電子期刊】"
"18338","BMC nephrology","1471-2369","西文","20000101-","MEDLINE電子期刊"
"45495","BMC Nephrology","1471-2369","西文","2009-present","ProQuest 【電子期刊】"
"18339","BMC neurology","1471-2377","西文","20010101-","MEDLINE電子期刊"
"45496","BMC Neurology","1471-2377","西文","2009-present","ProQuest 【電子期刊】"
"18340","BMC neuroscience","1471-2202","西文","20000101-","MEDLINE電子期刊"
"45497","BMC Neuroscience","1471-2202","西文","2009-present","ProQuest 【電子期刊】"
"48610","BMC Nuclear Medicine [NLM - MEDLINE]","1471-2385","西文","2005","ProQuest 【電子期刊】"
"48289","BMC Nursing","1472-6955","西文","2009-present","ProQuest 【電子期刊】"
"47900","BMC Nutrition","2055-0928","西文","2015-present","ProQuest 【電子期刊】"
"47273","BMC Obesity","2052-9538","西文","2015-2019","ProQuest 【電子期刊】"
"18341","BMC ophthalmology","1471-2415","西文","20010101-","MEDLINE電子期刊"
"45498","BMC Ophthalmology","1471-2415","西文","2009-present","ProQuest 【電子期刊】"
"45499","BMC Oral Health","1472-6831","西文","2009-present","ProQuest 【電子期刊】"
"45500","BMC Palliative Care; London","","西文","2009-present","ProQuest 【電子期刊】"
"18342","BMC pediatrics","1471-2431","西文","20010101-","MEDLINE電子期刊"
"45501","BMC Pediatrics","1471-2431","西文","2009-present","ProQuest 【電子期刊】"
"18343","BMC pharmacology","2050-6511","西文","20010101-20120601","MEDLINE電子期刊"
"45502","BMC Pharmacology","1471-2210","西文","2009-2012","ProQuest 【電子期刊】"
"18344","BMC pharmacology & toxicology","1471-2210","西文","20120801-","MEDLINE電子期刊"
"45503","BMC Pharmacology & Toxicology","2050-6511","西文","2012-present","ProQuest 【電子期刊】"
"18345","BMC physiology","1472-6793","西文","20010101-","MEDLINE電子期刊"
"45504","BMC Physiology","1472-6793","西文","2009-2019","ProQuest 【電子期刊】"
"18346","BMC plant biology","1471-2229","西文","20010101-","MEDLINE電子期刊"
"45505","BMC Plant Biology","1471-2229","西文","2009-present","ProQuest 【電子期刊】"
"45506","BMC Pregnancy and Childbirth","1471-2393","西文","2009-present","ProQuest 【電子期刊】"
"27951","BMC primary care","2731-4553","西文","20220101-","MEDLINE電子期刊"
"45475","BMC Primary Care","1471-2296","西文","2009-present","ProQuest 【電子期刊】"
"48131","BMC Proceedings","1753-6561","西文","2009-present","ProQuest 【電子期刊】"
"18347","BMC psychiatry","1471-244X","西文","20010101-","MEDLINE電子期刊"
"45507","BMC Psychiatry","1471-244X","西文","2009-present","ProQuest 【電子期刊】"
"48029","BMC Psychology","2050-7283","西文","2015-present","ProQuest 【電子期刊】"
"18348","BMC public health","1471-2458","西文","20010101-","MEDLINE電子期刊"
"45508","BMC Public Health; London","1471-2458","西文","2009-present","ProQuest 【電子期刊】"
"18349","BMC pulmonary medicine","1471-2466","西文","20010101-","MEDLINE電子期刊"
"45509","BMC Pulmonary Medicine","1471-2466","西文","2009-present","ProQuest 【電子期刊】"
"45510","BMC Research Notes","1756-0500","西文","2009-present","ProQuest 【電子期刊】"
"48734","BMC Rheumatology","2520-1026","西文","1/1/2017+","ProQuest 【電子期刊】"
"47826","BMC Sports Science, Medicine & Rehabilitation","2052-1847","西文","2009-present","ProQuest 【電子期刊】"
"18350","BMC structural biology","1472-6807","西文","20010101-","MEDLINE電子期刊"
"45511","BMC Structural Biology","1472-6807","西文","2009-2019","ProQuest 【電子期刊】"
"18351","BMC surgery","1471-2482","西文","20010101-","MEDLINE電子期刊"
"45512","BMC Surgery","1471-2482","西文","2009-present","ProQuest 【電子期刊】"
"45513","BMC Systems Biology","1752-0509","西文","2009-2019","ProQuest 【電子期刊】"
"18352","BMC urology","1471-2490","西文","20010101-","MEDLINE電子期刊"
"45514","BMC Urology","1471-2490","西文","2009-present","ProQuest 【電子期刊】"
"18353","BMC veterinary research","1746-6148","西文","20050101-","MEDLINE電子期刊"
"45515","BMC Veterinary Research","1746-6148","西文","2009-present","ProQuest 【電子期刊】"
"45516","BMC Women's Health; London","1472-6874","西文","2009-present","ProQuest 【電子期刊】"
"47274","BMJ : British Medical Journal","0959-8138","西文","1988-2008","ProQuest 【電子期刊】"
"47275","BMJ : British Medical Journal (Online)","1756-1833","西文","2008-present (已延遲 10 週)","ProQuest 【電子期刊】"
"47276","BMJ Case Reports","1757-790X","西文","2008-present (已延遲 1 個月)","ProQuest 【電子期刊】"
"47277","BMJ Evidence - Based Medicine","2515-446X","西文","1995-present (已延遲 6 個月)","ProQuest 【電子期刊】"
"48735","BMJ Global Health","2059-7908","西文","4/1/2016+","ProQuest 【電子期刊】"
"48736","BMJ Health & Care Informatics","2632-1009","西文","1/1/2015+","ProQuest 【電子期刊】"
"47278","BMJ Innovations","2055-8074","西文","2015-present (已延遲 12 個月)","ProQuest 【電子期刊】"
"48737","BMJ Leader","2398-631X","西文","4/1/2017+","ProQuest 【電子期刊】"
"51173","BMJ Medicine","2754-0413","西文","4/1/2022+","ProQuest 【電子期刊】"
"48738","BMJ Mental Health","2755-9734","西文","2/1/1998+","ProQuest 【電子期刊】"
"47460","BMJ Military Health","","西文","1966-present(已延遲 6 個月)","ProQuest 【電子期刊】"
"48739","BMJ Neurology Open","2632-6140","西文","7/1/2019+","ProQuest 【電子期刊】"
"48740","BMJ Nutrition, Prevention & Health","2516-5542","西文","12/1/2018+","ProQuest 【電子期刊】"
"51174","BMJ Oncology","2752-7948","西文","6/20/2025+","ProQuest 【電子期刊】"
"47279","BMJ Open","2044-6055","西文","2011-present","ProQuest 【電子期刊】"
"47778","BMJ Open Diabetes Research & Care","2052-4897","西文","2014-present","ProQuest 【電子期刊】"
"48741","BMJ Open Gastroenterology","2054-4774","西文","1/1/2014+","ProQuest 【電子期刊】"
"48742","BMJ Open Ophthalmology","2397-3269","西文","9/1/2016+","ProQuest 【電子期刊】"
"47280","BMJ Open Quality","2399-6641","西文","2012-present","ProQuest 【電子期刊】"
"48632","BMJ Open Respiratory Research","2052-4439","西文","2013-present","ProQuest 【電子期刊】"
"48743","BMJ Open Science","2398-8703","西文","6/1/2018-12/1/2022","ProQuest 【電子期刊】"
"47827","BMJ Open Sport & Exercise Medicine","2055-7647","西文","2015-present","ProQuest 【電子期刊】"
"48744","BMJ Paediatrics Open","2399-9772","西文","5/1/2017+","ProQuest 【電子期刊】"
"51175","BMJ Public Health","2753-4294","西文","6/3/2024+","ProQuest 【電子期刊】"
"47281","BMJ Quality & Safety","2044-5415","西文","2011-present(已延遲 6 個月)","ProQuest 【電子期刊】"
"48217","BMJ Sexual & Reproductive Health","2515-1991","西文","2001-2017","ProQuest 【電子期刊】"
"48745","BMJ Sexual & Reproductive Health","2515-1991","西文","1/1/2018+","ProQuest 【電子期刊】"
"47282","BMJ Simulation & Technology Enhanced Learning","2056-6697","西文","2014-2021","ProQuest 【電子期刊】"
"47283","BMJ Supportive & Palliative Care","2045-435X","西文","2011-present(已延遲 12 個月)","ProQuest 【電子期刊】"
"48746","BMJ Surgery, Interventions, & Health Technologies","2631-4940","西文","5/1/2019+","ProQuest 【電子期刊】"
"47992","Body Bulletin","0275-9101","西文","1998-1999","ProQuest 【電子期刊】"
"37913","Bone","8756-3282","西文","2007/01-present","ClinicalKey 【電子期刊&電子書】"
"36982","Bone and Tissue Regeneration Insights","1179-061X","西文","20131201-20151201","Airiti Library 【華藝中文電子期刊】"
"48227","Bone and Tissue Regeneration Insights","1179-061X","西文","2008-2018","ProQuest 【電子期刊】"
"36983","Bone Marrow Research","2090-2999","西文","20141201-20151201","Airiti Library 【華藝中文電子期刊】"
"48271","Bone Marrow Research","2090-2999","西文","2011-2008","ProQuest 【電子期刊】"
"18354","Bone marrow transplantation","0268-3369","西文","19970101-20151101","MEDLINE電子期刊"
"45551","Bone Marrow Transplantation","0268-3369","西文","2000-present (已延遲 1 年)","ProQuest 【電子期刊】"
"51087","Bone Reports","2352-1872","西文","2015-present","ClinicalKey 【電子期刊&電子書】"
"48428","Bone Research","2095-4700","西文","2013-present","ProQuest 【電子期刊】"
"47650","BoneKEy Reports","2047-6396","西文","2012-2017","ProQuest 【電子期刊】"
"48522","Borderline Personality Disorder and Emotion Dysregulation","2051-6673","西文","2015-present","ProQuest 【電子期刊】"
"18355","Bosnian journal of basic medical sciences / Udruzenje basicnih mediciniskih znanosti = Association of Basic Medical Sciences","1512-8601","西文","20080801-","MEDLINE電子期刊"
"48747","Bosphorus Medical Journal","2149-0287","西文","1/1/2020+","ProQuest 【電子期刊】"
"37914","Brachytherapy","1538-4721","西文","2007/01-present","ClinicalKey 【電子期刊&電子書】"
"37915","Brain & Development","0387-7604","西文","2008/01-present","ClinicalKey 【電子期刊&電子書】"
"48030","Brain and Behavior","2162-3279","西文","2011-present","ProQuest 【電子期刊】"
"38762","Brain and Development Case Reports","2950-2217","西文","2023-present","ClinicalKey 【電子期刊&電子書】"
"48748","Brain and Neuroscience Advances","2398-2128","西文","9/1/2015+","ProQuest 【電子期刊】"
"38595","Brain and Spine","2772-5294","西文","2021-present","ClinicalKey 【電子期刊&電子書】"
"48749","Brain Blogger [BLOG]","","西文","","ProQuest 【電子期刊】"
"45552","Brain Cell Biology","1559-7105","西文","1999-2008","ProQuest 【電子期刊】"
"48523","Brain Circulation","2394-8108","西文","2015-present","ProQuest 【電子期刊】"
"45553","Brain Connectivity","2158-0014","西文","2011-2019","ProQuest 【電子期刊】"
"38585","Brain Disorders","2666-4593","西文","2021-present","ClinicalKey 【電子期刊&電子書】"
"45554","Brain Imaging and Behavior","1931-7565","西文","2007-present (已延遲 1 年)","ProQuest 【電子期刊】"
"48750","Brain Impairment","1443-9646","西文","5/1/2000+","ProQuest 【電子期刊】"
"18356","Brain pathology","1015-6305","西文","20060101-","MEDLINE電子期刊"
"48751","Brain Pathology","1015-6305","西文","1/1/2013+","ProQuest 【電子期刊】"
"48752","Brain Posts [BLOG]","","西文","","ProQuest 【電子期刊】"
"37916","Brain Research","0006-8993","西文","2007/01/05-present","ClinicalKey 【電子期刊&電子書】"
"37917","Brain Research Bulletin","0361-9230","西文","2007/1/9-present","ClinicalKey 【電子期刊&電子書】"
"48753","Brain Science Advances","2398-2128","西文","9/1/2018+","ProQuest 【電子期刊】"
"37919","Brain Stimulation","1935-861X","西文","2008/01-present","ClinicalKey 【電子期刊&電子書】"
"18357","Brain structure & function","1863-2653","西文","20070701-","MEDLINE電子期刊"
"45555","Brain Structure and Function","1863-2653","西文","1997-present(已延遲 1 年)","ProQuest 【電子期刊】"
"45556","Brain Topography","0896-0267","西文","1999-present(已延遲 1 年","ProQuest 【電子期刊】"
"48754","Brain Tumor Pathology","1433-7398","西文","3/1/1997+","ProQuest 【電子期刊】"
"49524","Brain Tumor Pathology","1433-7398","西文","1997-present","Springer 【電子期刊】"
"20128","Brain(南醫2025年起停訂)","0006-8950","英文","1990-present","南醫單本訂購期刊"
"18358","Brain, behavior and evolution","0006-8977","西文","19980101-","MEDLINE電子期刊"
"45557","Brain, Behavior and Evolution","0006-8977","西文","1998-2015","ProQuest 【電子期刊】"
"38561","Brain, Behavior, & Immunity - Health","2666-3546","西文","2020-present","ClinicalKey 【電子期刊&電子書】"
"37920","Brain, Behavior, and Immunity","0889-1591","西文","2007/01-present","ClinicalKey 【電子期刊&電子書】"
"38706","Brain, Behavior, and Immunity - Integrative","2949-8341","西文","2023-present","ClinicalKey 【電子期刊&電子書】"
"48755","Brain-X","2835-3153","西文","3/1/2023+","ProQuest 【電子期刊】"
"45558","Brazilian Journal of Biology","1519-6984","西文","2011-present","ProQuest 【電子期刊】"
"18359","Brazilian journal of biology = Revista brasleira de biologia","1519-6984","西文","20060501-","MEDLINE電子期刊"
"47828","Brazilian Journal of Biomotricity","1981-6324","西文","2010-2013","ProQuest 【電子期刊】"
"47614","Brazilian Journal of Cardiovascular Surgery - BJCVS = Revista Brasileira de Cirurgia Cardiovascular - RBCCV","0102-7638","西文","2013-present","ProQuest 【電子期刊】"
"37921","Brazilian Journal of Infectious Diseases","1413-8670","西文","2011.01-present","ClinicalKey 【電子期刊&電子書】"
"45559","Brazilian Journal of Microbiology","1517-8382","西文","2000-2018","ProQuest 【電子期刊】"
"37922","Brazilian Journal of Otorhinolaryngology","1808-8694","西文","2011.01-present","ClinicalKey 【電子期刊&電子書】"
"48756","Brazilian Journal of Pharmaceutical Sciences","1984-8250","西文","7/1/2015+","ProQuest 【電子期刊】"
"38644","Brazilian Journal of Physical Therapy","1413-3555","西文","2017-present","ClinicalKey 【電子期刊&電子書】"
"49525","Breast Cancer","1340-6868","西文","1997-present","Springer 【電子期刊】"
"48354","Breast Cancer : Basic and Clinical Research","1178-2234","西文","2008-present","ProQuest 【電子期刊】"
"48757","Breast Cancer : Targets and Therapy","1179-1314","西文","1/1/2009+","ProQuest 【電子期刊】"
"48758","Breast Cancer Management","1758-1923","西文","2/1/2017-12/1/2020","ProQuest 【電子期刊】"
"48355","Breast Cancer Online","1470-9031","西文","2004-2009","ProQuest 【電子期刊】"
"48356","Breast Cancer Research","1465-5411","西文","2015-present","ProQuest 【電子期刊】"
"18360","Breast cancer research and treatment","0167-6806","西文","20050101-","MEDLINE電子期刊"
"45560","Breast Cancer Research and Treatment","0167-6806","西文","1997-present","ProQuest 【電子期刊】"
"49526","Breast Cancer Research and Treatment","0167-6806","西文","1997-present","Springer 【電子期刊】"
"36984","Breast Cancer: Basic and Clinical Research","1178-2234","西文","20111201-20151203","Airiti Library 【華藝中文電子期刊】"
"18361","Breast disease","0888-6008","西文","20040301-","MEDLINE電子期刊"
"51176","Breast Journal, The","1075-122X","西文","1/1/2022+","ProQuest 【電子期刊】"
"37923","Breast, The","0960-9776","西文","2007-present","ClinicalKey 【電子期刊&電子書】"
"45561","Breastfeeding Review","0729-2759","西文","2005-present","ProQuest 【電子期刊】"
"18362","Briefings in bioinformatics","1467-5463","西文","20000101-","MEDLINE電子期刊"
"51177","Briefings in Functional Genomics","2041-2649","西文","1/1/2025+","ProQuest 【電子期刊】"
"18363","Briefings in functional genomics & proteomics","1473-9550","西文","20020101-20091201","MEDLINE電子期刊"
"48080","Briefings on Infection Control","1545-4053","西文","2009-2011","ProQuest 【電子期刊】"
"45562","British Dental Journal","0007-0610","西文","2000-present(已延遲 1 年)","ProQuest 【電子期刊】"
"47615","British Heart Journal","0007-0769","西文","1939-1995","ProQuest 【電子期刊】"
"48132","British Journal for the History of Science","0007-0874","西文","2001-present (已延遲 1 年)","ProQuest 【電子期刊】"
"18364","British journal of addiction","0952-0481","西文","19800301-19921201","MEDLINE電子期刊"
"47057","British Journal of Audiology","0300-5364","西文","1999-2001","ProQuest 【電子期刊】"
"45563","British Journal of Biomedical Science","0967-4845","西文","1998-2016","ProQuest 【電子期刊】"
"18365","British journal of cancer","0007-0920","西文","19990101-20151101","MEDLINE電子期刊"
"45564","British Journal of Cancer, The","0007-0920","西文","2000-present(已延遲 1 年)","ProQuest 【電子期刊】"
"6556","British Journal of Clinical Pharmacology","0306-5251","西文","1997-present","Wiley Online Library(電子期刊)"
"45565","British Journal of Clinical Psychology, The","0144-6657","西文","1998-2006","ProQuest 【電子期刊】"
"37388","British Journal of Dairy Sciences","2044-2440","西文","20100701-20150101","Airiti Library 【華藝中文電子期刊】"
"48031","British Journal of Developmental Psychology, The","0261-510X","西文","1998-2006","ProQuest 【電子期刊】"
"48032","British Journal of Educational Psychology","0007-0998","西文","1998-2006","ProQuest 【電子期刊】"
"47284","British Journal of Family Planning, The","0144-8625","西文","2000","ProQuest 【電子期刊】"
"47919","British Journal of Guidance & Counselling","0306-9885","西文","1997-2000","ProQuest 【電子期刊】"
"6558","British Journal of Haematology","0007-1048","西文","1998-present","Wiley Online Library(電子期刊)"
"18366","British journal of health psychology","1359-107X","西文","20030201-","MEDLINE電子期刊"
"47685","British Journal of Healthcare Computing & Information Management, The","1749-4044","西文","2005-2017","ProQuest 【電子期刊】"
"18367","British journal of hospital medicine","1750-8460","西文","20080101-20150901","MEDLINE電子期刊"
"47144","British Journal of Industrial Medicine","0007-1072","西文","1944-1993","ProQuest 【電子期刊】"
"48033","British Journal of Mathematical & Statistical Psychology","0007-1102","西文","1998-2006","ProQuest 【電子期刊】"
"18368","British journal of neurosurgery","0268-8697","西文","19950201-","MEDLINE電子期刊"
"45567","British Journal of Neurosurgery; Abingdon","0268-8697","西文","1997-2000","ProQuest 【電子期刊】"
"48290","British Journal of Nursing","0966-0461","西文","1999-2005","ProQuest 【電子期刊】"
"45568","British Journal of Nutrition, The","0007-1145","西文","2001-present(已延遲 1 年)","ProQuest 【電子期刊】"
"6630","British Journal of Occupational Therapy","0308-0226","西文","2014.01-2026.12","彰秀單本期刊"
"48759","British Journal of Ophthalmology","0007-1161","西文","1/1/1922+","ProQuest 【電子期刊】"
"37924","British Journal of Oral and Maxillofacial Surgery","0266-4356","西文","2007/01-present","ClinicalKey 【電子期刊&電子書】"
"18369","British journal of pharmacology","0007-1188","西文","20020101-","MEDLINE電子期刊"
"45570","British Journal of Pharmacology","0007-1188","西文","2000-2008","ProQuest 【電子期刊】"
"35958","British Journal of Pharmacology and Toxicology","2044-2467","西文","20051201-20100630","Airiti Library 【華藝中文電子期刊】"
"47285","British Journal of Preventive and Social Medicine","0007-1242","西文","1953-1977","ProQuest 【電子期刊】"
"18370","British journal of psychology","0007-1269","西文","19700201-","MEDLINE電子期刊"
"45571","British Journal of Psychology","0007-1269","西文","1995-2006","ProQuest 【電子期刊】"
"48218","British Journal of Social Medicine","0366-0842","西文","1947-1952","ProQuest 【電子期刊】"
"45572","British Journal of Social Psychology, The","0144-6665","西文","1998-2006","ProQuest 【電子期刊】"
"48760","British Journal of Sports Medicine","0306-3674","西文","9/1/1970+","ProQuest 【電子期刊】"
"18371","British journal of urology","0007-1331","西文","19980101-19981201","MEDLINE電子期刊"
"47756","British Journal of Venereal Diseases","0007-134X","西文","1925-1984","ProQuest 【電子期刊】"
"48761","British Medical Journal","0007-1447","西文","2/10/1968-12/20/1980","ProQuest 【電子期刊】"
"48762","British Medical Journal","0267-0623","西文","1/3/1981-6/4/1988","ProQuest 【電子期刊】"
"46783","British Poultry Science","0007-1668","西文","1998-present","ProQuest 【電子期刊】"
"46972","Brookings Review, The","0745-1253","西文","1988-2003","ProQuest 【電子期刊】"
"46970","Building Operating Management","0007-3490","西文","1998-2010","ProQuest 【電子期刊】"
"47286","Bulletin - British Association of Sport and Medicine","0306-3690","西文","1964-1968","ProQuest 【電子期刊】"
"47287","Bulletin de la Societe de Pathologie Exotique","1961-9049","西文","2017-present","ProQuest 【電子期刊】"
"45575","Bulletin of Entomological Research","0007-4853","西文","2001-present(已延遲 1 年)","ProQuest 【電子期刊】"
"18372","Bulletin of environmental contamination and toxicology","0007-4861","西文","20000101-","MEDLINE電子期刊"
"45576","Bulletin of Environmental Contamination and Toxicology","0007-4861","西文","1997-present(已延遲 1 年)","ProQuest 【電子期刊】"
"45577","Bulletin of Experimental Biology and Medicine","0007-4888","西文","1997-present(已延遲 1 年)","ProQuest 【電子期刊】"
"48763","Bulletin of Faculty of Physical Therapy","1110-6611","西文","12/1/2015+","ProQuest 【電子期刊】"
"45578","Bulletin of Mathematical Biology","0092-8240","西文","1997-2019","ProQuest 【電子期刊】"
"48153","Bulletin of the Atomic Scientists","0096-3402","西文","1988-2003","ProQuest 【電子期刊】"
"45579","Bulletin of the History of Medicine","0007-5140","西文","2003-present(已延遲 1 年)","ProQuest 【電子期刊】"
"45580","Bulletin of the Menninger Clinic","0025-9284","西文","1998-2017","ProQuest 【電子期刊】"
"48764","Bulletin of the National Research Centre","2522-8307","西文","12/1/2018+","ProQuest 【電子期刊】"
"45581","Bulletin of the NYU Hospital for Joint Diseases","1936-9719","西文","2012-present","ProQuest 【電子期刊】"
"47836","Bulletin of the Royal College of Surgeons of England","1473-6357","西文","2006-present(已延遲 6 個月)","ProQuest 【電子期刊】"
"47288","Bulletin of the Transilvania University of Brasov. Medical Sciences. Series VI","2065-2216","西文","2008-present","ProQuest 【電子期刊】"
"18373","Bulletin of the World Health Organization","0042-9686","西文","20010101-","MEDLINE電子期刊"
"18374","Bulletin on narcotics","0007-523X","西文","20041201-20080701","MEDLINE電子期刊"
"45582","Bulletin on the Rheumatic Diseases","0007-5248","西文","1998-2004","ProQuest 【電子期刊】"
"49527","Bundesgesundheitsblatt - Gesundheitsforschung - Gesundheitsschutz","1436-9990","西文","1997-present","Springer 【電子期刊】"
"37925","Burns","0305-4179","西文","2007/02-present","ClinicalKey 【電子期刊&電子書】"
"48429","Burns & Trauma","2321-3868","西文","2015-2019","ProQuest 【電子期刊】"
"38809","Burns Open","2468-9122","西文","2017-present","ClinicalKey 【電子期刊&電子書】"
"47218","Business Insurance","0007-6864","西文","1999-2016","ProQuest 【電子期刊】"
"37826","The Back Letter","0894-7376","西文","2004-2023","OVID 【電子期刊】"
"8721","The Bone and Joint Journal","2049-4394","西文","2013-present訂購年份:2016-2026","彰濱單本期刊"
"19294","The Brazilian journal of infectious diseases: an official publication of the Brazilian Society of Infectious Diseases","1413-8670","西文","20090201-","MEDLINE電子期刊"
"19246","The breast journal","1075-122X","西文","20010101-","MEDLINE電子期刊"
"18870","The British journal of addiction to alcohol and other drugs","0007-0890","西文","19720301-19791201","MEDLINE電子期刊"
"19181","The British journal of clinical psychology / the British Psychological Society","0144-6657","西文","20010301-","MEDLINE電子期刊"
"19148","The British journal of educational psychology","0007-0998","西文","20010301-","MEDLINE電子期刊"
"18866","The British journal of mathematical and statistical psychology","0007-1102","西文","20010501-","MEDLINE電子期刊"
"19166","The British journal of medical psychology","0007-1129","西文","20010301-20011201","MEDLINE電子期刊"
"19192","The British journal of radiology","0007-1285","西文","20080101-","MEDLINE電子期刊"
"19172","The British journal of social psychology / the British Psychological Society","0144-6665","西文","20010301-","MEDLINE電子期刊"
"18375","CA: a cancer journal for clinicians","0007-9235","西文","20100101-","MEDLINE電子期刊"
"48765","Cadernos Saúde Coletiva","1414-462X","西文","1/1/2012+","ProQuest 【電子期刊】"
"18376","Calcified tissue international","0171-967X","西文","20000101-","MEDLINE電子期刊"
"45587","Calcified Tissue International","0171-967X","西文","1997-present(已延遲 1 年)","ProQuest 【電子期刊】"
"48219","California and Western Medicine","0093-4038","西文","1924-1946","ProQuest 【電子期刊】"
"47010","California Management Review","0008-1256","西文","1987-2001","ProQuest 【電子期刊】"
"47011","California Management Review (pre-1986)","0008-1256","西文","1960-1985","ProQuest 【電子期刊】"
"47289","California Medicine","0008-1264","西文","1946-1973","ProQuest 【電子期刊】"
"48220","California State Journal of Medicine","0093-402X","西文","1902-1924","ProQuest 【電子期刊】"
"48766","Cambridge Prisms: Precision Medicine","2752-6143","西文","1/1/2023+","ProQuest 【電子期刊】"
"45588","Cambridge Quarterly of Healthcare Ethics; CQ","0963-1801","西文","2001-present(已延遲 1 年)","ProQuest 【電子期刊】"
"45589","Canada Communicable Disease Report","1188-4169","西文","2014-2021","ProQuest 【電子期刊】"
"45590","Canadian Association of Radiologists Journal","0846-5371","西文","1998-2011","ProQuest 【電子期刊】"
"33617","Canadian Family Physician","1715-5258","西文","2000.01-present","其它"
"18378","Canadian family physician Medecin de famille canadien","0008-350X","西文","20080101-","MEDLINE電子期刊"
"47126","Canadian Geriatrics Journal","1925-8348","西文","2011-present","ProQuest 【電子期刊】"
"37830","Canadian Journal of Addiction Medicine","2202-4433","西文","2013-present","OVID 【電子期刊】"
"45591","Canadian Journal of Anesthesia","0832-610X","西文","1997-present(已延遲 1 年)","ProQuest 【電子期刊】"
"49529","Canadian Journal of Anesthesia/Journal canadien d'anesth?sie","0832-610X","西文","1997-present","Springer 【電子期刊】"
"51178","Canadian Journal of Applied Linguistics, The","1481-868X","西文","4/1/2009+","ProQuest 【電子期刊】"
"37928","Canadian Journal of Cardiology","0828-282X","西文","2007/01-present","ClinicalKey 【電子期刊&電子書】"
"46649","Canadian Journal of Critical Care Nursing, The","2368-8653","西文","1997-present","ProQuest 【電子期刊】"
"37929","Canadian Journal of Diabetes","1499-2671","西文","2007/01-present","ClinicalKey 【電子期刊&電子書】"
"45592","Canadian Journal of Dietetic Practice and Research","1486-3847","西文","1998-present","ProQuest 【電子期刊】"
"18379","Canadian journal of dietetic practice and research: a publication of Dietitians of Canada = Revue canadienne de la pratique et de la recherche en...","1486-3847","西文","20050601-","MEDLINE電子期刊"
"45593","Canadian Journal of Experimental Psychology","1196-1961","西文","1993-present","ProQuest 【電子期刊】"
"18380","Canadian journal of experimental psychology = Revue canadienne de psychologie experimentale","1196-1961","西文","20070301-","MEDLINE電子期刊"
"45594","Canadian Journal of Gastroenterology & Hepatology, The","2291-2789","西文","2013-present","ProQuest 【電子期刊】"
"48767","Canadian Journal of Infection Control, The","1183-5702","西文","1/1/2020+","ProQuest 【電子期刊】"
"47659","Canadian Journal of Infectious Diseases & Medical Microbiology, The","1712-9532","西文","2013-present","ProQuest 【電子期刊】"
"48281","Canadian Journal of Kidney Health & Disease","2054-3581","西文","2017-present","ProQuest 【電子期刊】"
"48228","Canadian Journal of Medical Laboratory Science","1207-5833","西文","2007-present","ProQuest 【電子期刊】"
"18381","Canadian journal of microbiology","0008-4166","西文","20010101-","MEDLINE電子期刊"
"45595","Canadian Journal of Microbiology","0008-4166","西文","1998-2007","ProQuest 【電子期刊】"
"48768","Canadian Journal of Neurological Sciences","0317-1671","西文","1/1/2015+","ProQuest 【電子期刊】"
"45596","Canadian Journal of Neuroscience Nursing","1913-7176","西文","2015-2019","ProQuest 【電子期刊】"
"45597","Canadian Journal of Occupational Therapy, The","0008-4174","西文","1933-2017","ProQuest 【電子期刊】"
"37930","Canadian Journal of Ophthalmology","0008-4182","西文","2007/02-present","ClinicalKey 【電子期刊&電子書】"
"18382","Canadian journal of physiology and pharmacology","0008-4212","西文","20010101-","MEDLINE電子期刊"
"45598","Canadian Journal of Physiology and Pharmacology","0008-4212","西文","1998-2007","ProQuest 【電子期刊】"
"45599","Canadian Journal of Psychiatry","0706-7437","西文","2004-2016","ProQuest 【電子期刊】"
"48524","Canadian Journal of Psychoanalysis","1195-3330","西文","1993-2011","ProQuest 【電子期刊】"
"45600","Canadian Journal of Public Health","0008-4263","西文","1998-present","ProQuest 【電子期刊】"
"18383","Canadian journal of public health = Revue canadienne de sante publique","0008-4263","西文","20030101-","MEDLINE電子期刊"
"47290","Canadian Journal of Respiratory Therapy","1205-9838","西文","2006-2011","ProQuest 【電子期刊】"
"45601","Canadian Journal of Rural Medicine","1203-7796","西文","1998-2018","ProQuest 【電子期刊】"
"18384","Canadian journal of rural medicine: the official journal of the Society of Rural Physicians of Canada = Journal canadien de la medecine rurale: le...","1203-7796","西文","20040101-","MEDLINE電子期刊"
"37932","Canadian Journal of Surgery","0008-428X","西文","2007-present","ClinicalKey 【電子期刊&電子書】"
"45602","Canadian Journal of Surgery","0008-428X","西文","1994-present","ProQuest 【電子期刊】"
"18385","Canadian journal of surgery. Journal canadien de chirurgie","0008-428X","西文","19990201-","MEDLINE電子期刊"
"46963","Canadian Journal of Zoology","1480-3283","西文","1998-2007","ProQuest 【電子期刊】"
"45603","Canadian Journal on Aging","0714-9808","西文","2009-present","ProQuest 【電子期刊】"
"18386","Canadian Medical Association journal","0008-4409","西文","19490101-19850801","MEDLINE電子期刊"
"37933","Canadian Medical Association Journal","0820-3946","西文","2007/03-present","ClinicalKey 【電子期刊&電子書】"
"37934","Canadian Medical Association Journal Open","2291-0026","西文","2013-present","ClinicalKey 【電子期刊&電子書】"
"45604","Canadian Medical Association. Journal; CMAJ","0820-3946","西文","1997-present","ProQuest 【電子期刊】"
"45605","Canadian Nurse, The","0008-4581","西文","1999-2009","ProQuest 【電子期刊】"
"48291","Canadian Oncology Nursing Journal = Revue Canadienne de Nursing Oncologique","1181-912X","西文","2015-2019","ProQuest 【電子期刊】"
"45606","Canadian Respiratory Journal","1198-2241","西文","2013-present","ProQuest 【電子期刊】"
"48177","Canadian Review of Sociology, The","1755-6171","西文","1992-2008","ProQuest 【電子期刊】"
"8670","Cancer","0008-543X","西文","1948-present","Wiley Online Library(電子期刊)"
"48357","Cancer & Metabolism","2049-3002","西文","2015-present","ProQuest 【電子期刊】"
"45614","Cancer and Metastasis Reviews","0167-7659","西文","1997-present (已延遲 1 年)","ProQuest 【電子期刊】"
"45607","Cancer Biotherapy & Radiopharmaceuticals","1084-9785","西文","2000-2018","ProQuest 【電子期刊】"
"45608","Cancer Causes & Control","0957-5243","西文","1999-present (已延遲 1 年)","ProQuest 【電子期刊】"
"18387","Cancer causes & control: CCC","0957-5243","西文","20050201-","MEDLINE電子期刊"
"48358","Cancer Cell International","1475-2867","西文","2009-present","ProQuest 【電子期刊】"
"48769","Cancer Cell International [NLM - MEDLINE]","1475-2867","西文","7/7/2005-11/14/2005","ProQuest 【電子期刊】"
"18388","Cancer chemotherapy and pharmacology","0344-5704","西文","20000101-","MEDLINE電子期刊"
"45609","Cancer Chemotherapy and Pharmacology","0344-5704","西文","1997-present(已延遲 1 年)","ProQuest 【電子期刊】"
"49530","Cancer Chemotherapy and Pharmacology","0344-5704","西文","1997-present","Springer 【電子期刊】"
"48366","Cancer Communications","1000-467X","西文","2015-present","ProQuest 【電子期刊】"
"48770","Cancer Control","1073-2748","西文","9/1/2017+","ProQuest 【電子期刊】"
"51055","Cancer Cytopathology","1934-6638","西文","1997-present","Wiley Online Library(電子期刊)"
"37935","Cancer Detection and Prevention","0361-090X","西文","2007-2009","ClinicalKey 【電子期刊&電子書】"
"51179","Cancer Diagnosis & Prognosis","2732-7787","西文","1/1/2023+","ProQuest 【電子期刊】"
"37936","Cancer Epidemiology","1877-7821","西文","2009/07-present","ClinicalKey 【電子期刊&電子書】"
"45610","Cancer Epidemiology","1877-7821","西文","2003-present(已延遲 2 個月)","ProQuest 【電子期刊】"
"18389","Cancer gene therapy","0929-1903","西文","19990101-20151101","MEDLINE電子期刊"
"45611","Cancer Gene Therapy","0929-1903","西文","2000-present(已延遲 1 年)","ProQuest 【電子期刊】"
"37937","Cancer Genetics","2210-7762","西文","2011/01-present","ClinicalKey 【電子期刊&電子書】"
"37938","Cancer Genetics and Cytogenetics","0165-4608","西文","2007-2011","ClinicalKey 【電子期刊&電子書】"
"51180","Cancer Genomics & Proteomics","1109-6535","西文","1/1/2023+","ProQuest 【電子期刊】"
"36985","Cancer Growth and Metastasis","1179-0644","西文","20111201-20151202","Airiti Library 【華藝中文電子期刊】"
"48359","Cancer Imaging","1740-5025","西文","2015-present","ProQuest 【電子期刊】"
"18390","Cancer imaging: the official publication of the International Cancer Imaging Society","1740-5025","西文","20080101-","MEDLINE電子期刊"
"45612","Cancer Immunology, Immunotherapy","0340-7004","西文","1997-present (已延遲 1 年)","ProQuest 【電子期刊】"
"18391","Cancer immunology, immunotherapy: CII","0340-7004","西文","20000301-","MEDLINE電子期刊"
"36986","Cancer Informatics","1176-9351","西文","20111201-20151206","Airiti Library 【華藝中文電子期刊】"
"48771","Cancer Informatics","1176-9351","西文","1/1/2005+","ProQuest 【電子期刊】"
"48772","Cancer Innovation","2770-9191","西文","6/1/2022+","ProQuest 【電子期刊】"
"18392","Cancer investigation","0735-7907","西文","20010101-","MEDLINE電子期刊"
"37577","Cancer Journal","1528-9117","西文","2002.01-present","OVID 【電子期刊】"
"37939","Cancer Letters","0304-3835","西文","2007/1-present","ClinicalKey 【電子期刊&電子書】"
"48773","Cancer Management and Research","1179-1322","西文","1/1/2009+","ProQuest 【電子期刊】"
"48360","Cancer Medicine","2045-7634","西文","2012-present","ProQuest 【電子期刊】"
"48361","Cancer Nanotechnology","1868-6958","西文","2010-present","ProQuest 【電子期刊】"
"37578","Cancer Nursing","0162-220X","西文","1996.02-present","OVID 【電子期刊】"
"48292","Cancer Nursing Practice (2014+)","1475-4266","西文","2014-2021","ProQuest 【電子期刊】"
"48293","Cancer Nursing Practice (through 2013)","1475-4266","西文","2006-2013","ProQuest 【電子期刊】"
"38684","Cancer Pathogenesis and Therapy","2949-7132","西文","2023-present","ClinicalKey 【電子期刊&電子書】"
"18393","Cancer practice","1065-4704","西文","19980101-20021101","MEDLINE電子期刊"
"51181","Cancer Reports","2573-8348","西文","8/1/2020+","ProQuest 【電子期刊】"
"18394","Cancer science","1347-9032","西文","20050101-","MEDLINE電子期刊"
"51182","Cancer Science","1347-9032","西文","1/1/1988+","ProQuest 【電子期刊】"
"48362","Cancer Translational Medicine","2395-3977","西文","2015-2020","ProQuest 【電子期刊】"
"38526","Cancer Treatment and Research Communications","2468-2942","西文","2016-present","ClinicalKey 【電子期刊&電子書】"
"49500","Cancer Treatment Communications","2213-0896","西文","2013-2016","ClinicalKey 【電子期刊&電子書】"
"37941","Cancer Treatment Reviews","0305-7372","西文","2007/01-present","ClinicalKey 【電子期刊&電子書】"
"47928","Cannabis and Cannabinoid Research","2578-5125","西文","2016-2018","ProQuest 【電子期刊】"
"48774","Cannabis Science and Technology","2643-8844","西文","5/26/2022+","ProQuest 【電子期刊】"
"45583","CANNT Journal","1498-5136","西文","2004-present","ProQuest 【電子期刊】"
"47293","CAP Today","0891-1525","西文","2013-present","ProQuest 【電子期刊】"
"47895","Carbon Balance and Management","1750-0680","西文","2006-present","ProQuest 【電子期刊】"
"37942","Cardiac Electrophysiology Clinics","1877-9182","西文","2009.12-present","ClinicalKey 【電子期刊&電子書】"
"45615","Cardiac Electrophysiology Review","1385-2264","西文","1999-2003","ProQuest 【電子期刊】"
"48777","Cardio-Oncology","2057-3804","西文","1/1/2015+","ProQuest 【電子期刊】"
"18395","Cardiology","0008-6312","西文","19980101-","MEDLINE電子期刊"
"45616","Cardiology","0008-6312","西文","1998-2015","ProQuest 【電子期刊】"
"47616","Cardiology and Therapy","2193-8261","西文","2012-2019","ProQuest 【電子期刊】"
"37943","Cardiology Clinics","0733-8651","西文","2007/02-present","ClinicalKey 【電子期刊&電子書】"
"37579","Cardiology in Review","1061-5377","西文","2001.01-present","OVID 【電子期刊】"
"45617","Cardiology in the Young","1047-9511","西文","2001-present (已延遲 1 年)","ProQuest 【電子期刊】"
"48775","Cardiology Journal","1897-5593","西文","1/1/2010+","ProQuest 【電子期刊】"
"36987","Cardiology Research and Practice","2090-0597","西文","20090101-20171201","Airiti Library 【華藝中文電子期刊】"
"48776","Cardiology Research and Practice","2090-8016","西文","1/1/2013+","ProQuest 【電子期刊】"
"47617","Cardiology Today","1939-098X","西文","2008-present","ProQuest 【電子期刊】"
"47618","Cardiology Today Intervention","2162-819X","西文","2012-2019","ProQuest 【電子期刊】"
"47294","Cardiometry","2304-7232","西文","2012-present","ProQuest 【電子期刊】"
"37817","Cardiopulmonary Physical Therapy","1541-7891","西文","1990.01-present","OVID 【電子期刊】"
"47619","Cardiopulmonary Physical Therapy Journal","1541-7891","西文","1999-2015","ProQuest 【電子期刊】"
"47620","CardioRenal Medicine","1664-3828","西文","2011-2015","ProQuest 【電子期刊】"
"48778","Cardiothoracic Surgeon, The","2636-333X","西文","12/1/2019+","ProQuest 【電子期刊】"
"49531","CardioVasc","1617-4933","西文","2012.02-present","Springer 【電子期刊】"
"18397","Cardiovascular and interventional radiology","0174-1551","西文","20030201-","MEDLINE電子期刊"
"45623","Cardiovascular and Interventional Radiology","0174-1551","西文","1997-present(已延遲 1 年)","ProQuest 【電子期刊】"
"49532","CardioVascular and Interventional Radiology","0174-1551","西文","1997-present","Springer 【電子期刊】"
"48779","Cardiovascular and Thoracic Open","2055-5520","西文","1/1/2015-1/1/2017","ProQuest 【電子期刊】"
"18398","Cardiovascular diabetology","1475-2840","西文","20020101-","MEDLINE電子期刊"
"45618","Cardiovascular Diabetology","1475-2840","西文","2009-present","ProQuest 【電子期刊】"
"38596","Cardiovascular Digital Health Journal","2666-6936","西文","2020-present","ClinicalKey 【電子期刊&電子書】"
"18399","Cardiovascular drug reviews","0897-5957","西文","20060601-20071201","MEDLINE電子期刊"
"45619","Cardiovascular Drugs and Therapy","0920-3206","西文","1999-present(已延遲 1 年)","ProQuest 【電子期刊】"
"49533","Cardiovascular Drugs and Therapy","0920-3206","西文","1997-present","Springer 【電子期刊】"
"37580","Cardiovascular Endocrinology","2162-6898","西文","2012-2017","OVID 【電子期刊】"
"45620","Cardiovascular Engineering","1567-8822","西文","2001-2010","ProQuest 【電子期刊】"
"49534","Cardiovascular Intervention and Therapeutics","1868-4300","西文","2010-present","Springer 【電子期刊】"
"47623","Cardiovascular Journal of Africa","1995-1892","西文","2010-2018","ProQuest 【電子期刊】"
"51088","Cardiovascular Pathology","1054-8807","西文","2007-present","ClinicalKey 【電子期刊&電子書】"
"36988","Cardiovascular Psychiatry and Neurology","2090-0163","西文","20131201-20161201","Airiti Library 【華藝中文電子期刊】"
"37944","Cardiovascular Revascularization Medicine","1553-8389","西文","2007/01-present","ClinicalKey 【電子期刊&電子書】"
"38787","Cardiovascular Revascularization Medicine: Interesting Cases","2950-2756","西文","2024-present","ClinicalKey 【電子期刊&電子書】"
"18400","Cardiovascular therapeutics","1755-5914","西文","20080301-","MEDLINE電子期刊"
"48780","Cardiovascular Therapeutics","1755-5914","西文","1/1/2019+","ProQuest 【電子期刊】"
"45621","Cardiovascular Toxicology","1530-7905","西文","2001-present(已延遲 1 年)","ProQuest 【電子期刊】"
"18401","Cardiovascular ultrasound","1476-7120","西文","20030101-","MEDLINE電子期刊"
"45622","Cardiovascular Ultrasound","1476-7120","西文","2009-present","ProQuest 【電子期刊】"
"45624","Care Management Journals","1521-0987","西文","1999-2016","ProQuest 【電子期刊】"
"51183","Care. Costi dell'Assistenza e Risorse Economiche","1128-5524","西文","1/1/2022+","ProQuest 【電子期刊】"
"45625","Caries Research","0008-6568","西文","1997-2015","ProQuest 【電子期刊】"
"38758","CASE","2468-6441","西文","2017-present","ClinicalKey 【電子期刊&電子書】"
"47172","Case Management Advisor","1053-5500","西文","2008-2013","ProQuest 【電子期刊】"
"47600","Case Reports in Anesthesiology","2090-6382","西文","2012-present","ProQuest 【電子期刊】"
"47624","Case Reports in Cardiology","2090-6404","西文","2012-present","ProQuest 【電子期刊】"
"47296","Case reports in Critical Care","2090-6420","西文","2012-present","ProQuest 【電子期刊】"
"47696","Case Reports in Dentistry","2090-6447","西文","2012-present","ProQuest 【電子期刊】"
"47757","Case Reports in Dermatological Medicine","2090-6463","西文","2012-present","ProQuest 【電子期刊】"
"47758","Case Reports in Dermatology","1662-6567","西文","2017-present","ProQuest 【電子期刊】"
"48430","Case Reports in Emergency Medicine","2090-648X","西文","2012-present","ProQuest 【電子期刊】"
"47779","Case Reports in Endocrinology","2090-6501","西文","2012-present","ProQuest 【電子期刊】"
"48250","Case Reports in Gastroenterology","1662-0631","西文","2017-present","ProQuest 【電子期刊】"
"48251","Case Reports in Gastrointestinal Medicine","2090-6528","西文","2012-present","ProQuest 【電子期刊】"
"48272","Case Reports in Hematology","2090-6560","西文","2012-present","ProQuest 【電子期刊】"
"48252","Case Reports in Hepatology","2090-6587","西文","2012-present","ProQuest 【電子期刊】"
"47582","Case Reports in Immunology","2090-6609","西文","2012-present","ProQuest 【電子期刊】"
"47660","Case Reports in Infectious Diseases","2090-6625","西文","2012-present","ProQuest 【電子期刊】"
"36989","Case Reports in Medicine","1687-9627","西文","20111201-20151201","Airiti Library 【華藝中文電子期刊】"
"47297","Case Reports in Medicine","1687-9627","西文","2010-present","ProQuest 【電子期刊】"
"47870","Case Reports in Nephrology","2090-6641","西文","2012-present","ProQuest 【電子期刊】"
"47871","Case Reports in Nephrology and Dialysis","2296-9705","西文","2017-present","ProQuest 【電子期刊】"
"48525","Case Reports in Neurological Medicine","2090-6668","西文","2012-present","ProQuest 【電子期刊】"
"48526","Case Reports in Neurology","1662-680X","西文","2017-present","ProQuest 【電子期刊】"
"48294","Case Reports in Obstetrics and Gynecology","2090-6684","西文","2012-present","ProQuest 【電子期刊】"
"48364","Case Reports in Oncological Medicine","2090-6706","西文","2012-present","ProQuest 【電子期刊】"
"48365","Case Reports in Oncology","1662-6575","西文","2017-present","ProQuest 【電子期刊】"
"48406","Case Reports in Ophthalmological Medicine","2090-6722","西文","2012-present","ProQuest 【電子期刊】"
"48407","Case Reports in Ophthalmology","1663-2699","西文","2017-present","ProQuest 【電子期刊】"
"48431","Case Reports in Orthopedics","2090-6749","西文","2012-present","ProQuest 【電子期刊】"
"48464","Case Reports in Otolaryngology","2090-6765","西文","2012-present","ProQuest 【電子期刊】"
"48476","Case Reports in Pediatrics","2090-6803","西文","2012-present","ProQuest 【電子期刊】"
"48326","Case Reports in Perinatal Medicine","2192-8932","西文","2013-2017","ProQuest 【電子期刊】"
"48527","Case Reports in Psychiatry","2090-682X","西文","2012-present","ProQuest 【電子期刊】"
"47800","Case Reports in Pulmonology","2090-6846","西文","2012-present","ProQuest 【電子期刊】"
"48611","Case Reports in Radiology","2090-6862","西文","2012-present","ProQuest 【電子期刊】"
"47811","Case Reports in Rheumatology","2090-6889","西文","2012-present","ProQuest 【電子期刊】"
"47837","Case Reports in Surgery","2090-6900","西文","2012-present","ProQuest 【電子期刊】"
"47838","Case Reports in Transplantation","2090-6943","西文","2012-present","ProQuest 【電子期刊】"
"47872","Case Reports in Urology","2090-696X","西文","2012-present","ProQuest 【電子期刊】"
"47625","Case Reports in Vascular Medicine","2090-6986","西文","2012-present","ProQuest 【電子期刊】"
"48194","Case Reports in Veterinary Medicine","2090-7001","西文","2012-present","ProQuest 【電子期刊】"
"36990","Case Reports International","","西文","20121201-20151201","Airiti Library 【華藝中文電子期刊】"
"6561","Catheterization and Cardiovascular Interventions","1522-1946","西文","1996-present","Wiley Online Library(電子期刊)"
"46885","Cell & Bioscience","2045-3701","西文","2015-present","ProQuest 【電子期刊】"
"36991","Cell & Tissue Transplantation & Therapy","1179-0687","西文","20121201-20151201","Airiti Library 【華藝中文電子期刊】"
"46886","Cell & Tissue Transplantation & Therapy","1179-0687","西文","2008-2016","ProQuest 【電子期刊】"
"45632","Cell and Tissue Banking","1389-9333","西文","2000-present","ProQuest 【電子期刊】"
"51184","Cell and Tissue Biology","1990-519X","西文","2/1/2023+","ProQuest 【電子期刊】"
"18402","Cell and tissue research","0302-766X","西文","20000101-","MEDLINE電子期刊"
"45633","Cell and Tissue Research","0302-766X","西文","2002-present(已延遲 1 年)","ProQuest 【電子期刊】"
"45626","Cell Biochemistry and Biophysics","1085-9195","西文","1997-present(已延遲 1 年)","ProQuest 【電子期刊】"
"18403","Cell biology and toxicology","0742-2091","西文","20000201-","MEDLINE電子期刊"
"45627","Cell Biology and Toxicology","0742-2091","西文","1997-present(已延遲 1 年)","ProQuest 【電子期刊】"
"37945","Cell Calcium","0143-4160","西文","2007/01-present","ClinicalKey 【電子期刊&電子書】"
"18404","Cell communication & adhesion","1541-9061","西文","20020101-","MEDLINE電子期刊"
"45628","Cell Communication and Signaling","1478-811X","西文","2009 - present","ProQuest 【電子期刊】"
"36992","Cell Communication Insights","1179-5689","西文","20121201-20151201","Airiti Library 【華藝中文電子期刊】"
"18405","Cell death and differentiation","1350-9047","西文","19980101-20151201","MEDLINE電子期刊"
"45629","Cell Death and Differentiation","1350-9047","西文","2000-present(已延遲 1 年)","ProQuest 【電子期刊】"
"46887","Cell Death and Disease","2041-4889","西文","2010-present","ProQuest 【電子期刊】"
"46888","Cell Death Discovery","2058-7716","西文","2015-present","ProQuest 【電子期刊】"
"46889","Cell Discovery","2056-5968","西文","2015-present","ProQuest 【電子期刊】"
"46890","Cell Division","1747-1028","西文","2009-present","ProQuest 【電子期刊】"
"38597","Cell Genomics","2666-979X","西文","2020-present","ClinicalKey 【電子期刊&電子書】"
"47298","Cell Journal","2228-5806","西文","2009-present","ProQuest 【電子期刊】"
"48781","Cell Medicine","2155-1790","西文","1/1/2018-1/1/2019","ProQuest 【電子期刊】"
"18406","Cell proliferation","0960-7722","西文","19980201-","MEDLINE電子期刊"
"46891","Cell Regeneration","2045-9769","西文","2015-present","ProQuest 【電子期刊】"
"38598","Cell Reports Medicine","2666-3791","西文","2020-present","ClinicalKey 【電子期刊&電子書】"
"18407","Cell research","1001-0602","西文","20060101-20151101","MEDLINE電子期刊"
"45630","Cell Research","1001-0602","西文","2000-present(已延遲 1 年)","ProQuest 【電子期刊】"
"18408","Cell stress & chaperones","1355-8145","西文","20040301-","MEDLINE電子期刊"
"45631","Cell Stress & Chaperones","1355-8145","西文","2005-2019","ProQuest 【電子期刊】"
"48782","Cell Structure and Function","0386-7196","西文","1/1/2017+","ProQuest 【電子期刊】"
"48783","Cell Transplantation","0963-6897","西文","1/1/2016+","ProQuest 【電子期刊】"
"45634","Cells Tissues Organs","1422-6405","西文","1999-2015","ProQuest 【電子期刊】"
"18409","Cells, tissues, organs","1422-6405","西文","19990101-","MEDLINE電子期刊"
"45635","Cellular & Molecular Biology Letters","1425-8153","西文","2006-present","ProQuest 【電子期刊】"
"46812","Cellular & Molecular Immunology","1672-7681","西文","2008-present(已延遲 1 年)","ProQuest 【電子期刊】"
"46864","Cellular and Molecular Bioengineering","1865-5025","西文","2008-2018","ProQuest 【電子期刊】"
"38532","Cellular and Molecular Gastroenterology and Hepatology","2352-345X","西文","2015-present","ClinicalKey 【電子期刊&電子書】"
"45636","Cellular and Molecular Life Sciences","1420-682X","西文","1997-present(已延遲 1 年)","ProQuest 【電子期刊】"
"18410","Cellular and molecular life sciences: CMLS","1420-682X","西文","20000101-","MEDLINE電子期刊"
"51185","Cellular and Molecular Neurobiology","0272-4340","西文","8/1/2015+","ProQuest 【電子期刊】"
"18411","Cellular microbiology","1462-5814","西文","19990701-","MEDLINE電子期刊"
"51186","Cellular Oncology","2211-3428","西文","2/1/2021+","ProQuest 【電子期刊】"
"18412","Cellular oncology (Dordrecht)","2211-3428","西文","20110201-","MEDLINE電子期刊"
"18413","Cellular oncology: the official journal of the International Society for Cellular Oncology","1570-5870","西文","20040101-20100601","MEDLINE電子期刊"
"46892","Cellular Physiology and Biochemistry","1015-8987","西文","2017-present","ProQuest 【電子期刊】"
"27952","Cellular physiology and biochemistry: international journal of experimental cellular physiology, biochemistry, and pharmacology","1015-8987","西文","20050101-","MEDLINE電子期刊"
"48081","Centers for Disease Control and Prevention (CDC) Documents / FIND","","西文","2005-present","ProQuest 【電子期刊】"
"47299","Central Asian Journal of Global Health","2166-7403","西文","2012-2021","ProQuest 【電子期刊】"
"45637","Central European Journal of Immunology; Warsaw","1426-3912","西文","2005-present","ProQuest 【電子期刊】"
"47300","Central European Journal of Medicine","1895-1058","西文","2006-2017","ProQuest 【電子期刊】"
"18414","Central European journal of public health","1210-7778","西文","20060301-","MEDLINE電子期刊"
"45638","Central European Journal of Public Health","1210-7778","西文","2009-present(已延遲 6 個月)","ProQuest 【電子期刊】"
"47873","Central European Journal of Urology","2080-4806","西文","2010-present","ProQuest 【電子期刊】"
"48784","Centre For Evidence-Based Medicine [BLOG]","","西文","7/24/2018-7/19/2021","ProQuest 【電子期刊】"
"48785","Cephalalgia Reports","2515-8163","西文","1/1/2018+","ProQuest 【電子期刊】"
"18415","Cephalalgia: an international journal of headache","0333-1024","西文","19960201-20091201","MEDLINE電子期刊"
"48528","Cerebellum & Ataxias","2053-8871","西文","2015-2021","ProQuest 【電子期刊】"
"45639","Cerebellum, The","1473-4222","西文","2002-present (已延遲 1 年)","ProQuest 【電子期刊】"
"38646","Cerebral Circulation: Cognition and Behavior","2666-2450","西文","2020-present","ClinicalKey 【電子期刊&電子書】"
"51187","Cerebral Cortex Communications","2632-7376","西文","1/1/2020-1/1/2023","ProQuest 【電子期刊】"
"18416","Cerebrovascular diseases","1015-9770","西文","20050101-","MEDLINE電子期刊"
"45640","Cerebrovascular Diseases","1015-9770","西文","1997-2015","ProQuest 【電子期刊】"
"48273","Cerebrovascular Diseases. Extra","1664-5456","西文","2017-present","ProQuest 【電子期刊】"
"47301","CES Medicina","0120-8705","西文","2010-present","ProQuest 【電子期刊】"
"46964","CES Medicina Veterinaria y Zootecnia","1900-9607","西文","2010-present","ProQuest 【電子期刊】"
"47697","CES Odontología","0120-971X","西文","2010-present","ProQuest 【電子期刊】"
"47085","Change","0009-1383","西文","1988-2010","ProQuest 【電子期刊】"
"47051","Changing Times (pre-1986)","0009-143X","西文","1949-1985","ProQuest 【電子期刊】"
"48295","Chart","0069-2778","西文","1998-2012","ProQuest 【電子期刊】"
"47302","Checklists","","西文","2002-2011","ProQuest 【電子期刊】"
"18417","Chemical biology & drug design","1747-0277","西文","20060101-","MEDLINE電子期刊"
"47929","Chemist & Druggist","0009-3033","西文","1997-2013","ProQuest 【電子期刊】"
"46842","Chemosensory Perception","1936-5802","西文","2008-present(已延遲 1 年)","ProQuest 【電子期刊】"
"18418","Chemotherapy","0009-3157","西文","20050101-20110901","MEDLINE電子期刊"
"45641","Chemotherapy","0009-3157","西文","1998-2015","ProQuest 【電子期刊】"
"36993","Chemotherapy Research and Practice","2090-2107","西文","20141201-20151201","Airiti Library 【華藝中文電子期刊】"
"38490","Chest","0012-3692","西文","2011-present","ClinicalKey 【電子期刊&電子書】"
"45642","Chest","0012-3692","西文","1997-2006","ProQuest 【電子期刊】"
"38753","CHEST Critical Care","2949-7884","西文","2023-present","ClinicalKey 【電子期刊&電子書】"
"38754","CHEST Pulmonary","2949-7892","西文","2023-present","ClinicalKey 【電子期刊&電子書】"
"6907","Chest(南醫2026年起停訂)","0012-3692","英文","1970-present","南醫單本訂購期刊"
"47046","Chief Information Officer Journal","0899-0182","西文","1992-1993","ProQuest 【電子期刊】"
"48529","Child & Adolescent Psychopharmacology News","1085-0295","西文","2001-2017","ProQuest 【電子期刊】"
"47037","Child & Adolescent Social Work Journal","0738-0151","西文","2005-present","ProQuest 【電子期刊】"
"37946","Child Abuse & Neglect","0145-2134","西文","2007/01-present","ClinicalKey 【電子期刊&電子書】"
"37947","Child and Adolescent Psychiatric Clinics of North America","1056-4993","西文","2007/01-present","ClinicalKey 【電子期刊&電子書】"
"48530","Child and Adolescent Psychiatry and Mental Health","1753-2000","西文","2009-present","ProQuest 【電子期刊】"
"18419","Child development","0009-3920","西文","19650301-","MEDLINE電子期刊"
"18420","Child health alert","1064-4849","西文","20020101-20100501","MEDLINE電子期刊"
"45643","Child Health Alert","1064-4849","西文","1997-2010","ProQuest 【電子期刊】"
"48786","Child Neurology Open","2329-048X","西文","1/1/2016+","ProQuest 【電子期刊】"
"18421","Child neuropsychology: a journal on normal and abnormal development in childhood and adolescence","0929-7049","西文","20000301-","MEDLINE電子期刊"
"38775","Child Protection and Practice","2950-1938","西文","2024-present","ClinicalKey 【電子期刊&電子書】"
"18422","Child psychiatry and human development","0009-398X","西文","19930901-","MEDLINE電子期刊"
"45644","Child Psychiatry and Human Development","0009-398X","西文","1997-present(已延遲 1 年)","ProQuest 【電子期刊】"
"18423","Child welfare","0009-4021","西文","19900101-","MEDLINE電子期刊"
"45645","Child Welfare","0009-4021","西文","1994-present","ProQuest 【電子期刊】"
"49535","Child's Nervous System","0256-7040","西文","1997-present","Springer 【電子期刊】"
"51188","Child's Nervous System","0256-7040","西文","1/1/2023+","ProQuest 【電子期刊】"
"18424","Child's nervous system: ChNS: official journal of the International Society for Pediatric Neurosurgery","0256-7040","西文","20050101-","MEDLINE電子期刊"
"45646","Childhood Obesity","2153-2168","西文","2005-2021","ProQuest 【電子期刊】"
"48787","Children","2227-9067","西文","1/1/2021+","ProQuest 【電子期刊】"
"48159","Children Australia","1035-0772","西文","2011-2020","ProQuest 【電子期刊】"
"47038","Children Today","0361-4336","西文","1988-1997","ProQuest 【電子期刊】"
"18425","Chinese journal of digestive diseases","1443-9611","西文","20040301-20061201","MEDLINE電子期刊"
"18426","Chinese journal of integrative medicine","1672-0415","西文","20050601-","MEDLINE電子期刊"
"49796","Chinese Journal of Integrative Medicine","1672-0415","西文","1995-present","Springer 【電子期刊】"
"51189","Chinese Journal of Integrative Medicine","1672-0415","西文","1/1/2023+","ProQuest 【電子期刊】"
"47303","Chinese Medical Journal","0366-6999","西文","2015-present","ProQuest 【電子期刊】"
"47304","Chinese Medicine","1749-8546","西文","2009-present","ProQuest 【電子期刊】"
"48788","Chinese Medicine and Culture","2589-9627","西文","4/1/2018-10/1/2021","ProQuest 【電子期刊】"
"48789","Chinese Neurosurgical Journal","2057-4967","西文","1/1/2015+","ProQuest 【電子期刊】"
"49797","Chinesische Medizin / Chinese Medicine","0930-2786","西文","2009-present","Springer 【電子期刊】"
"47651","Chiropractic & Manual Therapies","2045-709X","西文","2009-present","ProQuest 【電子期刊】"
"47652","Chiropractic History","0736-4377","西文","2015-2016","ProQuest 【電子期刊】"
"47653","Chiropractic Journal","1542-3190","西文","1998-2013","ProQuest 【電子期刊】"
"47654","Chiropractic Journal of Australia","1036-0913","西文","2005-2007","ProQuest 【電子期刊】"
"36994","Cholesterol","2090-1283","西文","20141201-20151201","Airiti Library 【華藝中文電子期刊】"
"47305","Cholesterol","2090-1283","西文","2010-2018","ProQuest 【電子期刊】"
"18427","Christian bioethics","1380-3603","西文","19950301-","MEDLINE電子期刊"
"18428","Chromosoma","0009-5915","西文","20000301-20151201","MEDLINE電子期刊"
"45647","Chromosoma","0009-5915","西文","1997-present(已延遲 1 年)","ProQuest 【電子期刊】"
"45648","Chromosome Research","0967-3849","西文","1997-present (已延遲 1 年)","ProQuest 【電子期刊】"
"48790","Chronic Diseases and Translational Medicine","2095-882X","西文","1/1/2013+","ProQuest 【電子期刊】"
"18429","Chronic respiratory disease","1479-9723","西文","20040201-20160501","MEDLINE電子期刊"
"45650","Chronic Respiratory Disease","1479-9723","西文","2004-present","ProQuest 【電子期刊】"
"45651","Ciência & Saúde Coletiva","1413-8123","西文","1998-present","ProQuest 【電子期刊】"
"46893","Cilia","2046-2530","西文","2015-present","ProQuest 【電子期刊】"
"37575","CIN: Computers, Informatics, Nursing","1538-2931","西文","2002.03-present","OVID 【電子期刊】"
"37581","Circulation","0009-7322","西文","1950.01-present","OVID 【電子期刊】"
"37582","Circulation Research","0009-7330","西文","1953.01-present","OVID 【電子期刊】"
"37583","Circulation: Arrhythmia and Electrophysiology","1941-3149","西文","2008.04-present","OVID 【電子期刊】"
"37584","Circulation: Cardiovascular Genetics","1942-325X","西文","2008-2017","OVID 【電子期刊】"
"37585","Circulation: Cardiovascular Imaging","1941-9651","西文","2008.07-present","OVID 【電子期刊】"
"37586","Circulation: Cardiovascular Interventions","1941-7640","西文","2008.08-present","OVID 【電子期刊】"
"4478","Circulation: Cardiovascular Interventions(院外連線)","1941-7640","西文","2008.08-present","OVID 【電子期刊】"
"37587","Circulation: Cardiovascular Quality & Outcomes","1941-7713","西文","2008.09-present","OVID 【電子期刊】"
"37588","Circulation: Heart Failure","1941-3289","西文","2008.05-present","OVID 【電子期刊】"
"45652","Circumpolar Health Supplements","1797-2361","西文","2007-2013","ProQuest 【電子期刊】"
"48181","Citius Altius Fortius","1582-8131","西文","2010","ProQuest 【電子期刊】"
"51065","CJASN:Clinical Journal of the American Society of Nephrology","1555-905X","英文","2006-present","南醫單本訂購期刊"
"38599","CJC Open","2589-790X","西文","2019-present","ClinicalKey 【電子期刊&電子書】"
"38658","CJC Pediatric and Congenital Heart Disease","2772-8129","西文","2022-present","ClinicalKey 【電子期刊&電子書】"
"45584","CJEM : Journal of the Canadian Association of Emergency Physicians","1481-8035","西文","2001-present","ProQuest 【電子期刊】"
"45653","Cleft Palate - Craniofacial Journal, The","1055-6656","西文","2005-present","ProQuest 【電子期刊】"
"48791","CLEVER Clinical and Experimental Vision and Eye Research","2581-656X","西文","1/1/2018+","ProQuest 【電子期刊】"
"45654","Climacteric","1369-7137","西文","2003-2007","ProQuest 【電子期刊】"
"18430","Climacteric: the journal of the International Menopause Society","1369-7137","西文","20030901-","MEDLINE電子期刊"
"48792","Clínica Contemporánea","1989-9912","西文","1/1/2010+","ProQuest 【電子期刊】"
"18431","Clinical & developmental immunology","1740-2522","西文","20030301-20131201","MEDLINE電子期刊"
"45655","Clinical & Experimental Metastasis","0262-0898","西文","1999-present(已延遲 1 年)","ProQuest 【電子期刊】"
"18432","Clinical & experimental ophthalmology","1442-6404","西文","20000201-","MEDLINE電子期刊"
"47583","Clinical & Translational Immunology","2050-0068","西文","2012-present","ProQuest 【電子期刊】"
"51190","Clinical & Translational Metabolism","2948-2437","西文","12/1/2023+","ProQuest 【電子期刊】"
"51191","Clinical & Translational Oncology","1699-048X","西文","1/1/2023+","ProQuest 【電子期刊】"
"51057","Clinical Advances in Periodontics","2163-0097","西文","2011-present","Wiley Online Library(電子期刊)"
"18434","Clinical allergy","0009-9090","西文","19710301-19881101","MEDLINE電子期刊"
"48793","Clinical and Applied Thrombosis/Hemostasis","1076-0296","西文","1/1/1995+","ProQuest 【電子期刊】"
"18435","Clinical and applied thrombosis/hemostasis: official journal of the International Academy of Clinical and Applied Thrombosis/Hemostasis","1076-0296","西文","19990101-","MEDLINE電子期刊"
"18436","Clinical and experimental allergy: journal of the British Society for Allergy and Clinical Immunology","0954-7894","西文","19890101-","MEDLINE電子期刊"
"48794","Clinical and Experimental Dental Research","2057-4347","西文","10/1/2015+","ProQuest 【電子期刊】"
"18437","Clinical and experimental dermatology","0307-6938","西文","19760301-","MEDLINE電子期刊"
"48795","Clinical and Experimental Gastroenterology","1178-7023","西文","1/1/2008+","ProQuest 【電子期刊】"
"47306","Clinical and Experimental Health Sciences","2459-1459","西文","2011-present","ProQuest 【電子期刊】"
"18438","Clinical and experimental hypertension: CHE","1064-1963","西文","20000101-","MEDLINE電子期刊"
"18439","Clinical and experimental immunology","0009-9104","西文","19660101-","MEDLINE電子期刊"
"18440","Clinical and experimental medicine","1591-8890","西文","20030501-","MEDLINE電子期刊"
"45678","Clinical and Experimental Medicine","1591-8890","西文","2002-2018","ProQuest 【電子期刊】"
"49543","Clinical and Experimental Medicine","1591-8890","西文","2001-present","Springer 【電子期刊】"
"18441","Clinical and experimental nephrology","1342-1751","西文","20030301-","MEDLINE電子期刊"
"45679","Clinical and Experimental Nephrology","1342-1751","西文","2003-present(已延遲 1 年)","ProQuest 【電子期刊】"
"49544","Clinical and Experimental Nephrology","1342-1751","西文","1997-present","Springer 【電子期刊】"
"18442","Clinical and experimental pharmacology & physiology","0305-1870","西文","19980101-","MEDLINE電子期刊"
"45680","Clinical and Investigative Medicine","0147-958X","西文","1994-2006","ProQuest 【電子期刊】"
"45681","Clinical and Investigative Medicine (Online)","1488-2353","西文","2007-present","ProQuest 【電子期刊】"
"18443","Clinical and investigative medicine. Medecine clinique et experimentale","0147-958X","西文","19970201-","MEDLINE電子期刊"
"18444","Clinical and laboratory haematology","0141-9854","西文","19980201-20061201","MEDLINE電子期刊"
"47584","Clinical and Molecular Allergy","1476-7961","西文","2009-present","ProQuest 【電子期刊】"
"48796","Clinical and Molecular Hepatology","2287-2728","西文","3/1/2011+","ProQuest 【電子期刊】"
"47585","Clinical and Translational Allergy","2045-7022","西文","2015-present","ProQuest 【電子期刊】"
"48797","Clinical and Translational Discovery","2768-0622","西文","10/1/2021+","ProQuest 【電子期刊】"
"48253","Clinical and Translational Gastroenterology","2155-384X","西文","2010-present","ProQuest 【電子期刊】"
"48229","Clinical and Translational Medicine","2001-1326","西文","2012-present","ProQuest 【電子期刊】"
"48798","Clinical and Translational Neuroscience","2514-183X","西文","1/1/2017-1/1/2021","ProQuest 【電子期刊】"
"49545","Clinical and Translational Oncology","1699-048X","西文","2000-present","Springer 【電子期刊】"
"38799","Clinical and Translational Radiation Oncology","2405-6308","西文","2016-present","ClinicalKey 【電子期刊&電子書】"
"47307","Clinical and Translational Science","1752-8054","西文","2016-present","ProQuest 【電子期刊】"
"45656","Clinical Autonomic Research","0959-9851","西文","2002-2019","ProQuest 【電子期刊】"
"49536","Clinical Autonomic Research","0959-9851","西文","1997-present","Springer 【電子期刊】"
"18445","Clinical autonomic research: official journal of the Clinical Autonomic Research Society","0959-9851","西文","20030201-","MEDLINE電子期刊"
"37948","Clinical Biomechanics","0268-0033","西文","2007/01-present","ClinicalKey 【電子期刊&電子書】"
"18446","Clinical breast cancer","1526-8209","西文","20090601-","MEDLINE電子期刊"
"37949","Clinical Breast Cancer","1526-8209","西文","2007/02-present","ClinicalKey 【電子期刊&電子書】"
"51192","Clinical Cancer Bulletin","2791-3937","西文","12/1/2025+","ProQuest 【電子期刊】"
"48799","Clinical Cardiology","0160-9289","西文","1/1/2019+","ProQuest 【電子期刊】"
"47626","Clinical Cardiology Alert","0741-4218","西文","2008-present","ProQuest 【電子期刊】"
"47308","Clinical Case Reports","2050-0904","西文","2013-present","ProQuest 【電子期刊】"
"45657","Clinical Chemistry","0009-9147","西文","2002-2022","ProQuest 【電子期刊】"
"18447","Clinical child and family psychology review","1096-4037","西文","19980301-","MEDLINE電子期刊"
"45658","Clinical Child and Family Psychology Review","1096-4037","西文","1998-present(已延遲 1 年)","ProQuest 【電子期刊】"
"37950","Clinical Colorectal Cancer","1533-0028","西文","2007/01-present","ClinicalKey 【電子期刊&電子書】"
"38600","Clinical Complementary Medicine and Pharmacology","2772-3712","西文","2021-present","ClinicalKey 【電子期刊&電子書】"
"48800","Clinical Dentistry Reviewed","2511-1965","西文","12/1/2017+","ProQuest 【電子期刊】"
"47780","Clinical Diabetes and Endocrinology","2055-8260","西文","2015-present","ProQuest 【電子期刊】"
"45659","Clinical Drug Investigation","1173-2563","西文","2008-present (已延遲 1 年)","ProQuest 【電子期刊】"
"37589","Clinical Dysmorphology","0962-8827","西文","2001.01-present","OVID 【電子期刊】"
"45660","Clinical EEG and Neuroscience","1550-0594","西文","2004-present","ProQuest 【電子期刊】"
"6564","Clinical Endocrinology","0300-0664","西文","1997-present","Wiley Online Library(電子期刊)"
"38721","Clinical Epidemiology and Global Health","2213-3984","西文","2013-present","ClinicalKey 【電子期刊&電子書】"
"46908","Clinical Epigenetics","1868-7083","西文","2015-present","ProQuest 【電子期刊】"
"48801","Clinical Epileptology","2948-1058","西文","2/1/2003+","ProQuest 【電子期刊】"
"49807","Clinical Epileptology","2948-104X","西文","2003-present","Springer 【電子期刊】"
"48296","Clinical Excellence for Nurse Practitioners","1085-2360","西文","2005","ProQuest 【電子期刊】"
"37951","Clinical Gastroenterology and Hepatology","1542-3565","西文","2007/01-present","ClinicalKey 【電子期刊&電子書】"
"37952","Clinical Genitourinary Cancer","1558-7673","西文","2007/03-present","ClinicalKey 【電子期刊&電子書】"
"47309","Clinical Governance Bulletin","1470-9023","西文","2003-2006","ProQuest 【電子期刊】"
"18449","Clinical hemorheology and microcirculation","1386-0291","西文","19970201-","MEDLINE電子期刊"
"47627","Clinical Hypertension","1342-2154","西文","2015-present","ProQuest 【電子期刊】"
"37953","Clinical Imaging","0899-7071","西文","2007/01-present","ClinicalKey 【電子期刊&電子書】"
"37954","Clinical Immunology","1521-6616","西文","2007/01-present","ClinicalKey 【電子期刊&電子書】"
"38601","Clinical Immunology Communications","2772-6134","西文","2021-present","ClinicalKey 【電子期刊&電子書】"
"38800","Clinical Infection in Practice","2590-1702","西文","2019-present","ClinicalKey 【電子期刊&電子書】"
"6908","Clinical Infectious Disease(南醫停訂,全文到2012年,彰秀有)","","","","南醫單本訂購期刊"
"49537","Clinical Journal of Gastroenterology","1865-7257","西文","2008-present","Springer 【電子期刊】"
"45662","Clinical Journal of Oncology Nursing","1092-1095","西文","2005-present(已延遲 1 年)","ProQuest 【電子期刊】"
"37590","Clinical Journal of Pain","0749-8047","西文","1996.05-present","OVID 【電子期刊】"
"37591","Clinical Journal of Sport Medicine","1050-642X","西文","2000.01-present","OVID 【電子期刊】"
"51193","Clinical Kidney Journal","2048-8505","西文","1/1/2008+","ProQuest 【電子期刊】"
"47310","Clinical Kinesiology (Online)","","西文","2003-2019","ProQuest 【電子期刊】"
"48230","Clinical Lab Products (Online)","","西文","2000-present","ProQuest 【電子期刊】"
"45663","Clinical Laboratory Science","0894-959X","西文","1998-2017","ProQuest 【電子期刊】"
"47311","Clinical Lipidology and Metabolic Disorders","1758-4299","西文","2006-2017","ProQuest 【電子期刊】"
"37955","Clinical Lung Cancer","1525-7304","西文","2007/01-present","ClinicalKey 【電子期刊&電子書】"
"37956","Clinical Lymphoma, Myeloma & Leukemia","2152-2650","西文","2010/02-present","ClinicalKey 【電子期刊&電子書】"
"38793","Clinical Medicine","1470-2118","西文","2012-present","ClinicalKey 【電子期刊&電子書】"
"45664","Clinical Medicine","1470-2118","西文","2006-present","ProQuest 【電子期刊】"
"47312","Clinical Medicine Insights. Arthritis and Musculoskeletal Disorders","1179-5441","西文","2008-present","ProQuest 【電子期刊】"
"47628","Clinical Medicine Insights. Cardiology","1179-5468","西文","2007-present","ProQuest 【電子期刊】"
"47313","Clinical Medicine Insights. Case Reports","1179-5476","西文","2008-present","ProQuest 【電子期刊】"
"47801","Clinical Medicine Insights. Circulatory, Respiratory and Pulmonary Medicine","1179-5484","西文","2007-present","ProQuest 【電子期刊】"
"47759","Clinical Medicine Insights. Dermatology","1179-5492","西文","2008-2014","ProQuest 【電子期刊】"
"48465","Clinical Medicine Insights. Ear, Nose and Throat","1179-5506","西文","2008-2018","ProQuest 【電子期刊】"
"47781","Clinical Medicine Insights. Endocrinology and Diabetes","1179-5514","西文","2008-present","ProQuest 【電子期刊】"
"47127","Clinical Medicine Insights. Geriatrics","1179-5530","西文","2008-2017","ProQuest 【電子期刊】"
"48367","Clinical Medicine Insights. Oncology","1179-5549","西文","2007-present","ProQuest 【電子期刊】"
"48477","Clinical Medicine Insights. Pediatrics","1179-5565","西文","2008-present","ProQuest 【電子期刊】"
"48531","Clinical Medicine Insights. Psychiatry","1179-5573","西文","2008-present","ProQuest 【電子期刊】"
"48498","Clinical Medicine Insights. Therapeutics","1179-559X","西文","2009-2018","ProQuest 【電子期刊】"
"48432","Clinical Medicine Insights. Trauma and Intensive Medicine","1179-5603","西文","2008-2019","ProQuest 【電子期刊】"
"47874","Clinical Medicine Insights. Urology","1179-5611","西文","2008-2020","ProQuest 【電子期刊】"
"48209","Clinical Medicine Insights. Women's Health","1179-562X","西文","2008-2018","ProQuest 【電子期刊】"
"36995","Clinical Medicine Insights: Arthritis and Musculoskeletal Disorders","1179-5441","西文","20111201-20160101","Airiti Library 【華藝中文電子期刊】"
"36996","Clinical Medicine Insights: Blood Disorders","1179-545X","西文","20111201-20160101","Airiti Library 【華藝中文電子期刊】"
"36997","Clinical Medicine Insights: Cardiology","1179-5468","西文","20111201-20151203","Airiti Library 【華藝中文電子期刊】"
"36998","Clinical Medicine Insights: Case Reports","1179-5476","西文","20111201-20151201","Airiti Library 【華藝中文電子期刊】"
"36999","Clinical Medicine Insights: Circulatory, Respiratory and Pulmonary Medicine","1179-5484","西文","20111201-20151202","Airiti Library 【華藝中文電子期刊】"
"37000","Clinical Medicine Insights: Ear, Nose and Throat","1179-5506","西文","20111201-20151201","Airiti Library 【華藝中文電子期刊】"
"37001","Clinical Medicine Insights: Endocrinology and Diabetes","1179-5514","西文","20111201-20161201","Airiti Library 【華藝中文電子期刊】"
"37002","Clinical Medicine Insights: Gastroenterology","1179-5522","西文","20111201-20171201","Airiti Library 【華藝中文電子期刊】"
"37003","Clinical Medicine Insights: Geriatrics","1179-5530","西文","20111201-20151201","Airiti Library 【華藝中文電子期刊】"
"37004","Clinical Medicine Insights: Oncology","1179-5549","西文","20111201-20171201","Airiti Library 【華藝中文電子期刊】"
"37005","Clinical Medicine Insights: Pediatrics","1179-5565","西文","20111201-20151201","Airiti Library 【華藝中文電子期刊】"
"37006","Clinical Medicine Insights: Psychiatry","1179-5573","西文","20111201-20161201","Airiti Library 【華藝中文電子期刊】"
"37007","Clinical Medicine Insights: Reproductive Health","1179-5581","西文","20111201-20151201","Airiti Library 【華藝中文電子期刊】"
"37008","Clinical Medicine Insights: Therapeutics","1179-559X","西文","20111201-20151201","Airiti Library 【華藝中文電子期刊】"
"37009","Clinical Medicine Insights: Trauma and Intensive Medicine","1179-5603","西文","20131201-20161201","Airiti Library 【華藝中文電子期刊】"
"37010","Clinical Medicine Insights: Urology","1179-5611","西文","20111201-20161201","Airiti Library 【華藝中文電子期刊】"
"37011","Clinical Medicine Insights: Women’s Health","1179-562X","西文","20111201-20151201","Airiti Library 【華藝中文電子期刊】"
"37012","Clinical Medicine Insights：Pathology","1179-5557","西文","20111201-20151201","Airiti Library 【華藝中文電子期刊】"
"18453","Clinical microbiology and infection: the official publication of the European Society of Clinical Microbiology and Infectious Diseases","1198-743X","西文","20000101-20141201","MEDLINE電子期刊"
"45665","Clinical Microbiology and Infection; Basel","1198-743X","西文","1998-2001","ProQuest 【電子期刊】"
"37957","Clinical Microbiology Newsletter","0196-4399","西文","2007-present","ClinicalKey 【電子期刊&電子書】"
"35960","Clinical Neonatology","1381-3390","西文","20081201-20081201","Airiti Library 【華藝中文電子期刊】"
"18454","Clinical nephrology","0301-0430","西文","20050101-20141001","MEDLINE電子期刊"
"47875","Clinical Nephrology","0301-0430","西文","2016-present","ProQuest 【電子期刊】"
"47876","Clinical Nephrology - Case Studies","2196-5293","西文","2013-present","ProQuest 【電子期刊】"
"37958","Clinical Neurology and Neurosurgery","0303-8467","西文","2007/01-present","ClinicalKey 【電子期刊&電子書】"
"45666","Clinical Neurology and Neurosurgery","0303-8467","西文","2002-present(已延遲 2 個月)","ProQuest 【電子期刊】"
"18455","Clinical neuropathology","0722-5091","西文","20041101-20141001","MEDLINE電子期刊"
"48532","Clinical Neuropathology","0722-5091","西文","2016-present","ProQuest 【電子期刊】"
"37592","Clinical Neuropharmacology","0362-5664","西文","2000.01-present","OVID 【電子期刊】"
"37959","Clinical Neurophysiology","1388-2457","西文","2007/01-present","ClinicalKey 【電子期刊&電子書】"
"38801","Clinical Neurophysiology Practice","2467-981X","西文","2016-present","ClinicalKey 【電子期刊&電子書】"
"48533","Clinical Neuroradiology","1869-1439","西文","1998-present(已延遲 1 年)","ProQuest 【電子期刊】"
"49538","Clinical Neuroradiology","1869-1439","西文","1997-present","Springer 【電子期刊】"
"37593","Clinical Nuclear Medicine","0363-9762","西文","1996.01-present","OVID 【電子期刊】"
"37594","Clinical Nurse Specialist","0887-6274","西文","1996.01-present","OVID 【電子期刊】"
"37960","Clinical Nutrition","0261-5614","西文","2007/02-present","ClinicalKey 【電子期刊&電子書】"
"38491","Clinical Nutrition ESPEN","2405-4577","西文","2015-present","ClinicalKey 【電子期刊&電子書】"
"38747","Clinical Nutrition Open Science","2667-2685","西文","2021-present","ClinicalKey 【電子期刊&電子書】"
"37595","Clinical Obstetrics & Gynecology","0009-9201","西文","1996.05-present","OVID 【電子期刊】"
"37961","Clinical Oncology","0936-6555","西文","2007/02-present","ClinicalKey 【電子期刊&電子書】"
"48368","Clinical Oncology Alert","0886-7186","西文","2008-2013","ProQuest 【電子期刊】"
"48802","Clinical Oncology in Adolescents and Young Adults","2230-2263","西文","1/1/2011-1/1/2016","ProQuest 【電子期刊】"
"48803","Clinical Ophthalmology","1177-5467","西文","1/1/2007+","ProQuest 【電子期刊】"
"6909","Clinical Oral Implants Research","1600-0501","西文","1997-present訂購年份:2025(三院共享)","南醫單本訂購期刊"
"49811","Clinical Oral Implants Research","0905-7161","西文","1997-present","Wiley Online Library(電子期刊)"
"45667","Clinical Oral Investigations","1432-6981","西文","1997-present(已延遲 1 年)","ProQuest 【電子期刊】"
"49539","Clinical Oral Investigations","1432-6981","西文","1997-present","Springer 【電子期刊】"
"51050","Clinical Orthopaedics & Related Research","0009-921X","西文","2002-present訂購年份:2026","彰濱單本期刊"
"45668","Clinical Orthopaedics and Related Research","0009-921X","西文","2008-2017","ProQuest 【電子期刊】"
"18456","Clinical otolaryngology and allied sciences","0307-7772","西文","19980201-20041201","MEDLINE電子期刊"
"18457","Clinical otolaryngology: official journal of ENT-UK ; official journal of Netherlands Society for Oto-Rhino-Laryngology & Cervico-Facial Surgery","1749-4478","西文","20050201-","MEDLINE電子期刊"
"38805","Clinical Parkinsonism & Related Disorders","2590-1125","西文","2019-present","ClinicalKey 【電子期刊&電子書】"
"37962","Clinical Pediatric Emergency Medicine","1522-8401","西文","2007/03-present","ClinicalKey 【電子期刊&電子書】"
"48433","Clinical Pediatric Emergency Medicine","1522-8401","西文","2003-2020","ProQuest 【電子期刊】"
"45669","Clinical Pediatrics","0009-9228","西文","1998-2005","ProQuest 【電子期刊】"
"45670","Clinical Pharmacokinetics","0312-5963","西文","2007-present(已延遲 1 年)","ProQuest 【電子期刊】"
"6910","Clinical Pharmacology and Therapeutics","0009-9236","西文","1997-present訂購年份:2025(三院共享)","南醫單本訂購期刊"
"49812","Clinical pharmacology and therapeutics","0009-9236","西文","1997-present","Wiley Online Library(電子期刊)"
"37963","Clinical Plasma Medicine","2212-8166","西文","2013/06-present","ClinicalKey 【電子期刊&電子書】"
"48231","Clinical Practice","2044-9038","西文","2004-2014","ProQuest 【電子期刊】"
"48804","Clinical Practice and Cases in Emergency Medicine","2474-252X","西文","1/1/2019+","ProQuest 【電子期刊】"
"38722","Clinical Practice and Research in Arteriosclerosis (English Edition)","2529-9123","西文","2017-present","ClinicalKey 【電子期刊&電子書】"
"46843","Clinical Proteomics","1542-6416","西文","2004-2010","ProQuest 【電子期刊】"
"46844","Clinical Proteomics (Online)","1559-0275","西文","2011-present","ProQuest 【電子期刊】"
"37596","Clinical Pulmonary Medicine","1068-0640","西文","2001-2020","OVID 【電子期刊】"
"37964","Clinical Radiology","0009-9260","西文","2007/01-present","ClinicalKey 【電子期刊&電子書】"
"45671","Clinical References","","西文","2002-2011","ProQuest 【電子期刊】"
"45672","Clinical Rehabilitation","0269-2155","西文","1998-present","ProQuest 【電子期刊】"
"45673","Clinical Research in Cardiology","1861-0684","西文","1998-present(已延遲 1 年)","ProQuest 【電子期刊】"
"49540","Clinical Research in Cardiology","1861-0684","西文","1997-present","Springer 【電子期刊】"
"51138","Clinical Research in Cardiology Supplements","1861-0706","西文","2006-present","Springer 【電子期刊】"
"48805","Clinical Respiratory Journal, The","1752-6981","西文","1/1/2022+","ProQuest 【電子期刊】"
"45674","Clinical Reviews in Allergy & Immunology","1080-0549","西文","1997-present(已延遲 1 年)","ProQuest 【電子期刊】"
"49541","Clinical Reviews in Allergy & Immunology","1080-0549","西文","1997-present","Springer 【電子期刊】"
"18458","Clinical rheumatology","0770-3198","西文","20000101-","MEDLINE電子期刊"
"45675","Clinical Rheumatology","0770-3198","西文","1997-present","ProQuest 【電子期刊】"
"49542","Clinical Rheumatology","0770-3198","西文","1997-present","Springer 【電子期刊】"
"37965","Clinical Rheumatology (Reumatolog?a Cl?nica, English Edition)","2173-5743","西文","2011/01-present","ClinicalKey 【電子期刊&電子書】"
"48369","Clinical Sarcoma Research","2045-3329","西文","2015-2020","ProQuest 【電子期刊】"
"38492","Clinical Skin Cancer","2405-8645","西文","2016-present","ClinicalKey 【電子期刊&電子書】"
"38672","Clinical Surgical Oncology","2773-160X","西文","2022-present","ClinicalKey 【電子期刊&電子書】"
"37966","Clinical Therapeutics","0149-2918","西文","2007/01-present","ClinicalKey 【電子期刊&電子書】"
"45676","Clinical Therapeutics","0149-2918","西文","2003-present","ProQuest 【電子期刊】"
"18459","Clinical toxicology: the official journal of the American Academy of Clinical Toxicology and European Association of Poisons Centres and Clinical...","1556-3650","西文","20050101-","MEDLINE電子期刊"
"38814","Clinical Traditional Medicine and Pharmacology","2097-3829","西文","2024-present","ClinicalKey 【電子期刊&電子書】"
"18460","Clinical transplantation","0902-0063","西文","19990201-","MEDLINE電子期刊"
"45677","Clinical Trials","1740-7745","西文","2004-2015","ProQuest 【電子期刊】"
"48232","Clinical Trials Administrator","1544-8460","西文","2008-2011","ProQuest 【電子期刊】"
"18461","Clinical trials: journal of the Society for Clinical Trials","1740-7745","西文","20040201-20160501","MEDLINE電子期刊"
"48806","Clinical, Cosmetic and Investigational Dentistry","1179-1357","西文","1/1/2009+","ProQuest 【電子期刊】"
"38673","Clinics","1807-5932","西文","2012-present","ClinicalKey 【電子期刊&電子書】"
"37967","Clinics and Research in Hepatology and Gastroenterology","2210-7401","西文","2011/01-present","ClinicalKey 【電子期刊&電子書】"
"37968","Clinics in Chest Medicine","0272-5231","西文","2007/03-present","ClinicalKey 【電子期刊&電子書】"
"37969","Clinics in Dermatology","0738-081X","西文","2007/01-present","ClinicalKey 【電子期刊&電子書】"
"37970","Clinics in Geriatric Medicine","0749-0690","西文","2007/02-present","ClinicalKey 【電子期刊&電子書】"
"38552","Clinics in Integrated Care","2666-8696","西文","2020.07-present","ClinicalKey 【電子期刊&電子書】"
"37971","Clinics in Laboratory Medicine","0272-2712","西文","2007/03-present","ClinicalKey 【電子期刊&電子書】"
"37972","Clinics in Liver Disease","1089-3261","西文","2007/02-present","ClinicalKey 【電子期刊&電子書】"
"37973","Clinics in Perinatology","0095-5108","西文","2007/03-present","ClinicalKey 【電子期刊&電子書】"
"37974","Clinics in Plastic Surgery","0094-1298","西文","2007/01-present","ClinicalKey 【電子期刊&電子書】"
"37975","Clinics in Podiatric Medicine and Surgery","0891-8422","西文","2007/01-present","ClinicalKey 【電子期刊&電子書】"
"37976","Clinics in Sports Medicine","0278-5919","西文","2007/01-present","ClinicalKey 【電子期刊&電子書】"
"48807","Clocks & Sleep","2624-5175","西文","1/1/2021+","ProQuest 【電子期刊】"
"18462","CMAJ: Canadian Medical Association journal = journal de l'Association medicale canadienne","0820-3946","西文","19850901-","MEDLINE電子期刊"
"49528","CME","1614-371X","西文","2012-present","Springer 【電子期刊】"
"49498","CMI Communications","2950-5909","西文","2024-present","ClinicalKey 【電子期刊&電子書】"
"18463","CNS drug reviews","1080-563X","西文","20060601-20071201","MEDLINE電子期刊"
"45585","CNS Drugs","1172-7047","西文","2008-present(已延遲 1 年)","ProQuest 【電子期刊】"
"18464","CNS neuroscience & therapeutics","1755-5930","西文","20080301-","MEDLINE電子期刊"
"48808","CNS Neuroscience & Therapeutics","1755-5930","西文","1/1/2019+","ProQuest 【電子期刊】"
"48809","CNS Oncology","2045-0907","西文","1/1/2018-12/1/2020","ProQuest 【電子期刊】"
"18465","CNS spectrums","1092-8529","西文","20080101-20100601","MEDLINE電子期刊"
"48810","CNS Spectrums","1092-8529","西文","6/1/2012+","ProQuest 【電子期刊】"
"18466","Cochlear implants international","1467-0100","西文","20070301-","MEDLINE電子期刊"
"48478","Cocuk Acil ve Yogun Bakim","2146-2399","西文","2016-2019","ProQuest 【電子期刊】"
"48479","Cocuk Enfeksiyon Dergisi","1307-1068","西文","2008-present","ProQuest 【電子期刊】"
"51194","Cogent Psychology","","西文","1/1/2024+","ProQuest 【電子期刊】"
"47317","Cogent Public Health","","西文","2014-present","ProQuest 【電子期刊】"
"37597","Cognitive & Behavioral Neurology","1543-3633","西文","2003.05-present","OVID 【電子期刊】"
"18467","Cognitive behaviour therapy","1650-6073","西文","20040301-","MEDLINE電子期刊"
"48812","Cognitive Neurodynamics","1871-4080","西文","3/1/2007+","ProQuest 【電子期刊】"
"51195","Cognitive Processing","1612-4782","西文","2/1/2023+","ProQuest 【電子期刊】"
"48034","Cognitive Sciences","1556-8237","西文","2011-2014","ProQuest 【電子期刊】"
"49546","Cognitive Therapy and Research","0147-5916","西文","1997-present","Springer 【電子期刊】"
"45683","Cognitive, Affective and Behavioral Neuroscience","1530-7026","西文","2011-present(已延遲 1 年)","ProQuest 【電子期刊】"
"37351","Collection and Research","1726-2038","西文","19890901-20220101","Airiti Library 【華藝中文電子期刊】"
"18468","Collegium antropologicum","0350-6134","西文","20070301-","MEDLINE電子期刊"
"51196","Colo-Proctology","0174-2442","西文","2/1/2023+","ProQuest 【電子期刊】"
"47318","Côlon & Rectum","1951-6371","西文","2015-2020","ProQuest 【電子期刊】"
"49547","Coloproctology","0174-2442","西文","1997-present","Springer 【電子期刊】"
"48813","Colorectal Cancer","1758-194X","西文","11/1/2017-12/1/2020","ProQuest 【電子期刊】"
"47930","Combination Products in Therapy","2195-5859","西文","2011-2014","ProQuest 【電子期刊】"
"48814","Common Sense Family Doctor [BLOG]","","西文","5/2/2018+","ProQuest 【電子期刊】"
"45685","Communication & Medicine","1612-1783","西文","2011-2015","ProQuest 【電子期刊】"
"48815","Communications Medicine","2730-664X","西文","12/1/2021+","ProQuest 【電子期刊】"
"48816","Community Health Equity Research & Policy","2752-535X","西文","4/1/1998-7/1/2008","ProQuest 【電子期刊】"
"45686","Community Mental Health Journal","0010-3853","西文","1996-present(已延遲 1 年)","ProQuest 【電子期刊】"
"49548","Community Mental Health Journal","0010-3853","西文","1997-present","Springer 【電子期刊】"
"45687","Community Practitioner","1462-2815","西文","2000-2023","ProQuest 【電子期刊】"
"47114","Comparative Clinical Pathology","1618-5641","西文","1997-present(已延遲 1 年)","ProQuest 【電子期刊】"
"49549","Comparative Clinical Pathology","1618-5641","西文","1997-present","Springer 【電子期刊】"
"47901","Comparative Exercise Physiology","1755-2540","西文","2004-2010","ProQuest 【電子期刊】"
"48255","Comparative Hepatology","1476-5926","西文","2009-2012","ProQuest 【電子期刊】"
"37977","Comparative Immunology, Microbiology and Infectious Diseases","0147-9571","西文","2007/01-present","ClinicalKey 【電子期刊&電子書】"
"46987","Compensation and Benefits Review","0886-3687","西文","1987-2007","ProQuest 【電子期刊】"
"46988","Compensation and Benefits Review (1986-1998)","0886-3687","西文","1986","ProQuest 【電子期刊】"
"46989","Compensation and Benefits Review (pre-1986)","0886-3687","西文","1985","ProQuest 【電子期刊】"
"46990","Compensation Review (pre-1986)","0010-4248","西文","1969-1985","ProQuest 【電子期刊】"
"37978","Complementary Therapies in Clinical Practice","1744-3881","西文","2007/02-present","ClinicalKey 【電子期刊&電子書】"
"37979","Complementary Therapies in Medicine","0965-2299","西文","2007/03-present","ClinicalKey 【電子期刊&電子書】"
"45688","Complementary Therapies in Medicine","0965-2299","西文","2003-present(已延遲 2 個月)","ProQuest 【電子期刊】"
"37980","Comprehensive Psychiatry","0010-440X","西文","2007/01-present","ClinicalKey 【電子期刊&電子書】"
"45689","Comprehensive Psychiatry","0010-440X","西文","2003-present","ProQuest 【電子期刊】"
"51743","Comprehensive Psychoneuroendocrinology","2666-4976","西文","2020-present","ClinicalKey 【電子期刊&電子書】"
"45691","Computational and Mathematical Methods in Medicine : CMMM","1748-670X","西文","2010","ProQuest 【電子期刊】"
"48817","Computational and Systems Oncology","2689-9655","西文","3/1/2021+","ProQuest 【電子期刊】"
"45690","Computational Intelligence and Neuroscience : CIN","1687-5265","西文","2008-present","ProQuest 【電子期刊】"
"18469","Computer aided surgery: official journal of the International Society for Computer Aided Surgery","1092-9088","西文","20040201-20151201","MEDLINE電子期刊"
"18470","Computer assisted surgery","2469-9322","西文","20160101-","MEDLINE電子期刊"
"51197","Computer Assisted Surgery","2469-9322","西文","1/1/2016+","ProQuest 【電子期刊】"
"37981","Computer Methods and Programs in Biomedicine","0169-2607","西文","2007/01-present","ClinicalKey 【電子期刊&電子書】"
"37982","Computerized Medical Imaging and Graphics","0895-6111","西文","2007/01-present","ClinicalKey 【電子期刊&電子書】"
"37983","Computers in Biology and Medicine","0010-4825","西文","2007/01-present","ClinicalKey 【電子期刊&電子書】"
"35962","Comunicata Scientiae","2177-5133","西文","20040405-20110530","Airiti Library 【華藝中文電子期刊】"
"48818","Concussion","2056-3299","西文","3/1/2017-12/1/2020","ProQuest 【電子期刊】"
"51115","Conference of the International Society for Gerontechnology","","西文","20240902-","Airiti Library 【華藝中文電子期刊】"
"48819","Confident Voices in Healthcare [BLOG]","","西文","7/23/2018-5/27/2022","ProQuest 【電子期刊】"
"48083","Conflict and Health","1752-1505","西文","2009-present","ProQuest 【電子期刊】"
"18471","Congenital anomalies","0914-3505","西文","20040301-","MEDLINE電子期刊"
"18472","Congestive heart failure","1527-5299","西文","20060101-20130801","MEDLINE電子期刊"
"18473","Connecticut medicine","0010-6178","西文","20080101-20170501","MEDLINE電子期刊"
"48297","Connecticut Nursing News","0278-4092","西文","1998-2011","ProQuest 【電子期刊】"
"18474","Connective tissue research","0300-8207","西文","20020101-","MEDLINE電子期刊"
"47319","ConScientiae Saúde","1677-1028","西文","2012-2021","ProQuest 【電子期刊】"
"46909","Conservation Genetics","1566-0621","西文","2000-present (已延遲 1 年)","ProQuest 【電子期刊】"
"48820","Considerations in Medicine","2515-3927","西文","11/1/2017+","ProQuest 【電子期刊】"
"47100","Consulting - Specifying Engineer","0892-5046","西文","1996-present","ProQuest 【電子期刊】"
"47052","Consumer Reports","0010-7174","西文","1996-2009","ProQuest 【電子期刊】"
"47053","Consumer Reports on Health","1058-0832","西文","2005-2009","ProQuest 【電子期刊】"
"18475","Contact dermatitis","0105-1873","西文","19750201-","MEDLINE電子期刊"
"37984","Contact Lens & Anterior Eye","1367-0484","西文","2007/03-present","ClinicalKey 【電子期刊&電子書】"
"48821","Contagion","1553-538X","西文","9/28/2020+","ProQuest 【電子期刊】"
"47698","Contemporary Clinical Dentistry","0976-237X","西文","2010-present","ProQuest 【電子期刊】"
"37985","Contemporary Clinical Trials","1551-7144","西文","2007/01-present","ClinicalKey 【電子期刊&電子書】"
"38531","Contemporary Clinical Trials Communications","2451-8654","西文","2015-present","ClinicalKey 【電子期刊&電子書】"
"37598","Contemporary Diagnostic Radiology","0149-9009","西文","2005.01-present","OVID 【電子期刊】"
"47064","Contemporary Drug Problems","0091-4509","西文","1996-2017","ProQuest 【電子期刊】"
"47128","Contemporary Gerontology","1069-0840","西文","2005","ProQuest 【電子期刊】"
"48466","Contemporary Issues in Communication Science and Disorders","1092-5171","西文","2008-2016","ProQuest 【電子期刊】"
"37599","Contemporary Neurosurgery","0163-2108","西文","2000.01-present","OVID 【電子期刊】"
"45693","Contemporary Nurse : a Journal for the Australian Nursing Profession","1037-6178","西文","2006-2017","ProQuest 【電子期刊】"
"45694","Contemporary OB/GYN","0090-3159","西文","2001-present","ProQuest 【電子期刊】"
"48480","Contemporary Pediatrics","8750-0507","西文","2001-present","ProQuest 【電子期刊】"
"37600","Contemporary Spine Surgery","1527-4268","西文","2000.01-present","OVID 【電子期刊】"
"47839","Contemporary Surgery","0045-8341","西文","2006-2008","ProQuest 【電子期刊】"
"48035","Contextos Clínicos","1983-3482","西文","2011-present","ProQuest 【電子期刊】"
"38757","Continence","2772-9737","西文","2022-present","ClinicalKey 【電子期刊&電子書】"
"38756","Continence Reports","2772-9745","西文","2022-present","ClinicalKey 【電子期刊&電子書】"
"37576","CONTINUUM: Lifelong Learning in Neurology","1080-2371","西文","1993-present","OVID 【電子期刊】"
"37986","Contraception","0010-7824","西文","2007/01-present","ClinicalKey 【電子期刊&電子書】"
"48822","Contraception and Reproductive Medicine","2055-7426","西文","1/1/2016+","ProQuest 【電子期刊】"
"46968","Contraceptive Technology Update","0274-726X","西文","2008-present","ProQuest 【電子期刊】"
"48612","Contrast Media & Molecular Imaging","1555-4309","西文","2017-2020","ProQuest 【電子期刊】"
"48823","Controversies in Hospital Infection Prevention [BLOG]","","西文","8/7/2018-8/4/2021","ProQuest 【電子期刊】"
"48824","Conversation : COVID-19, The","","西文","7/1/2020+","ProQuest 【電子期刊】"
"48825","Conversation : Health, The","","西文","7/1/2020+","ProQuest 【電子期刊】"
"37987","Cor et Vasa","0010-8650","西文","2012/01-present","ClinicalKey 【電子期刊&電子書】"
"37601","Cornea","0277-3740","西文","2000.01-present","OVID 【電子期刊】"
"37602","Coronary Artery Disease","0954-6928","西文","2000.02-present","OVID 【電子期刊】"
"48826","Coronavirus Newswise Feed","","西文","7/14/2023+","ProQuest 【電子期刊】"
"47931","Correo Farmacéutico","1695-002X","西文","2008-present","ProQuest 【電子期刊】"
"47320","Cortlandt Forum","1048-5791","西文","2008-2009","ProQuest 【電子期刊】"
"47840","Cosmetic Surgery Times","1094-6810","西文","2009-2012","ProQuest 【電子期刊】"
"47174","Cost Effectiveness and Resource Allocation","1478-7547","西文","2009-present","ProQuest 【電子期刊】"
"47802","Cough","1745-9974","西文","2009-2014","ProQuest 【電子期刊】"
"48036","Counselling Psychology Quarterly","0951-5070","西文","1997-2000","ProQuest 【電子期刊】"
"48827","CPT: Pharmacometrics & Systems Pharmacology","2163-8306","西文","9/1/2012+","ProQuest 【電子期刊】"
"45695","Creative Nursing","1078-4535","西文","2008-2017","ProQuest 【電子期刊】"
"48534","Criminal Behaviour and Mental Health : CBMH","0957-9664","西文","1998-2002","ProQuest 【電子期刊】"
"18476","Criminal behaviour and mental health: CBMH","0957-9664","西文","20020301-","MEDLINE電子期刊"
"47321","Critical Care","1364-8535","西文","2015-present","ProQuest 【電子期刊】"
"48434","Critical Care Alert","1067-9502","西文","2008-present","ProQuest 【電子期刊】"
"38697","Critical Care and Resuscitation","1441-2772","西文","2023-present","ClinicalKey 【電子期刊&電子書】"
"37988","Critical Care Clinics","0749-0704","西文","2007/01-present","ClinicalKey 【電子期刊&電子書】"
"37603","Critical Care Medicine","0090-3493","西文","1995.01-present","OVID 【電子期刊】"
"45696","Critical Care Nurse","0279-5442","西文","1998-2007","ProQuest 【電子期刊】"
"6911","Critical Care Nursing Clinics of North America(停訂,全文到2012年,限院內IP)","","","","南醫單本訂購期刊"
"37604","Critical Care Nursing Quarterly","0887-9303","西文","1999.02-present","OVID 【電子期刊】"
"37013","Critical Care Research and Practice","2090-1305","西文","20121201-20161201","Airiti Library 【華藝中文電子期刊】"
"37605","Critical Pathways in Cardiology: A Journal of Evidence-Based Medicine","1535-282X","西文","2002.03-present","OVID 【電子期刊】"
"47032","Critical Reviews in Analytical Chemistry","1040-8347","西文","2003-2007","ProQuest 【電子期刊】"
"18477","Critical reviews in biochemistry and molecular biology","1040-9238","西文","20020201-","MEDLINE電子期刊"
"45697","Critical Reviews in Biochemistry and Molecular Biology","1040-9238","西文","2003-2007","ProQuest 【電子期刊】"
"18478","Critical reviews in biotechnology","0738-8551","西文","20020301-","MEDLINE電子期刊"
"45698","Critical Reviews in Biotechnology","0738-8551","西文","2003-2007","ProQuest 【電子期刊】"
"18479","Critical reviews in clinical laboratory sciences","1040-8363","西文","20020201-","MEDLINE電子期刊"
"45699","Critical Reviews in Clinical Laboratory Sciences","1040-8363","西文","2003-2007","ProQuest 【電子期刊】"
"18480","Critical reviews in computed tomography","1548-7679","西文","20020201-20041201","MEDLINE電子期刊"
"45700","Critical Reviews in Computed Tomography","1548-7679","西文","2003-2004","ProQuest 【電子期刊】"
"45701","Critical Reviews in Food Science and Nutrition","1040-8398","西文","2001-2007","ProQuest 【電子期刊】"
"18481","Critical reviews in microbiology","1040-841X","西文","20020301-","MEDLINE電子期刊"
"45702","Critical Reviews in Microbiology","1040-841X","西文","2003-2007","ProQuest 【電子期刊】"
"37989","Critical Reviews in Oncology and Hematology","1040-8428","西文","2007.01-present","ClinicalKey 【電子期刊&電子書】"
"18482","Critical reviews in toxicology","1040-8444","西文","20020101-","MEDLINE電子期刊"
"45703","Critical Reviews in Toxicology","1040-8444","西文","1998-2008","ProQuest 【電子期刊】"
"18483","Croatian medical journal","0353-9504","西文","20050201-","MEDLINE電子期刊"
"51198","Crohn's & Colitis 360","2631-827X","西文","5/1/2019+","ProQuest 【電子期刊】"
"32048","CT理论与应用研究","1004-4140","中文","1995-","萬方醫學網"
"18484","Culture, medicine and psychiatry","0165-005X","西文","19930901-","MEDLINE電子期刊"
"45704","Culture, Medicine and Psychiatry","0165-005X","西文","1997-present(已延遲 1 年)","ProQuest 【電子期刊】"
"45705","Curationis","0379-8577","西文","2012-present","ProQuest 【電子期刊】"
"48828","Cure","1534-7664","西文","9/22/2020+","ProQuest 【電子期刊】"
"47322","Cureus","2168-8184","西文","2014-present","ProQuest 【電子期刊】"
"48829","CuriousCortex [BLOG]","","西文","8/10/2018-8/10/2018","ProQuest 【電子期刊】"
"48830","Current Addiction Reports","2196-2952","西文","3/1/2014+","ProQuest 【電子期刊】"
"45706","Current Allergy and Asthma Reports","1529-7322","西文","2001-present(已延遲 1 年)","ProQuest 【電子期刊】"
"49550","Current Allergy and Asthma Reports","1529-7322","西文","2001.01-present","Springer 【電子期刊】"
"49551","Current Atherosclerosis Reports","1523-3804","西文","1999.07-present","Springer 【電子期刊】"
"51199","Current Atherosclerosis Reports","1523-3804","西文","1/1/2023+","ProQuest 【電子期刊】"
"49552","Current Bladder Dysfunction Reports","1931-7212","西文","2006.08-present","Springer 【電子期刊】"
"51200","Current Bladder Dysfunction Reports","1931-7212","西文","3/1/2023+","ProQuest 【電子期刊】"
"49553","Current Breast Cancer Reports","1943-4588","西文","2009.03-persent","Springer 【電子期刊】"
"49554","Current Cardiology Reports","1523-3782","西文","1999.05-present","Springer 【電子期刊】"
"51201","Current Cardiology Reports","1523-3782","西文","1/1/2023+","ProQuest 【電子期刊】"
"49555","Current Cardiovascular Imaging Reports","1941-9066","西文","2008.10-present","Springer 【電子期刊】"
"48831","Current Cardiovascular Risk Reports","1932-9520","西文","2/1/2007+","ProQuest 【電子期刊】"
"49556","Current Cardiovascular Risk Reports","1932-9520","西文","2007-present","Springer 【電子期刊】"
"47629","Current Controlled Trials in Cardiovascular Medicine [NLM - MEDLINE]","1468-6708","西文","2005","ProQuest 【電子期刊】"
"38723","Current Developments in Nutrition","2475-2991","西文","2017-present","ClinicalKey 【電子期刊&電子書】"
"49557","Current Diabetes Reports","1534-4827","西文","2001.02-present","Springer 【電子期刊】"
"45707","Current Diabetes Reports; Philadelphia","1534-4827","西文","2013-present(已延遲 1 年)","ProQuest 【電子期刊】"
"48832","Current Emergency and Hospital Medicine Reports","2167-4884","西文","3/1/2013+","ProQuest 【電子期刊】"
"18485","Current eye research","0271-3683","西文","19980701-","MEDLINE電子期刊"
"49558","Current Fungal Infection Reports","1936-3761","西文","2007-present","Springer 【電子期刊】"
"48833","Current Gastroenterology Reports","1522-8037","西文","4/1/1996+","ProQuest 【電子期刊】"
"49559","Current Gastroenterology Reports","1522-8037","西文","1997.01-present","Springer 【電子期刊】"
"18486","Current genetics","0172-8083","西文","20000101-","MEDLINE電子期刊"
"45708","Current Genetics","0172-8083","西文","2003-present","ProQuest 【電子期刊】"
"48834","Current Geriatrics Reports","2196-7865","西文","3/1/2012+","ProQuest 【電子期刊】"
"37014","Current Gerontology and Geriatrics Research","1687-7063","西文","20081201-20161201","Airiti Library 【華藝中文電子期刊】"
"47129","Current Gerontology and Geriatrics Research","1687-7063","西文","2008-present","ProQuest 【電子期刊】"
"48835","Current Gynecologic Oncology","2081-1632","西文","1/1/2006-1/1/2021","ProQuest 【電子期刊】"
"47096","Current Health Kids","2157-5916","西文","1996-2012","ProQuest 【電子期刊】"
"47993","Current Health Teens","2157-5703","西文","1988-2012","ProQuest 【電子期刊】"
"49561","Current Heart Failure Reports","1546-9530","西文","2004.03-present","Springer 【電子期刊】"
"49562","Current Hematologic Malignancy Reports","1558-8211","西文","2006.03-present","Springer 【電子期刊】"
"49563","Current Hepatology Reports","2195-9595","西文","2002-present","Springer 【電子期刊】"
"49560","Current HIV/AIDS Reports","1548-3568","西文","2004.03-present","Springer 【電子期刊】"
"51202","Current HIV/AIDS Reports","1548-3568","西文","10/1/2022+","ProQuest 【電子期刊】"
"45709","Current Hypertension Reports","1522-6417","西文","1999-present(已延遲 1 年)","ProQuest 【電子期刊】"
"49564","Current Hypertension Reports","1522-6417","西文","1999.01-present","Springer 【電子期刊】"
"51203","Current Hypertension Reports","1522-6417","西文","1/1/1999+","ProQuest 【電子期刊】"
"47586","Current Infectious Disease Reports","1523-3847","西文","1999-present(已延遲 1 年)","ProQuest 【電子期刊】"
"49565","Current Infectious Disease Reports","1523-3847","西文","1999.02-present","Springer 【電子期刊】"
"51204","Current Infectious Disease Reports","1523-3847","西文","1/1/1999+","ProQuest 【電子期刊】"
"18487","Current issues in molecular biology","1467-3037","西文","20080101-20150801","MEDLINE電子期刊"
"48850","Current Medical Literature: Breast Cancer","0956-6511","西文","1/1/2011-10/1/2012","ProQuest 【電子期刊】"
"48849","Current Medical Literature: Colorectal Cancer","1364-4831","西文","4/1/2010-1/1/2011","ProQuest 【電子期刊】"
"48852","Current Medical Literature: Cystic Fibrosis","2045-712X","西文","1/1/2011-1/1/2014","ProQuest 【電子期刊】"
"48848","Current Medical Literature: Dermatology","1361-4215","西文","1/1/2011-10/1/2013","ProQuest 【電子期刊】"
"48847","Current Medical Literature: Diabetes","0265-797X","西文","1/1/2011-10/1/2012","ProQuest 【電子期刊】"
"48846","Current Medical Literature: Gastroenterology","0263-2659","西文","1/1/2011-10/1/2012","ProQuest 【電子期刊】"
"48845","Current Medical Literature: Kidney Cancer","1759-832X","西文","1/1/2011-7/1/2011","ProQuest 【電子期刊】"
"48844","Current Medical Literature: Leukemia and Lymphoma","0969-7063","西文","1/1/2011-10/1/2014","ProQuest 【電子期刊】"
"48843","Current Medical Literature: Lung Cancer","1469-6886","西文","1/1/2010-1/1/2013","ProQuest 【電子期刊】"
"48851","Current Medical Literature: Lysosomal Storage Disease","1473-0901","西文","1/1/2012-1/1/2014","ProQuest 【電子期刊】"
"48842","Current Medical Literature: Multiple Sclerosis","2041-2177","西文","1/1/2011-10/1/2015","ProQuest 【電子期刊】"
"48841","Current Medical Literature: Neurology","1356-6237","西文","1/1/2011-10/1/2012","ProQuest 【電子期刊】"
"48840","Current Medical Literature: Ophthalmology","0963-0112","西文","1/1/2011-10/1/2015","ProQuest 【電子期刊】"
"48839","Current Medical Literature: Psychiatry","0957-770X","西文","1/1/2011-7/1/2012","ProQuest 【電子期刊】"
"48838","Current Medical Literature: Pulmonary Hypertension","2041-1693","西文","1/1/2011-1/1/2013","ProQuest 【電子期刊】"
"48837","Current Medical Literature: Rheumatology","0261-3360","西文","1/1/2011-1/1/2014","ProQuest 【電子期刊】"
"48836","Current Medical Literature: Urology","1357-1532","西文","1/1/2011-10/1/2012","ProQuest 【電子期刊】"
"45710","Current Medical Research and Opinion","0300-7995","西文","1998-2008","ProQuest 【電子期刊】"
"49798","Current Medical Science","2096-5230","西文","1981-present","Springer 【電子期刊】"
"45711","Current Medicinal Chemistry","0929-8673","西文","2000-2008","ProQuest 【電子期刊】"
"48853","Current Medicine","2731-0868","西文","12/1/2022+","ProQuest 【電子期刊】"
"18488","Current microbiology","0343-8651","西文","20000101-","MEDLINE電子期刊"
"45712","Current Microbiology","0343-8651","西文","1997-present(已延遲 1 年)","ProQuest 【電子期刊】"
"48854","Current Neurology","1641-9227","西文","1/1/2005+","ProQuest 【電子期刊】"
"45713","Current Neurology and Neuroscience Reports","1528-4042","西文","2001-present(已延遲 1 年)","ProQuest 【電子期刊】"
"49566","Current Neurology and Neuroscience Reports","1528-4042","西文","2001.02-present","Springer 【電子期刊】"
"49567","Current Oncology Reports","1523-3790","西文","1999.03-present","Springer 【電子期刊】"
"45714","Current Oncology Reports; Philadelphia","1523-3790","西文","2013-present(已延遲 1 年)","ProQuest 【電子期刊】"
"49815","Current Ophthalmology Reports","2167-4868","西文","3/1/2013+","ProQuest 【電子期刊】"
"37606","Current Opinion in Allergy & Clinical Immunology","1528-4050","西文","2001.02-present","OVID 【電子期刊】"
"37607","Current Opinion in Anaesthesiology","0952-7907","西文","1998.02-present","OVID 【電子期刊】"
"37990","Current Opinion in Biotechnology","0958-1669","西文","2007.02-present","ClinicalKey 【電子期刊&電子書】"
"37608","Current Opinion in Cardiology","0268-4705","西文","1999.01-present","OVID 【電子期刊】"
"37991","Current Opinion in Cell Biology","0955-0674","西文","2007/02-present","ClinicalKey 【電子期刊&電子書】"
"37609","Current Opinion in Clinical Nutrition & Metabolic Care","1363-1950","西文","1998.01-present","OVID 【電子期刊】"
"37610","Current Opinion in Critical Care","1070-5295","西文","1999.02-present","OVID 【電子期刊】"
"37611","Current Opinion in Endocrinology, Diabetes & Obesity","1752-296X","西文","2007.02-present","OVID 【電子期刊】"
"37612","Current Opinion in Gastroenterology","0267-1379","西文","1999.01-present","OVID 【電子期刊】"
"37992","Current Opinion in Genetics & Development","0959-437X","西文","2007/02-present","ClinicalKey 【電子期刊&電子書】"
"37614","Current Opinion in Hematology","1065-6251","西文","1999.01-present","OVID 【電子期刊】"
"37613","Current Opinion in HIV & AIDS","1746-630X","西文","2006.01-present","OVID 【電子期刊】"
"37993","Current Opinion in Immunology","0952-7915","西文","2007/02-present","ClinicalKey 【電子期刊&電子書】"
"37615","Current Opinion in Infectious Diseases","0951-7375","西文","1998.02-present","OVID 【電子期刊】"
"37616","Current Opinion in Lipidology","0957-9672","西文","1998.02-present","OVID 【電子期刊】"
"37994","Current Opinion in Microbiology","1369-5274","西文","2007/02-present","ClinicalKey 【電子期刊&電子書】"
"37617","Current Opinion in Nephrology & Hypertension","1062-4821","西文","1998.01-present","OVID 【電子期刊】"
"37995","Current Opinion in Neurobiology","0959-4388","西文","2007/02-present","ClinicalKey 【電子期刊&電子書】"
"37618","Current Opinion in Neurology","1350-7540","西文","1998.02-present","OVID 【電子期刊】"
"37619","Current Opinion in Obstetrics & Gynecology","1040-872X","西文","1998.02-present","OVID 【電子期刊】"
"37620","Current Opinion in Oncology","1040-8746","西文","1999.01-present","OVID 【電子期刊】"
"37621","Current Opinion in Ophthalmology","1040-8738","西文","1999.02-present","OVID 【電子期刊】"
"37622","Current Opinion in Organ Transplantation","1087-2418","西文","1999.03-present","OVID 【電子期刊】"
"37623","Current Opinion in Otolaryngology & Head & Neck Surgery","1068-9508","西文","1999.02-present","OVID 【電子期刊】"
"37624","Current Opinion in Pediatrics","1040-8703","西文","1999.02-present","OVID 【電子期刊】"
"37996","Current Opinion in Pharmacology","1471-4892","西文","2007/02-present","ClinicalKey 【電子期刊&電子書】"
"37625","Current Opinion in Psychiatry","0951-7367","西文","1995.01-present","OVID 【電子期刊】"
"37626","Current Opinion in Pulmonary Medicine","1070-5287","西文","1999.01-present","OVID 【電子期刊】"
"37627","Current Opinion in Rheumatology","1040-8711","西文","1999.01-present","OVID 【電子期刊】"
"37628","Current Opinion in Supportive & Palliative Care","1751-4258","西文","2007.04-present","OVID 【電子期刊】"
"37629","Current Opinion in Urology","0963-0643","西文","1998.01-present","OVID 【電子期刊】"
"48855","Current Oral Health Reports","2196-3002","西文","3/1/2014+","ProQuest 【電子期刊】"
"37630","Current Orthopaedic Practice","1940-7041","西文","2008.04-present","OVID 【電子期刊】"
"49568","Current Osteoporosis Reports","1544-1873","西文","2003.06-persent","Springer 【電子期刊】"
"48856","Current Pain and Headache Reports","1531-3433","西文","3/1/1997+","ProQuest 【電子期刊】"
"49569","Current Pain and Headache Reports","1531-3433","西文","1997.03-present","Springer 【電子期刊】"
"51205","Current Pain and Headache Reports","1531-3433","西文","3/1/1997+","ProQuest 【電子期刊】"
"51206","Current Pediatrics Reports","2167-4841","西文","12/1/2024+","ProQuest 【電子期刊】"
"45715","Current Pharmaceutical Design","1381-6128","西文","2000-2008","ProQuest 【電子期刊】"
"48857","Current Physical Medicine and Rehabilitation Reports","2167-4833","西文","3/1/2013+","ProQuest 【電子期刊】"
"37997","Current Problems in Cancer","0147-0272","西文","2007/01-present","ClinicalKey 【電子期刊&電子書】"
"38562","Current Problems in Cancer: Case Reports","2666-6219","西文","2020-present","ClinicalKey 【電子期刊&電子書】"
"37998","Current Problems in Cardiology","0146-2806","西文","2007/01-present","ClinicalKey 【電子期刊&電子書】"
"37999","Current Problems in Diagnostic Radiology","0363-0188","西文","2007/01-present","ClinicalKey 【電子期刊&電子書】"
"38000","Current Problems in Pediatric and Adolescent Health Care","1538-5442","西文","2007/01-present","ClinicalKey 【電子期刊&電子書】"
"38001","Current Problems in Surgery","0011-3840","西文","2007/01-present","ClinicalKey 【電子期刊&電子書】"
"49570","Current Psychiatry Reports","1523-3812","西文","1999.06-present","Springer 【電子期刊】"
"48858","Current Research in Nutrition and Food Science","2347-467X","西文","8/1/2013+","ProQuest 【電子期刊】"
"51075","Current Research in Translational Medicine","2452-3186","西文","2016-present","ClinicalKey 【電子期刊&電子書】"
"35963","Current Research Journal of Biological Sciences","2041-0778","西文","20010625-20100710","Airiti Library 【華藝中文電子期刊】"
"49571","Current Reviews in Musculoskeletal Medicine","1935-9748","西文","2008.03-present","Springer 【電子期刊】"
"51207","Current Reviews in Musculoskeletal Medicine","1935-973X","西文","1/1/2023+","ProQuest 【電子期刊】"
"49572","Current Rheumatology Reports","1523-3774","西文","1999.06-present","Springer 【電子期刊】"
"51208","Current Rheumatology Reports","1523-3774","西文","1/1/2023+","ProQuest 【電子期刊】"
"48133","Current Science","0011-3905","西文","1996-2012","ProQuest 【電子期刊】"
"48859","Current Sexual Health Reports","1548-3584","西文","3/1/2004+","ProQuest 【電子期刊】"
"49573","Current Sexual Health Reports","1548-3584","西文","2004-present","Springer 【電子期刊】"
"48860","Current Sleep Medicine Reports","2198-6401","西文","3/1/2015+","ProQuest 【電子期刊】"
"18489","Current sports medicine reports","1537-890X","西文","20060201-20110701","MEDLINE電子期刊"
"37631","Current Sports Medicine Reports","1537-890X","西文","2002.02-present","OVID 【電子期刊】"
"38002","Current Therapeutic Research","0011-393X","西文","2007/01-present","ClinicalKey 【電子期刊&電子書】"
"51080","Current Therapeutic Research","0011-393X","西文","2007-present","ClinicalKey 【電子期刊&電子書】"
"48861","Current Treatment Options in Allergy","2196-3053","西文","3/1/2014+","ProQuest 【電子期刊】"
"48862","Current Treatment Options in Cardiovascular Medicine","1092-8464","西文","3/1/1999+","ProQuest 【電子期刊】"
"49574","Current Treatment Options in Cardiovascular Medicine","1092-8464","西文","1999.03-present","Springer 【電子期刊】"
"49575","Current Treatment Options in Gastroenterology","1092-8472","西文","1998-present","Springer 【電子期刊】"
"51209","Current Treatment Options in Gastroenterology","1092-8472","西文","3/1/2023+","ProQuest 【電子期刊】"
"49577","Current Treatment Options in Neurology","1092-8480","西文","1999.02-present","Springer 【電子期刊】"
"45716","Current Treatment Options in Oncology","1534-5277","西文","2000-2018","ProQuest 【電子期刊】"
"49578","Current Treatment Options in Oncology","1527-2729","西文","2000.02-present","Springer 【電子期刊】"
"48863","Current Treatment Options in Pediatrics","2198-6088","西文","3/1/2015+","ProQuest 【電子期刊】"
"51210","Current Treatment Options in Rheumatology","2198-6002","西文","3/1/2023+","ProQuest 【電子期刊】"
"49579","Current Urology Reports","1527-2737","西文","2000.03-present","Springer 【電子期刊】"
"51211","Current Urology Reports","1527-2737","西文","1/1/2023+","ProQuest 【電子期刊】"
"45717","Cutis","0011-4162","西文","1998-2003","ProQuest 【電子期刊】"
"48864","CVIR Endovascular","2520-8934","西文","12/1/2018+","ProQuest 【電子期刊】"
"51212","CVIR Oncology","3059-2003","西文","12/1/2025+","ProQuest 【電子期刊】"
"18490","Cytogenetic and genome research","1424-8581","西文","20020101-","MEDLINE電子期刊"
"45718","Cytogenetic and Genome Research","1424-8581","西文","1996-2015","ProQuest 【電子期刊】"
"18491","Cytogenetics and cell genetics","0301-0171","西文","19980101-20011201","MEDLINE電子期刊"
"46894","CytoJournal","0974-5963","西文","2008-2019","ProQuest 【電子期刊】"
"38003","Cytokine and Growth Factor Reviews","1359-6101","西文","2007/02-present","ClinicalKey 【電子期刊&電子書】"
"18492","Cytokines, cellular & molecular therapy","1368-4736","西文","19990301-20021201","MEDLINE電子期刊"
"18493","Cytopathology: official journal of the British Society for Clinical Cytology","0956-5507","西文","19980201-","MEDLINE電子期刊"
"18494","Cytotherapy","1465-3249","西文","20000101-20121201","MEDLINE電子期刊"
"38004","Cytotherapy","1465-3249","西文","2007/01-present","ClinicalKey 【電子期刊&電子書】"
"49582","Die Chirurgie","2731-6971","西文","1997-present","Springer 【電子期刊】"
"51218","Die Chirurgie","2731-6971","西文","1/1/2023+","ProQuest 【電子期刊】"
"19322","The Canadian nurse","0008-4581","西文","20040901-","MEDLINE電子期刊"
"19068","The cerebellum","1473-4222","西文","20020101-","MEDLINE電子期刊"
"37214","The Changhua Journal of Medicine","1680-1504","西文","20000101-present","Airiti Library 【華藝中文電子期刊】"
"36063","The Chinese Journal of Physiology","0304-4920","西文","20060401-","Airiti Library 【華藝中文電子期刊】"
"36064","The Chinese Pharmaceutical Journal","1016-1015","中文","20000201-","Airiti Library 【華藝中文電子期刊】"
"48134","Daedalus","0011-5266","西文","1988-2011","ProQuest 【電子期刊】"
"47933","Daru","1560-8115","西文","2010-2016","ProQuest 【電子期刊】"
"48865","DB's Medical Rants [BLOG]","","西文","7/31/2018-3/19/2021","ProQuest 【電子期刊】"
"48866","DC Medical Malpractice and Patient Safety Blog","","西文","7/20/2018-12/30/2022","ProQuest 【電子期刊】"
"18495","Death studies","0748-1187","西文","19930701-","MEDLINE電子期刊"
"45720","Death Studies; Abingdon","0748-1187","西文","1996-2000","ProQuest 【電子期刊】"
"38711","Deep Brain Stimulation","2949-6691","西文","2023-present","ClinicalKey 【電子期刊&電子書】"
"18496","Delaware medical journal","0011-7781","西文","20090101-","MEDLINE電子期刊"
"18497","Dementia and geriatric cognitive disorders","1420-8008","西文","20050101-","MEDLINE電子期刊"
"45721","Dementia and Geriatric Cognitive Disorders","1420-8008","西文","1998-2015","ProQuest 【電子期刊】"
"47130","Dementia and Geriatric Cognitive Disorders Extra","1664-5464","西文","2017-present","ProQuest 【電子期刊】"
"45722","Demography","0070-3370","西文","2011-2020","ProQuest 【電子期刊】"
"45723","Demography (pre-2011)","0070-3370","西文","1995-2010","ProQuest 【電子期刊】"
"48867","DEN Open","2692-4609","西文","4/1/2021+","ProQuest 【電子期刊】"
"38005","Dental Abstracts","0011-8486","西文","2007/01-present","ClinicalKey 【電子期刊&電子書】"
"45724","Dental Assistant","1088-3886","西文","2000-present","ProQuest 【電子期刊】"
"38006","Dental Clinics of North America","0011-8532","西文","2007/01-present","ClinicalKey 【電子期刊&電子書】"
"47699","Dental Economics","0011-8583","西文","1992-2013","ProQuest 【電子期刊】"
"47700","Dental Hypotheses","2155-8213","西文","2010-present","ProQuest 【電子期刊】"
"45725","Dental Implantology Update","1062-0346","西文","2010-2012","ProQuest 【電子期刊】"
"38007","Dental Materials","0109-5641","西文","2007/01-present","ClinicalKey 【電子期刊&電子書】"
"47701","Dental Poster Journal","2278-7372","西文","2012-2021","ProQuest 【電子期刊】"
"47702","Dental Practice Report","1529-7500","西文","2006-2007","ProQuest 【電子期刊】"
"47703","Dental Press Journal of Orthodontics","2176-9451","西文","2016-present","ProQuest 【電子期刊】"
"47704","Dental Products Report","0011-8737","西文","2000-present","ProQuest 【電子期刊】"
"48188","Dental Products Report Europe","1753-3198","西文","2000-2008","ProQuest 【電子期刊】"
"47705","Dental Research Journal","1735-3327","西文","2009-2019","ProQuest 【電子期刊】"
"47706","Dentistry 3000","2167-8677","西文","2017-present","ProQuest 【電子期刊】"
"48868","Dentistry Journal","2304-6767","西文","3/1/2013+","ProQuest 【電子期刊】"
"38659","Dentistry Review","2772-5596","西文","2021-present","ClinicalKey 【電子期刊&電子書】"
"51213","DentistryIQ","","西文","1/15/2025+","ProQuest 【電子期刊】"
"48084","Department of Health & Human Services (HHS) Documents / FIND","","西文","2005-present","ProQuest 【電子期刊】"
"18498","Depression and anxiety","1091-4269","西文","19960501-","MEDLINE電子期刊"
"51214","Depression and Anxiety","1091-4269","西文","11/1/2012+","ProQuest 【電子期刊】"
"37015","Depression Research and Treatment","2090-1321","西文","20111201-20151201","Airiti Library 【華藝中文電子期刊】"
"48037","Depression Research and Treatment","2090-1321","西文","2010-present","ProQuest 【電子期刊】"
"18499","Der Internist","0020-9554","西文","20050101-","MEDLINE電子期刊"
"49591","Der Nervenarzt","0028-2804","西文","1997-present","Springer 【電子期刊】"
"49598","Der Schmerz","0932-433X","西文","1997-present","Springer 【電子期刊】"
"18500","Dermatitis: contact, atopic, occupational, drug","1710-3568","西文","20041201-20111201","MEDLINE電子期刊"
"38008","Dermatologic Clinics","0733-8635","西文","2007/01-present","ClinicalKey 【電子期刊&電子書】"
"37633","Dermatologic Surgery","1076-0512","西文","1995-present","OVID 【電子期刊】"
"18501","Dermatologic therapy","1396-0296","西文","20030301-","MEDLINE電子期刊"
"51215","Dermatologic Therapy","1396-0296","西文","1/1/2025+","ProQuest 【電子期刊】"
"47760","Dermatologie in Beruf und Umwelt","1438-776X","西文","2016-present","ProQuest 【電子期刊】"
"45727","Dermatology","1018-8665","西文","1998-2015","ProQuest 【電子期刊】"
"47761","Dermatology and Therapy","2193-8210","西文","2013-2019","ProQuest 【電子期刊】"
"45728","Dermatology Nursing","1060-3441","西文","2001-2010","ProQuest 【電子期刊】"
"48870","Dermatology Reports","2036-7392","西文","11/1/2009-6/1/2022","ProQuest 【電子期刊】"
"36957","Dermatology Research and Practice","1687-6105","西文","20091201-20171201","Airiti Library 【華藝中文電子期刊】"
"47762","Dermatology Research and Practice","1687-6105","西文","2009-present","ProQuest 【電子期刊】"
"47763","Dermatology Times","0196-6197","西文","1998-present","ProQuest 【電子期刊】"
"18502","Dermatology: international journal for clinical and investigative dermatology","1018-8665","西文","20050101-","MEDLINE電子期刊"
"48871","Deutsche Zeitschrift für Akupunktur","0415-6412","西文","1/1/2003+","ProQuest 【電子期刊】"
"18503","Developing world bioethics","1471-8731","西文","20010501-","MEDLINE電子期刊"
"45730","Development and Psychopathology","0954-5794","西文","2001-present(已延遲 1 年)","ProQuest 【電子期刊】"
"18504","Development genes and evolution","0949-944X","西文","20000101-","MEDLINE電子期刊"
"18505","Development, growth & differentiation","0012-1592","西文","19980801-","MEDLINE電子期刊"
"18506","Developmental disabilities research reviews","1940-5510","西文","20080201-20150701","MEDLINE電子期刊"
"20242","Developmental Medicine & Child Neurology","0012-1622","西文","1997-present訂購年份:2025(三院共享)","南醫單本訂購期刊"
"45731","Developmental Medicine and Child Neurology","0012-1622","西文","2001-2011","ProQuest 【電子期刊】"
"18507","Developmental neuropsychology","8756-5641","西文","20000101-","MEDLINE電子期刊"
"18508","Developmental neurorehabilitation","1751-8423","西文","20070101-","MEDLINE電子期刊"
"45732","Developmental Neuroscience","0378-5866","西文","1998-2015","ProQuest 【電子期刊】"
"18510","Developmental psychobiology","0012-1630","西文","19840101-","MEDLINE電子期刊"
"18511","Developmental science","1363-755X","西文","20040201-","MEDLINE電子期刊"
"47782","Diabesity","2369-0569","西文","2016-present","ProQuest 【電子期刊】"
"45733","Diabetes","0012-1797","西文","1997-2013","ProQuest 【電子期刊】"
"38011","Diabetes & Metabolic Syndrome: Clinical Research & Reviews","1871-4021","西文","2007/02-present","ClinicalKey 【電子期刊&電子書】"
"38012","Diabetes & Metabolism","1262-3636","西文","2007/01-present","ClinicalKey 【電子期刊&電子書】"
"51216","Diabetes & Metabolism Journal","2233-6079","西文","2/1/2010+","ProQuest 【電子期刊】"
"6638","Diabetes Care","0149-5992","西文","2013.01-2026.12","彰秀單本期刊"
"45734","Diabetes Care","0149-5992","西文","1996-2013","ProQuest 【電子期刊】"
"20129","Diabetes Care(南醫2024年起停訂)","0149-5992","英文","1978-present","南醫單本訂購期刊"
"38602","Diabetes Epidemiology and Management","2666-9706","西文","2021-present","ClinicalKey 【電子期刊&電子書】"
"45736","Diabetes Management; London","1758-1907","西文","2011-2015","ProQuest 【電子期刊】"
"38013","Diabetes Research and Clinical Practice","0168-8227","西文","2007/01-present","ClinicalKey 【電子期刊&電子書】"
"47783","Diabetes Spectrum","1040-9165","西文","1998-2013","ProQuest 【電子期刊】"
"47784","Diabetes Therapy","1869-6953","西文","2012-present","ProQuest 【電子期刊】"
"6568","Diabetes, Obesity and Metabolism","1462-8902","西文","1999-present","Wiley Online Library(電子期刊)"
"47786","Diabetic Foot & Ankle","2000-625X","西文","2013-2018","ProQuest 【電子期刊】"
"18512","Diabetologia","0012-186X","西文","20000101-","MEDLINE電子期刊"
"45737","Diabetologia","0012-186X","西文","1999-present(已延遲 1 年)","ProQuest 【電子期刊】"
"49601","Diabetologia","0012-186X","西文","1997-present","Springer 【電子期刊】"
"47787","Diabetology & Metabolic Syndrome","1758-5996","西文","2009-present","ProQuest 【電子期刊】"
"51217","Diabetology International","2190-1678","西文","1/1/2023+","ProQuest 【電子期刊】"
"49602","Diabetology International","2190-1678","西文","2010-present","Springer 【電子期刊】"
"38016","Diagnostic and Interventional Imaging","2211-5684","西文","2012/01-present","ClinicalKey 【電子期刊&電子書】"
"45739","Diagnostic and Interventional Radiology","1305-3825","西文","2005 - present","ProQuest 【電子期刊】"
"48872","Diagnostic and Prognostic Research","2397-7523","西文","1/1/2017+","ProQuest 【電子期刊】"
"37016","Diagnostic and Therapeutic Endoscopy","1070-3608","西文","20141201-20141201","Airiti Library 【華藝中文電子期刊】"
"38014","Diagnostic Histopathology","1756-2317","西文","2008/01-present","ClinicalKey 【電子期刊&電子書】"
"48614","Diagnostic Imaging","0194-2514","西文","1998-2010","ProQuest 【電子期刊】"
"38015","Diagnostic Microbiology & Infectious Disease","0732-8893","西文","2007/01-present","ClinicalKey 【電子期刊&電子書】"
"45738","Diagnostic Pathology","1746-1596","西文","2009-present","ProQuest 【電子期刊】"
"38674","Dialogues in Health","2772-6533","西文","2022-present","ClinicalKey 【電子期刊&電子書】"
"47323","Diario Médico","1579-8429","西文","2008-present","ProQuest 【電子期刊】"
"47324","Dicle Tip Dergisi","1300-2945","西文","2009-present","ProQuest 【電子期刊】"
"51219","Die Dermatologie","2731-7005","西文","1/1/2023+","ProQuest 【電子期刊】"
"49586","Die Dermatologie","2731-7005","西文","1997-present","Springer 【電子期刊】"
"48873","Die Diabetologie","2731-7447","西文","8/1/2005+","ProQuest 【電子期刊】"
"49583","Die Diabetologie","2731-7447","西文","2005-present","Springer 【電子期刊】"
"18513","Differentiation; research in biological diversity","0301-4681","西文","20000501-20081201","MEDLINE電子期刊"
"18514","Digestion","0012-2823","西文","19980101-","MEDLINE電子期刊"
"45740","Digestion","0012-2823","西文","1994-2015","ProQuest 【電子期刊】"
"38018","Digestive and Liver Disease","1590-8658","西文","2007/01-present","ClinicalKey 【電子期刊&電子書】"
"18515","Digestive diseases","0257-2753","西文","20050301-","MEDLINE電子期刊"
"45741","Digestive Diseases and Sciences","0163-2116","西文","1997-present(已延遲 1 年)","ProQuest 【電子期刊】"
"49603","Digestive Diseases and Sciences","0163-2116","西文","1997-present","Springer 【電子期刊】"
"6569","Digestive Endoscopy","0915-5635","西文","1997-present","Wiley Online Library(電子期刊)"
"18516","Digestive surgery","0253-4886","西文","20050101-","MEDLINE電子期刊"
"45742","Digestive Surgery","0253-4886","西文","1998-2015","ProQuest 【電子期刊】"
"47325","Digital Biomarkers","2504-110X","西文","2017-present","ProQuest 【電子期刊】"
"51068","Digital Dentistry Journal","2950-6433","西文","2025-present","ClinicalKey 【電子期刊&電子書】"
"47707","Digital Esthetics","2472-2057","西文","2000-2018","ProQuest 【電子期刊】"
"48877","Digital Health","2055-2076","西文","1/1/2016+","ProQuest 【電子期刊】"
"48878","Digital Pathology Blog","","西文","7/24/2018+","ProQuest 【電子期刊】"
"37634","Dimensions of Critical Care Nursing","0730-4625","西文","2001.01-present","OVID 【電子期刊】"
"45743","Dimensions of Critical Care Nursing; DCCN","0730-4625","西文","1998-2002","ProQuest 【電子期刊】"
"48879","Directions in Pharmacy","2767-4541","西文","9/1/2020+","ProQuest 【電子期刊】"
"38019","Disability and Health Journal","1936-6574","西文","2008/01-present","ClinicalKey 【電子期刊&電子書】"
"48435","Disaster and Military Medicine","2054-314X","西文","2015-2017","ProQuest 【電子期刊】"
"48085","Disaster Prevention and Management","0965-3562","西文","1995-present (已延遲 1 年)","ProQuest 【電子期刊】"
"18517","Disasters","0361-3666","西文","19980301-","MEDLINE電子期刊"
"47326","Discharge Planning Advisor","1940-8706","西文","2008-2011","ProQuest 【電子期刊】"
"51224","Discover Developmental Biology","3059-3239","西文","1/1/1997+","ProQuest 【電子期刊】"
"51225","Discover Endocrinology and Metabolism","3059-2682","西文","12/1/2025+","ProQuest 【電子期刊】"
"51226","Discover Health Systems","2731-7501","西文","12/1/2025+","ProQuest 【電子期刊】"
"51227","Discover Imaging","3004-9776","西文","12/1/2025+","ProQuest 【電子期刊】"
"51228","Discover Immunity","3005-1185","西文","12/1/2025+","ProQuest 【電子期刊】"
"51229","Discover Medicine","3004-8885","西文","12/1/2025+","ProQuest 【電子期刊】"
"48880","Discover Mental Health","2731-4383","西文","12/1/2021+","ProQuest 【電子期刊】"
"51230","Discover Neuroscience","3005-1827","西文","12/1/2007+","ProQuest 【電子期刊】"
"48881","Discover Oncology","2730-6011","西文","12/1/2021+","ProQuest 【電子期刊】"
"51231","Discover Pharmaceutical Sciences","3005-1835","西文","12/1/2025+","ProQuest 【電子期刊】"
"48882","Discover Psychology","2731-4537","西文","12/1/2021+","ProQuest 【電子期刊】"
"51232","Discover Public Health","3005-0774","西文","1/1/2009+","ProQuest 【電子期刊】"
"48883","Discover Social Science and Health","2731-0469","西文","12/1/2021+","ProQuest 【電子期刊】"
"51233","Discover Viruses","3005-0960","西文","12/1/2025+","ProQuest 【電子期刊】"
"51234","Discovery Immunology","2754-2483","西文","1/1/2022+","ProQuest 【電子期刊】"
"47327","Discovery Phytomedicine","2368-4798","西文","2016-present","ProQuest 【電子期刊】"
"51738","Disease and Therapeutics","3050-9998","西文","2025-present","ClinicalKey 【電子期刊&電子書】"
"47328","Disease Management & Health Outcomes","1173-8790","西文","2008","ProQuest 【電子期刊】"
"18518","Disease markers","0278-0240","西文","19980201-","MEDLINE電子期刊"
"48884","Disease Models & Mechanisms (DMM)","1754-8403","西文","1/1/2008+","ProQuest 【電子期刊】"
"38020","Disease-a-Month","0011-5029","西文","2007/01-present","ClinicalKey 【電子期刊&電子書】"
"37635","Diseases of the Colon & Rectum","0012-3706","西文","2004.01-present","OVID 【電子期刊】"
"18519","Diseases of the esophagus: official journal of the International Society for Diseases of the Esophagus / I.S.D.E","1120-8694","西文","19990101-","MEDLINE電子期刊"
"18520","DNA sequence: the journal of DNA sequencing and mapping","1042-5179","西文","20020201-20080601","MEDLINE電子期刊"
"49580","DNP - Der Neurologe und Psychiater","2731-8168","西文","2014.01-present","Springer 【電子期刊】"
"45745","Documenta Ophthalmologica","0012-4486","西文","1999-present(已延遲 1 年)","ProQuest 【電子期刊】"
"49604","Documenta Ophthalmologica","0012-4486","西文","1997-present","Springer 【電子期刊】"
"45746","Doklady Biological Sciences","0012-4966","西文","2000-2018","ProQuest 【電子期刊】"
"45747","Doklady. Biochemistry and Biophysics","1607-6729","西文","2000-2018","ProQuest 【電子期刊】"
"18521","Doklady. Biochemistry and biophysics","1607-6729","西文","20010101-","MEDLINE電子期刊"
"48885","Dose, The","","西文","3/1/2023+","ProQuest 【電子期刊】"
"48886","Dose-Response","1559-3258","西文","7/1/2011+","ProQuest 【電子期刊】"
"47331","Douleur et Analgesie","1011-288X","西文","2015-present","ProQuest 【電子期刊】"
"48887","Dr. Cesar Rivera [BLOG]","","西文","2/21/2019-5/23/2020","ProQuest 【電子期刊】"
"48888","Dr. Gwenn Is In [BLOG]","","西文","1/16/2019-1/16/2019","ProQuest 【電子期刊】"
"48889","Dr. Wes [BLOG]","","西文","7/25/2018-6/20/2022","ProQuest 【電子期刊】"
"38022","Drug and Alcohol Dependence","0376-8716","西文","2007/01-present","ClinicalKey 【電子期刊&電子書】"
"38603","Drug and Alcohol Dependence Reports","2772-7246","西文","2021-present","ClinicalKey 【電子期刊&電子書】"
"18522","Drug and alcohol review","0959-5236","西文","20020301-","MEDLINE電子期刊"
"47074","Drug and Alcohol Review","0959-5236","西文","1998-2000","ProQuest 【電子期刊】"
"18523","Drug and chemical toxicology","0148-0545","西文","20000201-","MEDLINE電子期刊"
"47332","Drug and Therapeutics Bulletin","0012-6543","西文","1963-present(已延遲 6 個月)","ProQuest 【電子期刊】"
"18524","Drug delivery","1071-7544","西文","20000301-","MEDLINE電子期刊"
"47934","Drug Delivery","1071-7544","西文","2017-present","ProQuest 【電子期刊】"
"51235","Drug Delivery and Translational Research","2190-393X","西文","1/1/2023+","ProQuest 【電子期刊】"
"18525","Drug design and discovery","1055-9612","西文","20020301-20031201","MEDLINE電子期刊"
"47935","Drug Development & Delivery","2372-2770","西文","2012-present","ProQuest 【電子期刊】"
"18526","Drug development and industrial pharmacy","0363-9045","西文","19990101-","MEDLINE電子期刊"
"47936","Drug Discovery & Development","1524-783X","西文","2002-2018","ProQuest 【電子期刊】"
"47937","Drug Formulary Review","1548-2790","西文","2008-2010","ProQuest 【電子期刊】"
"48890","Drug Injury Watch","","西文","5/8/2023+","ProQuest 【電子期刊】"
"45748","Drug Metabolism and Drug Interactions; Berlin","0792-5077","西文","2014-2023","ProQuest 【電子期刊】"
"18527","Drug metabolism reviews","0360-2532","西文","19990201-","MEDLINE電子期刊"
"38021","Drug Resistance Updates","1368-7646","西文","2007/02-present","ClinicalKey 【電子期刊&電子書】"
"45749","Drug Safety","0114-5916","西文","2008-present(已延遲 1 年)","ProQuest 【電子期刊】"
"37425","Drug Target Insights","1177-3928","西文","20111201-20161201","Airiti Library 【華藝中文電子期刊】"
"47938","Drug Target Insights","1177-3928","西文","2006-2018","ProQuest 【電子期刊】"
"47939","Drug Topics","0012-6616","西文","1991-present","ProQuest 【電子期刊】"
"45750","Drugs","0012-6667","西文","2008-present(已延遲 1 年)","ProQuest 【電子期刊】"
"45751","Drugs & Aging","1170-229X","西文","2008-present(已延遲 1 年)","ProQuest 【電子期刊】"
"47940","Drugs & Therapy Perspectives","1172-0360","西文","2008-present(已延遲 1 年)","ProQuest 【電子期刊】"
"48891","Drugs - Real World Outcomes","2199-1154","西文","12/1/2014+","ProQuest 【電子期刊】"
"45752","Drugs in R & D","1174-5886","西文","2008","ProQuest 【電子期刊】"
"47941","Drugs in R & D (Online)","1179-6901","西文","2010-2019","ProQuest 【電子期刊】"
"18529","Drugs in R&D","1174-5886","西文","20020201-20150601","MEDLINE電子期刊"
"47065","Drugs, Habits and Social Policy","1745-9265","西文","2003-present(已延遲 1 年)","ProQuest 【電子期刊】"
"37017","DSM-5通訊","","中文","20110401-20140601","Airiti Library 【華藝中文電子期刊】"
"18530","Dyslexia: the journal of the British Dyslexia Association","1076-9242","西文","20000401-","MEDLINE電子期刊"
"18531","Dysphagia","0179-051X","西文","20030201-","MEDLINE電子期刊"
"45754","Dysphagia","0179-051X","西文","1997-present(已延遲 1 年)","ProQuest 【電子期刊】"
"49605","Dysphagia","0179-051X","西文","1997-present","Springer 【電子期刊】"
"48121","WHO Drug Information","1010-9609","西文","1998-present","ProQuest 【電子期刊】"
"51236","e Gastroenterology","2976-7296","西文","5/30/2025+","ProQuest 【電子期刊】"
"48892","E Journal of Cardiovascular Medicine","2147-1924","西文","6/1/2013+","ProQuest 【電子期刊】"
"37407","E-Da Medical Journal","2408-9958","西文","20140701-20230601","Airiti Library 【華藝中文電子期刊】"
"38471","e-SPEN Journal","2212-8263","西文","2012-2014","ClinicalKey 【電子期刊&電子書】"
"38472","e-SPEN, the European e-Journal of Clinical Nutrition and Metabolism","1751-4991","西文","2007-2012","ClinicalKey 【電子期刊&電子書】"
"51747","EANM Innovation","3051-2913","西文","2025-present","ClinicalKey 【電子期刊&電子書】"
"51746","EANM Journal, The","3051-2921","西文","2025-present","ClinicalKey 【電子期刊&電子書】"
"37636","Ear & Hearing","0196-0202","西文","1980.01-present","OVID 【電子期刊】"
"45761","Ear, Nose & Throat Journal","0145-5613","西文","1998-2018","ProQuest 【電子期刊】"
"38023","Early Human Development","0378-3782","西文","2007/01-present","ClinicalKey 【電子期刊&電子書】"
"45762","East Asian Archives of Psychiatry","2078-9947","西文","1991-present","ProQuest 【電子期刊】"
"47334","Eastern Journal of Medicine","1301-0883","西文","2004-present","ProQuest 【電子期刊】"
"45763","Eastern Mediterranean Health Journal","1020-3397","西文","2010-present","ProQuest 【電子期刊】"
"18532","Eastern Mediterranean health journal = La revue de sante de la Mediterranee orientale = al-Majallah al-sihhiyah li-sharq al-mutawassit","1020-3397","西文","20071101-","MEDLINE電子期刊"
"48893","Eating and Weight Disorders","1124-4909","西文","3/1/1997+","ProQuest 【電子期刊】"
"38604","EBioMedicine","2352-3964","西文","2015-present","ClinicalKey 【電子期刊&電子書】"
"47119","Ebony","0012-9011","西文","1988-2008","ProQuest 【電子期刊】"
"45755","EBRI Issue Brief","0887-137X","西文","1998-present","ProQuest 【電子期刊】"
"48370","ecancermedicalscience","1754-6605","西文","2015-present","ProQuest 【電子期刊】"
"48894","Echo Research & Practice","2055-0464","西文","3/1/2014+","ProQuest 【電子期刊】"
"18533","Echocardiography","0742-2822","西文","20030101-","MEDLINE電子期刊"
"38605","EClinicalMedicine","2589-5370","西文","2018-present","ClinicalKey 【電子期刊&電子書】"
"45764","EcoHealth","1612-9202","西文","2004-present","ProQuest 【電子期刊】"
"49606","EcoHealth","1612-9202","西文","2004-present","Springer 【電子期刊】"
"37018","Ecological Parasitology and Immunology","2090-8245","西文","20121101-20151201","Airiti Library 【華藝中文電子期刊】"
"46813","Ecology","0012-9658","西文","1991-2000","ProQuest 【電子期刊】"
"46973","Economic Inquiry","0095-2583","西文","1987-2008","ProQuest 【電子期刊】"
"45765","Ecotoxicology","0963-9292","西文","1997-present (已延遲 1 年)","ProQuest 【電子期刊】"
"47169","ED Legal Letter","1087-7347","西文","2008-2021","ProQuest 【電子期刊】"
"45756","ED Management","1044-9167","西文","2008-present","ProQuest 【電子期刊】"
"47335","ED Nursing","1096-4304","西文","2008-2011","ProQuest 【電子期刊】"
"37019","Edorium Journal of Cardiothoracic and Vascular Surgery","","西文","20141201-20151201","Airiti Library 【華藝中文電子期刊】"
"37021","Edorium Journal of Anatomy and Embryology","","西文","20140101-20140101","Airiti Library 【華藝中文電子期刊】"
"37022","Edorium Journal of Cancer","","西文","20131201-20151201","Airiti Library 【華藝中文電子期刊】"
"37023","Edorium Journal of Cardiology","","西文","20141201-20151201","Airiti Library 【華藝中文電子期刊】"
"37024","Edorium Journal of Cell Biology","","西文","20141201-20151201","Airiti Library 【華藝中文電子期刊】"
"37025","Edorium Journal of Dentistry","","西文","20141201-20151201","Airiti Library 【華藝中文電子期刊】"
"37026","Edorium Journal of Endocrinology","","西文","20141201-20151201","Airiti Library 【華藝中文電子期刊】"
"37027","Edorium Journal of Gastroenterology","","西文","20140101-20161201","Airiti Library 【華藝中文電子期刊】"
"37028","Edorium Journal of Gastrointestinal Surgery","","西文","20141201-20151201","Airiti Library 【華藝中文電子期刊】"
"37029","Edorium Journal of Infectious Diseases","","西文","20141201-20151201","Airiti Library 【華藝中文電子期刊】"
"37030","Edorium Journal of Intensive Care","","西文","20141201-20151201","Airiti Library 【華藝中文電子期刊】"
"37031","Edorium Journal of Medicine","","西文","20141201-20151201","Airiti Library 【華藝中文電子期刊】"
"37032","Edorium Journal of Neurology","","西文","20141201-","Airiti Library 【華藝中文電子期刊】"
"37033","Edorium Journal of Nutrition and Dietetics","","西文","20150101-20150101","Airiti Library 【華藝中文電子期刊】"
"37034","Edorium Journal of Otolaryngology","","西文","20141201-20151201","Airiti Library 【華藝中文電子期刊】"
"37035","Edorium Journal of Pathology","","西文","20141201-20141201","Airiti Library 【華藝中文電子期刊】"
"37438","Edorium Journal of Plastic and Cosmetic Surgery","","西文","20141201-20161201","Airiti Library 【華藝中文電子期刊】"
"37036","Edorium Journal of Public Health","","西文","20141201-20151201","Airiti Library 【華藝中文電子期刊】"
"37037","Edorium Journal of Respiratory Medicine","","西文","20141201-20141201","Airiti Library 【華藝中文電子期刊】"
"37038","Edorium Journal of Surgery","","西文","20141201-20151201","Airiti Library 【華藝中文電子期刊】"
"37039","Edorium Journal of Tumor Biology","","西文","20141201-20141201","Airiti Library 【華藝中文電子期刊】"
"47089","Education and Training in Autism and Developmental Disabilities","2154-1647","西文","2013-present","ProQuest 【電子期刊】"
"47075","Education for Health","1357-6283","西文","1998-present","ProQuest 【電子期刊】"
"18534","Education for health: change in training & practice","1357-6283","西文","20030301-","MEDLINE電子期刊"
"48038","Educational and Developmental Psychologist, The","2059-0776","西文","2010-2023","ProQuest 【電子期刊】"
"48895","Egyptian Heart Journal, The","1110-2608","西文","12/1/2019+","ProQuest 【電子期刊】"
"48896","Egyptian Journal of Bronchology, The","1687-8426","西文","12/1/2013+","ProQuest 【電子期刊】"
"51237","Egyptian Journal of Critical Care Medicine, The","2090-7303","西文","12/1/2025+","ProQuest 【電子期刊】"
"48897","Egyptian Journal of Forensic Sciences","2090-536X","西文","12/1/2017+","ProQuest 【電子期刊】"
"48898","Egyptian Journal of Internal Medicine, The","1110-7782","西文","4/1/2012+","ProQuest 【電子期刊】"
"46910","Egyptian Journal of Medical Human Genetics, The","1110-8630","西文","2009-present","ProQuest 【電子期刊】"
"48535","Egyptian Journal of Neurology, Psychiatry, and Neurosurgery, The","1110-1083","西文","2015-present","ProQuest 【電子期刊】"
"48899","Egyptian Journal of Neurosurgery","2520-8225","西文","12/1/2018+","ProQuest 【電子期刊】"
"47788","Egyptian Journal of Obesity, Diabetes and Endocrinology","2356-8062","西文","2015-2021","ProQuest 【電子期刊】"
"48900","Egyptian Journal of Otolaryngology, The","1012-5574","西文","1/1/2012+","ProQuest 【電子期刊】"
"48901","Egyptian Journal of Radiology and Nuclear Medicine, The","0378-603X","西文","12/1/2019+","ProQuest 【電子期刊】"
"48902","Egyptian Liver Journal","2090-6218","西文","12/1/2019+","ProQuest 【電子期刊】"
"48903","Egyptian Pediatric Association Gazette","1110-6638","西文","12/1/2019+","ProQuest 【電子期刊】"
"48904","Egyptian Rheumatology and Rehabilitation","1110-161X","西文","1/1/2014+","ProQuest 【電子期刊】"
"47175","EHS Today","1945-9599","西文","2009-2019","ProQuest 【電子期刊】"
"38698","EJC Paediatric Oncology","2772-610X","西文","2023-present","ClinicalKey 【電子期刊&電子書】"
"38701","EJC Skin Cancer","2772-6118","西文","2023-present","ClinicalKey 【電子期刊&電子書】"
"48905","EJNMMI Radiopharmacy and Chemistry","2365-421X","西文","6/1/2016+","ProQuest 【電子期刊】"
"48615","EJNMMI Research","2191-219X","西文","2013-present","ProQuest 【電子期刊】"
"51238","EJNMMI Research","2191-219X","西文","1/1/2013+","ProQuest 【電子期刊】"
"38549","EJVES Short Reports","2405-6553","西文","2015-present","ClinicalKey 【電子期刊&電子書】"
"38647","EJVES Vascular Forum","2666-688X","西文","2020-present","ClinicalKey 【電子期刊&電子書】"
"47942","El Farmaceutico Hospitales","0214-4697","西文","2004-2020","ProQuest 【電子期刊】"
"45766","Elderly Care","","西文","1999-2000","ProQuest 【電子期刊】"
"46814","eLife","2050-084X","西文","2012-present","ProQuest 【電子期刊】"
"45757","EMBO Journal","0261-4189","西文","2000-2013","ProQuest 【電子期刊】"
"46935","EMBO Molecular Medicine","1757-4676","西文","2010-present","ProQuest 【電子期刊】"
"18535","EMBO reports","1469-221X","西文","20000701-","MEDLINE電子期刊"
"45758","EMBO Reports","1469-221X","西文","2000-2013","ProQuest 【電子期刊】"
"47336","Emergency","0162-5942","西文","1998","ProQuest 【電子期刊】"
"48906","Emergency Cancer Care","2731-4790","西文","12/1/2022+","ProQuest 【電子期刊】"
"48436","Emergency Medicine","0013-6654","西文","1998-2003","ProQuest 【電子期刊】"
"38024","Emergency Medicine Clinics of North America","0733-8627","西文","2007/02-present","ClinicalKey 【電子期刊&電子書】"
"37040","Emergency Medicine International","2090-2840","西文","20141201-20141201","Airiti Library 【華藝中文電子期刊】"
"51239","Emergency Medicine International","2090-2840","西文","1/1/2025+","ProQuest 【電子期刊】"
"48907","Emergency Medicine Journal : EMJ","1472-0205","西文","1/1/2001+","ProQuest 【電子期刊】"
"37637","Emergency Medicine News","1054-0725","西文","2001.01-present","OVID 【電子期刊】"
"48437","Emergency Medicine Reports","0746-2506","西文","2013-present","ProQuest 【電子期刊】"
"48298","Emergency Nurse (2014+)","1354-5752","西文","2014-2021","ProQuest 【電子期刊】"
"45768","Emergency Nurse(through 2013)","1354-5752","西文","1999-2013","ProQuest 【電子期刊】"
"45769","Emergency Radiology","1070-3004","西文","1997-present(已延遲 1 年)","ProQuest 【電子期刊】"
"49607","Emergency Radiology","1070-3004","西文","1997-present","Springer 【電子期刊】"
"45770","Emerging Health Threats Journal","","西文","2013-2015","ProQuest 【電子期刊】"
"18536","Emerging infectious diseases","1080-6040","西文","19960701-","MEDLINE電子期刊"
"48908","Emerging Infectious Diseases","1080-6040","西文","1/1/2020+","ProQuest 【電子期刊】"
"47661","Emerging Microbes and Infections","2222-1751","西文","2012-present","ProQuest 【電子期刊】"
"38606","Emerging Trends in Drugs, Addictions, and Health","2667-1182","西文","2021-present","ClinicalKey 【電子期刊&電子書】"
"46991","Employee Benefit Plan Review","0013-6808","西文","1987-present","ProQuest 【電子期刊】"
"46992","Employee Benefits Journal","0361-4050","西文","1998-2004","ProQuest 【電子期刊】"
"47219","Employee Relations Law Journal","0098-8898","西文","1987-present","ProQuest 【電子期刊】"
"47247","Employment Relations Today","0745-7790","西文","1994-2005","ProQuest 【電子期刊】"
"45759","EMS World","2158-7833","西文","2007-present","ProQuest 【電子期刊】"
"45760","EMSWorld.com","","西文","2012-2017","ProQuest 【電子期刊】"
"51240","Endocrine","1355-008X","西文","1/1/2023+","ProQuest 【電子期刊】"
"49608","Endocrine","1355-008X","西文","1997-present","Springer 【電子期刊】"
"45771","Endocrine Pathology","1046-3976","西文","1997-present(已延遲 1 年)","ProQuest 【電子期刊】"
"49609","Endocrine Pathology","1046-3976","西文","1997-present","Springer 【電子期刊】"
"45772","Endocrine Practice","1530-891X","西文","1995-2020","ProQuest 【電子期刊】"
"51241","Endocrine Regulations","1210-0668","西文","1/1/2016+","ProQuest 【電子期刊】"
"18537","Endocrine research","0743-5800","西文","20010201-","MEDLINE電子期刊"
"6639","Endocrine Reviews","0163-769X","西文","2000.01-2026.12","彰秀單本期刊"
"47789","Endocrine Reviews","0163-769X","西文","2016-present","ProQuest 【電子期刊】"
"47790","Endocrine Today","1540-0735","西文","2008-present","ProQuest 【電子期刊】"
"48909","Endocrines","2673-396X","西文","1/1/2021+","ProQuest 【電子期刊】"
"38025","Endocrinology and Metabolism Clinics","0889-8529","西文","2007/03-present","ClinicalKey 【電子期刊&電子書】"
"38026","Endocrinology and Nutrition (Endocrinolog?a y Nutrici?n, English Edition)","2173-5093","西文","2011/01-present","ClinicalKey 【電子期刊&電子書】"
"51069","Endocrinology and Nutrition (Endocrinología y Nutrición, English Edition)","2173-5093","西文","2011-2016","ClinicalKey 【電子期刊&電子書】"
"51242","Endocrinology Research and Practice","2822-6135","西文","3/1/2015-1/1/2022","ProQuest 【電子期刊】"
"49816","Endocrinology, Diabetes & Metabolism","2398-9238","西文","1/1/2018+","ProQuest 【電子期刊】"
"38522","Endocrinology, Diabetes and Nutrition (Endocrinología, Diabetes y Nutrición, English Edition)","2530-0180","西文","2017.01-present","ClinicalKey 【電子期刊&電子書】"
"48910","Endokrynologia Polska","0423-104X","西文","1/1/2010+","ProQuest 【電子期刊】"
"17379","Endoscopy","0013-726X","西文","2000-present訂購年份:2022-2026","彰濱單本期刊"
"6912","Endoscopy(南醫2022年起停訂,彰濱有)","0013-726X","西文","1969-present","南醫單本訂購期刊"
"18538","Endothelium: journal of endothelial cell research","1062-3329","西文","20030101-20080901","MEDLINE電子期刊"
"48299","Enfermería Global","1695-6141","西文","2014-present","ProQuest 【電子期刊】"
"46985","Enfoque","1517-9087","西文","2005-present","ProQuest 【電子期刊】"
"47337","ENT Updates","2149-7109","西文","2011-present","ProQuest 【電子期刊】"
"46815","Entomological News","0013-872X","西文","2009-present","ProQuest 【電子期刊】"
"45773","Environmental Biosafety Research","1635-7922","西文","2002.10-2011.10","ProQuest 【電子期刊】"
"18539","Environmental geochemistry and health","0269-4042","西文","20030301-","MEDLINE電子期刊"
"45774","Environmental Geochemistry and Health","0269-4042","西文","1997-present","ProQuest 【電子期刊】"
"45775","Environmental Health","1476-069X","西文","2009-present","ProQuest 【電子期刊】"
"45778","Environmental Health and Preventive Medicine","1342-078X","西文","1997-present","ProQuest 【電子期刊】"
"47338","Environmental Health Criteria","0250-863X","西文","2009-2014","ProQuest 【電子期刊】"
"37041","Environmental Health Insights","1178-6302","西文","20111201-20151205","Airiti Library 【華藝中文電子期刊】"
"18540","Environmental health perspectives","0091-6765","西文","19990101-","MEDLINE電子期刊"
"45776","Environmental Health Perspectives","0091-6765","西文","2004-2012.12","ProQuest 【電子期刊】"
"45777","Environmental Health Perspectives (Online)","1552-9924","西文","2013-present","ProQuest 【電子期刊】"
"18541","Environmental health: a global access science source","1476-069X","西文","20020101-","MEDLINE電子期刊"
"18542","Environmental management","0364-152X","西文","20010101-","MEDLINE電子期刊"
"45779","Environmental Management","0364-152X","西文","1997-present","ProQuest 【電子期刊】"
"48911","Environmental Microbiome","2524-6372","西文","1/1/2015+","ProQuest 【電子期刊】"
"18543","Environmental monitoring and assessment","0167-6369","西文","20010101-","MEDLINE電子期刊"
"45780","Environmental Monitoring and Assessment","0167-6369","西文","1997.02-present","ProQuest 【電子期刊】"
"45781","Environmental Science and Pollution Research","0944-1344","西文","1997-present(已延遲1年)","ProQuest 【電子期刊】"
"45782","Environmental Toxicology and Chemistry","0730-7268","西文","2005-2009","ProQuest 【電子期刊】"
"38027","Environmental Toxicology and Pharmacology","1382-6689","西文","2007/01-present","ClinicalKey 【電子期刊&電子書】"
"37042","Enzyme Research","2090-0414","西文","20141201-20141201","Airiti Library 【華藝中文電子期刊】"
"38028","Epidemics","1755-4365","西文","2009/03-present","ClinicalKey 【電子期刊&電子書】"
"47339","Epidemiologic Methods","2194-9263","西文","2013-2023","ProQuest 【電子期刊】"
"48087","Epidemiologic Perspectives & Innovations","1742-5573","西文","2009-2012","ProQuest 【電子期刊】"
"51243","Epidemiologic Reviews","0193-936X","西文","1/1/1996+","ProQuest 【電子期刊】"
"37638","Epidemiology","1044-3983","西文","2000.01-present","OVID 【電子期刊】"
"48221","Epidemiology and Community Health","0142-467X","西文","1979","ProQuest 【電子期刊】"
"45783","Epidemiology and Infection","0950-2688","西文","2001-present","ProQuest 【電子期刊】"
"45784","Epidemiology and Psychiatric Sciences","2045-7960","西文","2012-present","ProQuest 【電子期刊】"
"35966","Epidemiology Bulletin","1021-366x","西文","19840101-present","Airiti Library 【華藝中文電子期刊】"
"37043","Epidemiology Research International","2090-2972","西文","20141201-20141201","Airiti Library 【華藝中文電子期刊】"
"46911","Epigenetics & Chromatin","1756-8935","西文","2009-present","ProQuest 【電子期刊】"
"48912","Epigenetics Communications","2730-7034","西文","12/1/2021+","ProQuest 【電子期刊】"
"46914","Epigenetics Insights","1179-237X","西文","2008-present","ProQuest 【電子期刊】"
"45785","Epigenomics","1750-1911","西文","2009-2020","ProQuest 【電子期刊】"
"6570","Epilepsia","0013-9580","西文","1997-present","Wiley Online Library(電子期刊)"
"48913","Epilepsia Open","2470-9239","西文","9/1/2016+","ProQuest 【電子期刊】"
"38508","Epilepsy & Behavior Case Reports","2213-3232","西文","2013.01-present","ClinicalKey 【電子期刊&電子書】"
"38648","Epilepsy & Behavior Reports","2589-9864","西文","2019-present","ClinicalKey 【電子期刊&電子書】"
"38030","Epilepsy and Behavior","1525-5050","西文","2007/02-present","ClinicalKey 【電子期刊&電子書】"
"38029","Epilepsy Research","0920-1211","西文","2007-present","ClinicalKey 【電子期刊&電子書】"
"37044","Epilepsy Research and Treatment","2090-1348","西文","20101201-","Airiti Library 【華藝中文電子期刊】"
"48536","Epilepsy Research and Treatment","2090-1348","西文","2010-2017","ProQuest 【電子期刊】"
"47662","EpiNorth","1502-1246","西文","2010-2012","ProQuest 【電子期刊】"
"47986","Episteme","1742-3600","西文","2012-present(已延遲 1 年)","ProQuest 【電子期刊】"
"47340","EPMA Journal","1878-5077","西文","2010-2018","ProQuest 【電子期刊】"
"47341","Era's Journal of Medical Research","2348-9839","西文","2016-present","ProQuest 【電子期刊】"
"47257","Ergonomics SA","1010-2728","西文","2008-2017","ProQuest 【電子期刊】"
"48914","ESC Heart Failure","2055-5822","西文","9/1/2014+","ProQuest 【電子期刊】"
"38751","ESMO Gastrointestinal Oncology","2949-8198","西文","2023-present","ClinicalKey 【電子期刊&電子書】"
"38724","ESMO Open","2059-7029","西文","2016-present","ClinicalKey 【電子期刊&電子書】"
"51085","ESMO Rare Cancers","3050-4619","西文","2025-present","ClinicalKey 【電子期刊&電子書】"
"38752","ESMO Real World Data and Digital Oncology","2949-8201","西文","2023-present","ClinicalKey 【電子期刊&電子書】"
"48915","Esophagus","1612-9059","西文","12/1/2003+","ProQuest 【電子期刊】"
"49610","Esophagus","1612-9059","西文","2003-present","Springer 【電子期刊】"
"37389","Estonian Journal of Ecology","1736-7549","西文","20080320-20141201","Airiti Library 【華藝中文電子期刊】"
"48161","Ethical Human Psychology and Psychiatry","1559-4343","西文","2005-2016","ProQuest 【電子期刊】"
"45940","Ethics & Human Research","0193-7758","西文","2005-2012","ProQuest 【電子期刊】"
"47342","Ethics & Medicine","0266-688X","西文","2001-2021","ProQuest 【電子期刊】"
"49611","Ethik in der Medizin","0935-7335","西文","1998-present","Springer 【電子期刊】"
"18544","Ethnicity & health","1355-7858","西文","19960901-","MEDLINE電子期刊"
"45786","Ethnicity and Health; Abingdon","1355-7858","西文","1998-2000","ProQuest 【電子期刊】"
"51094","EULAR Rheumatology Open","3050-7081","西文","2025-present","ClinicalKey 【電子期刊&電子書】"
"46036","Eurasian Journal of Emergency Medicine","2149-5807","西文","2010-2021","ProQuest 【電子期刊】"
"48916","Eurasian Journal of Medical Investigation","2602-3164","西文","1/1/2020+","ProQuest 【電子期刊】"
"47343","Eurasian Journal of Medicine","1308-8734","西文","2010-2019","ProQuest 【電子期刊】"
"48917","Eurasian Journal of Medicine and Oncology","2587-2400","西文","1/1/2020+","ProQuest 【電子期刊】"
"19796","Eurointervention(1人版需帳密,帳號tmhlib@gmail.com 密碼tmh22510)","1774-024X","西文","2005-present","南醫單本訂購期刊"
"18545","European addiction research","1022-6877","西文","19980101-","MEDLINE電子期刊"
"38031","European Annals of Otorhinolaryngology, Head and Neck Diseases","1879-7296","西文","2010/03-present","ClinicalKey 【電子期刊&電子書】"
"48918","European Archives of Medical Research","2651-3153","西文","3/1/2019-3/1/2022","ProQuest 【電子期刊】"
"51244","European Archives of Oto-Rhino-Laryngology","0937-4477","西文","1/1/2022+","ProQuest 【電子期刊】"
"49612","European Archives of Oto-Rhino-Laryngology","0937-4477","西文","1997-present","Springer 【電子期刊】"
"18546","European archives of oto-rhino-laryngology: official journal of the European Federation of Oto-Rhino-Laryngological Societies (EUFOS): affiliated...","0937-4477","西文","20000101-","MEDLINE電子期刊"
"48919","European Archives of Paediatric Dentistry","1818-6300","西文","3/1/2006+","ProQuest 【電子期刊】"
"18547","European archives of psychiatry and clinical neuroscience","0940-1334","西文","19980201-","MEDLINE電子期刊"
"45787","European Archives of Psychiatry and Clinical Neuroscience","0940-1334","西文","1997-present(已延遲 1 年)","ProQuest 【電子期刊】"
"49613","European Archives of Psychiatry and Clinical Neuroscience","0940-1334","西文","1997-present","Springer 【電子期刊】"
"45788","European Biophysics Journal : EBJ","0175-7571","西文","1997-2019","ProQuest 【電子期刊】"
"18548","European biophysics journal: EBJ","0175-7571","西文","19961101-","MEDLINE電子期刊"
"18549","European child & adolescent psychiatry","1018-8827","西文","19980101-","MEDLINE電子期刊"
"45789","European Child & Adolescent Psychiatry","1018-8827","西文","1997-present(已延遲 1 年)","ProQuest 【電子期刊】"
"49614","European Child & Adolescent Psychiatry","1018-8827","西文","1997-present","Springer 【電子期刊】"
"48920","European Endodontic Journal","2548-0839","西文","1/1/2020+","ProQuest 【電子期刊】"
"51245","European Heart Journal - Case Reports","2514-2119","西文","8/1/2017+","ProQuest 【電子期刊】"
"51246","European Heart Journal Open","2752-4191","西文","8/1/2021+","ProQuest 【電子期刊】"
"47630","European Heart Journal. Cardiovascular Pharmacotherapy","2055-6837","西文","2016-present(已延遲 1 年)","ProQuest 【電子期刊】"
"47631","European Heart Journal. Quality of Care and Clinical Outcomes","2058-5225","西文","2016-present(已延遲 1 年)","ProQuest 【電子期刊】"
"47131","European Journal of Ageing","1613-9372","西文","2013-present(已延遲 1 年)","ProQuest 【電子期刊】"
"37639","European Journal of Anaesthesiology","0265-0215","西文","2004.01-present","OVID 【電子期刊】"
"18550","European journal of applied physiology","1439-6319","西文","20000101-","MEDLINE電子期刊"
"45790","European Journal of Applied Physiology","1439-6319","西文","2000-present(已延遲 1 年)","ProQuest 【電子期刊】"
"48921","European Journal of Arrhythmia & Electrophysiology","2058-3869","西文","7/1/2015-1/1/2022","ProQuest 【電子期刊】"
"18551","European journal of biochemistry / FEBS","0014-2956","西文","19670301-20041201","MEDLINE電子期刊"
"38033","European Journal of Cancer","0959-8049","西文","2007-present","ClinicalKey 【電子期刊&電子書】"
"49817","European Journal of Cancer Care","0961-5423","西文","1/1/2023+","ProQuest 【電子期刊】"
"37640","European Journal of Cancer Prevention","0959-8278","西文","2000.02-present","OVID 【電子期刊】"
"38034","European Journal of Cancer Supplements","1359-6349","西文","2007/01-present","ClinicalKey 【電子期刊&電子書】"
"6643","European Journal of Cardio-Thoracic Surgery","1010-7940","西文","2000.1-present","其它"
"45791","European Journal of Cell Biology","0171-9335","西文","2001-2005","ProQuest 【電子期刊】"
"48371","European Journal of Clinical & Medical Oncology, The","1759-8958","西文","2009-2012","ProQuest 【電子期刊】"
"18552","European journal of clinical investigation","0014-2972","西文","19980101-","MEDLINE電子期刊"
"18553","European journal of clinical microbiology & infectious diseases: official publication of the European Society of Clinical Microbiology","0934-9723","西文","20000101-","MEDLINE電子期刊"
"45792","European Journal of Clinical Microbiology and Infectious Diseases","0934-9723","西文","1997-present(已延遲 1 年)","ProQuest 【電子期刊】"
"18554","European journal of clinical nutrition","0954-3007","西文","19970101-20151001","MEDLINE電子期刊"
"45793","European Journal of Clinical Nutrition","0954-3007","西文","2000-present(已延遲 1 年)","ProQuest 【電子期刊】"
"18555","European journal of clinical pharmacology","0031-6970","西文","20000101-","MEDLINE電子期刊"
"45794","European Journal of Clinical Pharmacology","0031-6970","西文","1997-present(已延遲 1 年)","ProQuest 【電子期刊】"
"45795","European Journal of Contraception & Reproductive Health Care","1362-5187","西文","2002-2007","ProQuest 【電子期刊】"
"51247","European Journal of Drug Metabolism and Pharmacokinetics","0378-7966","西文","1/1/2023+","ProQuest 【電子期刊】"
"37641","European Journal of Emergency Medicine","0969-9546","西文","2001.03-present","OVID 【電子期刊】"
"18556","European journal of epidemiology","0393-2990","西文","20050101-","MEDLINE電子期刊"
"45796","European Journal of Epidemiology","0393-2990","西文","1997-present(已延遲 1 年)","ProQuest 【電子期刊】"
"49615","European Journal of Epidemiology","0393-2990","西文","1997-present","Springer 【電子期刊】"
"37642","European Journal of Gastroenterology & Hepatology","0954-691X","西文","2001.01-present","OVID 【電子期刊】"
"51248","European Journal of General Practice, The","1381-4788","西文","12/1/2017+","ProQuest 【電子期刊】"
"48922","European Journal of Geriatrics and Gerontology","2687-2625","西文","4/1/2019-12/1/2019","ProQuest 【電子期刊】"
"6572","European Journal of Haematology","0902-4441","西文","1997-present","Wiley Online Library(電子期刊)"
"18557","European journal of haematology","0902-4441","西文","20000101-","MEDLINE電子期刊"
"45797","European Journal of Health Economics : HEPAC, The","1618-7598","西文","2000-present(已延遲 1 年)","ProQuest 【電子期刊】"
"18558","European journal of health law","0929-0273","西文","19961201-","MEDLINE電子期刊"
"45798","European Journal of Histochemistry : EJH","1121-760X","西文","2000-2020","ProQuest 【電子期刊】"
"47943","European Journal of Hospital Pharmacy. Science and Practice","2047-9956","西文","2012-present(已延遲 6 個月)","ProQuest 【電子期刊】"
"45799","European Journal of Human Genetics : EJHG","1018-4813","西文","2000-present","ProQuest 【電子期刊】"
"18559","European journal of human genetics: EJHG","1018-4813","西文","19980101-20151201","MEDLINE電子期刊"
"18560","European journal of immunogenetics: official journal of the British Society for Histocompatibility and Immunogenetics","0960-7420","西文","19980201-20041201","MEDLINE電子期刊"
"48924","European Journal of Inflammation","1721-727X","西文","1/1/2003+","ProQuest 【電子期刊】"
"38035","European Journal of Integrative Medicine","1876-3820","西文","2008/11-present","ClinicalKey 【電子期刊&電子書】"
"38036","European Journal of Internal Medicine","0953-6205","西文","2007/01-present","ClinicalKey 【電子期刊&電子書】"
"48283","European Journal of Medical Case Reports","2520-4998","西文","2017-present","ProQuest 【電子期刊】"
"38037","European Journal of Medical Genetics","1769-7212","西文","2007/01-present","ClinicalKey 【電子期刊&電子書】"
"47344","European Journal of Medical Research","0949-2321","西文","2015-present","ProQuest 【電子期刊】"
"48537","European Journal of Mental Health","1788-4934","西文","2006-present","ProQuest 【電子期刊】"
"18561","European journal of morphology","0924-3860","西文","19980201-20051001","MEDLINE電子期刊"
"47345","European Journal of Nanomedicine","1662-5986","西文","2013-2017","ProQuest 【電子期刊】"
"48925","European Journal of Neurology","1351-5101","西文","1/1/2024+","ProQuest 【電子期刊】"
"18562","European journal of nuclear medicine","0340-6997","西文","19970101-20011201","MEDLINE電子期刊"
"18563","European journal of nuclear medicine and molecular imaging","1619-7070","西文","20020101-","MEDLINE電子期刊"
"45800","European Journal of Nuclear Medicine and Molecular Imaging","1619-7070","西文","1997-present(已延遲 1 年)","ProQuest 【電子期刊】"
"49616","European Journal of Nuclear Medicine and Molecular Imaging","1619-7070","西文","1997-present","Springer 【電子期刊】"
"18564","European journal of nutrition","1436-6207","西文","19990201-","MEDLINE電子期刊"
"45801","European Journal of Nutrition","1436-6207","西文","1999-present(已延遲 1 年)","ProQuest 【電子期刊】"
"38038","European Journal of Obstetrics & Gynecology and Reproductive Biology","0301-2115","西文","2007/01-present","ClinicalKey 【電子期刊&電子書】"
"38039","European Journal of Oncology Nursing","1462-3889","西文","2007/01-present","ClinicalKey 【電子期刊&電子書】"
"8682","European Journal of Orthodontics","0141-5387","西文","1996-present訂購年份:2016-2026","彰濱單本期刊"
"48926","European Journal of Orthopaedic Surgery & Traumatology","1633-8065","西文","2/1/1998+","ProQuest 【電子期刊】"
"49617","European Journal of Orthopaedic Surgery & Traumatology","1633-8065","西文","1997-present","Springer 【電子期刊】"
"38040","European Journal of Paediatric Neurology","1090-3798","西文","2007/01-present","ClinicalKey 【電子期刊&電子書】"
"17449","European Journal of Pain","1090-3801","西文","1997-present","Wiley Online Library(電子期刊)"
"6790","European Journal of Pain","1090-3801","西文","1997-present訂購年份:2026-2030(五年約)","彰秀單本期刊"
"18565","European journal of pediatrics","0340-6199","西文","19970101-","MEDLINE電子期刊"
"45802","European Journal of Pediatrics","0340-6199","西文","1996-present(已延遲 1 年)","ProQuest 【電子期刊】"
"49618","European Journal of Pediatrics","0340-6199","西文","1997-present","Springer 【電子期刊】"
"45803","European Journal of Physical and Rehabilitation Medicine","1973-9087","西文","1998-2010","ProQuest 【電子期刊】"
"51249","European Journal of Plastic Surgery","0930-343X","西文","2/1/2023+","ProQuest 【電子期刊】"
"49619","European Journal of Plastic Surgery","0930-343X","西文","1997-present","Springer 【電子期刊】"
"45804","European Journal of Protistology","0932-4739","西文","2001-2005","ProQuest 【電子期刊】"
"38554","European Journal of Psychiatry, The","0213-6163","西文","2017.01-present","ClinicalKey 【電子期刊&電子書】"
"48039","European Journal of Psychology & Educational Studies","2395-2555","西文","2015","ProQuest 【電子期刊】"
"48040","European Journal of Psychotraumatology","2000-8066","西文","2013-present","ProQuest 【電子期刊】"
"51250","European Journal of Public Health","1101-1262","西文","3/1/2000+","ProQuest 【電子期刊】"
"38043","European Journal of Radiology","0720-048X","西文","2007/01-present","ClinicalKey 【電子期刊&電子書】"
"51093","European Journal of Radiology Artificial Intelligence","3050-5771","西文","2025-present","ClinicalKey 【電子期刊&電子書】"
"38530","European Journal of Radiology Open","2352-0477","西文","2014-present","ClinicalKey 【電子期刊&電子書】"
"48154","European Journal of Social & Behavioural Sciences, The","2301-2218","西文","2013-present","ProQuest 【電子期刊】"
"51251","European Journal of Sport Science","1746-1391","西文","1/1/2024+","ProQuest 【電子期刊】"
"38044","European Journal of Surgical Oncology","0748-7983","西文","2007/02-present","ClinicalKey 【電子期刊&電子書】"
"38493","European Journal of Trauma & Dissociation","2468-7499","西文","2017-present","ClinicalKey 【電子期刊&電子書】"
"49620","European Journal of Trauma and Emergency Surgery","1863-9933","西文","1997-present","Springer 【電子期刊】"
"45805","European Journal of Trauma and Emergency Surgery; Heidelberg","","西文","2002-present(已延遲 1 年)","ProQuest 【電子期刊】"
"38045","European Journal of Vascular & Endovascular Surgery","1078-5884","西文","1997/06-present","ClinicalKey 【電子期刊&電子書】"
"48538","European Neurological Journal, The","2040-8000","西文","2009-2011","ProQuest 【電子期刊】"
"18566","European neurology","0014-3022","西文","19980101-","MEDLINE電子期刊"
"45806","European Neurology","0014-3022","西文","1997-2015","ProQuest 【電子期刊】"
"38047","European Neuropsychopharmacology","0924-977X","西文","2007/01-present","ClinicalKey 【電子期刊&電子書】"
"47708","European Oral Research","2630-6158","西文","2011-2017","ProQuest 【電子期刊】"
"48927","European Pharmaceutical Journal","2453-6725","西文","1/1/2011+","ProQuest 【電子期刊】"
"51252","European Physical Journal. E, Soft Matter, The","1292-8941","西文","6/1/2006+","ProQuest 【電子期刊】"
"38048","European Psychiatry","0924-9338","西文","2007/01-present","ClinicalKey 【電子期刊&電子書】"
"18567","European radiology","0938-7994","西文","20000101-","MEDLINE電子期刊"
"45808","European Radiology","0938-7994","西文","1997-present(已延遲 1 年)","ProQuest 【電子期刊】"
"49621","European Radiology","0938-7994","西文","1997-present","Springer 【電子期刊】"
"18568","European review for medical and pharmacological sciences","1128-3602","西文","20070101-","MEDLINE電子期刊"
"47132","European Review of Aging and Physical Activity","1813-7253","西文","2015-present","ProQuest 【電子期刊】"
"38049","European Review of Applied Psychology","1162-9088","西文","2007/03-present","ClinicalKey 【電子期刊&電子書】"
"45809","European Spine Journal","0940-6719","西文","1997-present","ProQuest 【電子期刊】"
"49622","European Spine Journal","0940-6719","西文","1997-present","Springer 【電子期刊】"
"18569","European spine journal: official publication of the European Spine Society, the European Spinal Deformity Society, and the European Section of the...","0940-6719","西文","20000201-","MEDLINE電子期刊"
"49623","European Surgery","1682-8631","西文","1997-present","Springer 【電子期刊】"
"45810","European Surgical Research","0014-312X","西文","1998-2015","ProQuest 【電子期刊】"
"18570","European surgical research. Europaische chirurgische Forschung. Recherches chirurgicales europeennes","0014-312X","西文","19980101-","MEDLINE電子期刊"
"38050","European Urology","0302-2838","西文","2007/01-present","ClinicalKey 【電子期刊&電子書】"
"38051","European Urology Focus","2405-4569","西文","2015.08-present","ClinicalKey 【電子期刊&電子書】"
"38808","European Urology Oncology","2588-9311","西文","2018-present","ClinicalKey 【電子期刊&電子書】"
"38649","European Urology Open Science","2666-1683","西文","2020-present","ClinicalKey 【電子期刊&電子書】"
"38052","European Urology Supplements","1569-9056","西文","2007/01-present","ClinicalKey 【電子期刊&電子書】"
"46789","Evidence - Based Complementary and Alternative Medicine","1741-427X","西文","2011-present (已延遲 1 年)","ProQuest 【電子期刊】"
"45811","Evidence - Based Dentistry","1462-0049","西文","2000-present(已延遲 1 年)","ProQuest 【電子期刊】"
"45812","Evidence - Based Nursing","1367-6539","西文","2003.04-2003.10","ProQuest 【電子期刊】"
"48928","Evidence-Based Oncology","","西文","10/1/2020+","ProQuest 【電子期刊】"
"37818","Evidence-Based Ophthalmology","1555-9203","西文","2005.01-2011.10","OVID 【電子期刊】"
"18571","Evolution & development","1520-541X","西文","19990701-","MEDLINE電子期刊"
"48929","Evolution & Medicine Review [BLOG], The","","西文","7/25/2018+","ProQuest 【電子期刊】"
"38053","Evolution and Human Behavior","1090-5138","西文","2007/01-present","ClinicalKey 【電子期刊&電子書】"
"37045","Evolutionary Bioinformatics","1176-9343","西文","20111201-20151203","Airiti Library 【華藝中文電子期刊】"
"18572","Evolutionary computation","1063-6560","西文","19970301-","MEDLINE電子期刊"
"47105","Evolutionary Ecology","0269-7653","西文","1997-present(已延遲 1 年)","ProQuest 【電子期刊】"
"51253","Examine.com (Selections)","","西文","1/1/2022+","ProQuest 【電子期刊】"
"47039","Exceptional Children","0014-4029","西文","1991-2017","ProQuest 【電子期刊】"
"51254","EXCLI Journal","1611-2156","西文","1/1/2015+","ProQuest 【電子期刊】"
"47994","Executive Health's Good Health Report","1071-8680","西文","1998-1999","ProQuest 【電子期刊】"
"37643","Exercise & Sport Sciences Reviews","0091-6331","西文","2001.01-present","OVID 【電子期刊】"
"45813","Experimental & Applied Acarology","0168-8162","西文","1997-present","ProQuest 【電子期刊】"
"46845","Experimental & Molecular Medicine","1226-3613","西文","2000-present","ProQuest 【電子期刊】"
"47346","Experimental & Translational Stroke Medicine","2040-7378","西文","2016","ProQuest 【電子期刊】"
"18573","Experimental aging research","0361-073X","西文","19980101-","MEDLINE電子期刊"
"47347","Experimental and Therapeutic Medicine","1792-0981","西文","2012-present","ProQuest 【電子期刊】"
"49818","Experimental Biomedical Research","2618-6454","西文","1/1/2018+","ProQuest 【電子期刊】"
"18574","Experimental brain research","0014-4819","西文","20000101-","MEDLINE電子期刊"
"45814","Experimental Brain Research","0014-4819","西文","2001-present(已延遲 1 年)","ProQuest 【電子期刊】"
"6573","Experimental Dermatology","0906-6705","西文","1997-present","Wiley Online Library(電子期刊)"
"18575","Experimental dermatology","0906-6705","西文","19920701-","MEDLINE電子期刊"
"18576","Experimental diabesity research","1543-8600","西文","20030401-20041201","MEDLINE電子期刊"
"38054","Experimental Hematology","0301-472X","西文","2007/01-present","ClinicalKey 【電子期刊&電子書】"
"48372","Experimental Hematology & Oncology","2162-3619","西文","2015-present","ProQuest 【電子期刊】"
"18577","Experimental lung research","0190-2148","西文","19990101-","MEDLINE電子期刊"
"18578","Experimental physiology","0958-0670","西文","20040101-","MEDLINE電子期刊"
"51255","Experimental Physiology","0958-0670","西文","1/1/2023+","ProQuest 【電子期刊】"
"45815","Expert Review of Anti-Infective Therapy","1478-7210","西文","2003-2014","ProQuest 【電子期刊】"
"45816","Expert Review of Anticancer Therapy","1473-7140","西文","2001-2014","ProQuest 【電子期刊】"
"45817","Expert Review of Cardiovascular Therapy","1477-9072","西文","2003-2014","ProQuest 【電子期刊】"
"45818","Expert Review of Clinical Immunology","1744-666X","西文","2005-2014","ProQuest 【電子期刊】"
"45819","Expert Review of Clinical Pharmacology","1751-2433","西文","2008-2014","ProQuest 【電子期刊】"
"47764","Expert Review of Dermatology","1746-9872","西文","2006-2013","ProQuest 【電子期刊】"
"47792","Expert Review of Endocrinology & Metabolism","1744-6651","西文","2006-2014","ProQuest 【電子期刊】"
"45820","Expert Review of Gastroenterology & Hepatology","1747-4124","西文","2007-2014","ProQuest 【電子期刊】"
"45821","Expert Review of Hematology","1747-4086","西文","2008-2014","ProQuest 【電子期刊】"
"45822","Expert Review of Medical Devices","1743-4440","西文","2004-2014","ProQuest 【電子期刊】"
"45823","Expert Review of Molecular Diagnostics","1473-7159","西文","2001-2014","ProQuest 【電子期刊】"
"45824","Expert Review of Neurotherapeutics","1473-7175","西文","2001-2014","ProQuest 【電子期刊】"
"48327","Expert Review of Obstetrics & Gynecology","1747-4108","西文","2006-2013","ProQuest 【電子期刊】"
"48408","Expert Review of Ophthalmology","1746-9899","西文","2006-2014","ProQuest 【電子期刊】"
"45825","Expert Review of Pharmacoeconomics & Outcomes Research","1473-7167","西文","2001-2014","ProQuest 【電子期刊】"
"45826","Expert Review of Proteomics","1478-9450","西文","2004-2014","ProQuest 【電子期刊】"
"45827","Expert Review of Respiratory Medicine","1747-6348","西文","2007-2014","ProQuest 【電子期刊】"
"45828","Expert Review of Vaccines","1476-0584","西文","2002-2014","ProQuest 【電子期刊】"
"45829","Expert Reviews in Molecular Medicine","1462-3994","西文","2001-present(已延遲 1 年)","ProQuest 【電子期刊】"
"51256","Exposome","2635-2265","西文","1/1/2021+","ProQuest 【電子期刊】"
"47348","Extreme Physiology & Medicine","2046-7648","西文","2015-2018","ProQuest 【電子期刊】"
"45830","Extremophiles","1431-0651","西文","1998-present(已延遲 1 年)","ProQuest 【電子期刊】"
"18579","Extremophiles: life under extreme conditions","1431-0651","西文","20000201-","MEDLINE電子期刊"
"18580","Eye","0950-222X","西文","20020101-20151101","MEDLINE電子期刊"
"45831","Eye","0950-222X","西文","2002-present(已延遲 1 年)","ProQuest 【電子期刊】"
"37644","Eye & Contact Lens: Science & Clinical Practice","1542-2321","西文","2003.01-present","OVID 【電子期刊】"
"48409","Eye and Vision","2326-0246","西文","2015-present","ProQuest 【電子期刊】"
"48930","Eye on FDA [BLOG]","","西文","8/1/2018+","ProQuest 【電子期刊】"
"51257","Eye Open","3059-3891","西文","12/1/2025+","ProQuest 【電子期刊】"
"18803","The EMBO journal","0261-4189","西文","19970101-","MEDLINE電子期刊"
"19330","The European journal of contraception & reproductive health care: the official journal of the European Society of Contraception","1362-5187","西文","20030901-","MEDLINE電子期刊"
"18991","The European journal of general practice","1381-4788","西文","20060301-","MEDLINE電子期刊"
"49770","The European Journal of Health Economics","1618-7598","西文","2000-present","Springer 【電子期刊】"
"19018","The European journal of health economics: HEPAC: health economics in prevention and care","1618-7598","西文","20040201-","MEDLINE電子期刊"
"19069","The European journal of neuroscience","0953-816X","西文","19980101-","MEDLINE電子期刊"
"19204","The European journal of surgery = Acta chirurgica","1102-4151","西文","19980401-20021201","MEDLINE電子期刊"
"38563","F&S Reports","2666-3341","西文","2020-present","ClinicalKey 【電子期刊&電子書】"
"46816","F1000Research","2046-1402","西文","2013-present","ProQuest 【電子期刊】"
"47944","FABAD Journal of Pharmaceutical Sciences","1300-4182","西文","2005-present","ProQuest 【電子期刊】"
"38055","Facial Plastic Surgery Clinics of North America","1064-7406","西文","2007/02-present","ClinicalKey 【電子期刊&電子書】"
"47709","Faculty Dental Journal","2042-6852","西文","2010-present","ProQuest 【電子期刊】"
"18581","Familial cancer","1389-9600","西文","20030601-","MEDLINE電子期刊"
"45834","Familial Cancer","1389-9600","西文","2001-present(已延遲 1 年)","ProQuest 【電子期刊】"
"37645","Family & Community Health","0160-6379","西文","1999.01-present","OVID 【電子期刊】"
"47995","Family Health","0830-0305","西文","1997-2011","ProQuest 【電子期刊】"
"48931","Family Medicine and Community Health","2305-6983","西文","3/1/2013+","ProQuest 【電子期刊】"
"6914","Family medicine(免費)","0742-3225","","","南醫單本訂購期刊"
"18582","Family planning perspectives","0014-7354","西文","19900101-20011101","MEDLINE電子期刊"
"69","Family Practice","0263-2136","西文","2000.1-2026.12","彰秀單本期刊"
"18583","Family practice management","1069-5648","西文","19980101-","MEDLINE電子期刊"
"38056","Family Practice Management","1069-5648","西文","2008/07-present","ClinicalKey 【電子期刊&電子書】"
"48932","Family Practice Management","1069-5648","西文","9/1/1998+","ProQuest 【電子期刊】"
"6913","Family Practice(南醫停訂,全文到2016年,彰秀有)","","","","南醫單本訂購期刊"
"18584","Family process","0014-7370","西文","20000301-","MEDLINE電子期刊"
"45835","Family Process","0014-7370","西文","1999-2012","ProQuest 【電子期刊】"
"45832","FAO Food and Nutrition Paper","0254-4725","西文","2009-present","ProQuest 【電子期刊】"
"47945","FarmaJournal","2445-1355","西文","2016-present","ProQuest 【電子期刊】"
"18585","FDA consumer","0362-1332","西文","19980101-20070401","MEDLINE電子期刊"
"45833","FDA Consumer","0362-1332","西文","1988-2007","ProQuest 【電子期刊】"
"48068","Federal Register / FIND, The","0097-6326","西文","2005-present","ProQuest 【電子期刊】"
"37646","Female Pelvic Medicine & Reconstructive Surgery","2151-8378","西文","2010-2022","OVID 【電子期刊】"
"18586","FEMS immunology and medical microbiology","0928-8244","西文","20060201-20121201","MEDLINE電子期刊"
"51278","FEMS Microbes","2633-6685","西文","9/1/2020+","ProQuest 【電子期刊】"
"18587","FEMS microbiology ecology","0168-6496","西文","20060101-20141201","MEDLINE電子期刊"
"46936","FEMS Microbiology Ecology","0168-6496","西文","2016-present(已延遲 1 年)","ProQuest 【電子期刊】"
"18588","FEMS microbiology letters","0378-1097","西文","20060101-20141201","MEDLINE電子期刊"
"46937","FEMS Microbiology Letters","0378-1097","西文","2016-present(已延遲 1 年)","ProQuest 【電子期刊】"
"18589","FEMS microbiology reviews","0168-6445","西文","20060101-20141201","MEDLINE電子期刊"
"46938","FEMS Microbiology Reviews","0168-6445","西文","2016-present(已延遲 1 年)","ProQuest 【電子期刊】"
"18590","FEMS yeast research","1567-1356","西文","20060101-20141201","MEDLINE電子期刊"
"46912","FEMS Yeast Research","1567-1356","西文","2016-present(已延遲 1 年)","ProQuest 【電子期刊】"
"38057","Fertility and Sterility","0015-0282","西文","2007-present","ClinicalKey 【電子期刊&電子書】"
"48328","Fertility Research and Practice","2054-7099","西文","2015-2021","ProQuest 【電子期刊】"
"48329","Fertility Today Magazine","1559-8888","西文","2006-2008","ProQuest 【電子期刊】"
"48330","Fetal and Maternal Medicine Review","0965-5395","西文","2001-2014","ProQuest 【電子期刊】"
"18591","Fetal and pediatric pathology","1551-3815","西文","20040101-","MEDLINE電子期刊"
"45836","Fetal Diagnosis and Therapy","1015-3837","西文","1998-2015","ProQuest 【電子期刊】"
"47349","Fibrogenesis & Tissue Repair","1755-1536","西文","2009-2016","ProQuest 【電子期刊】"
"46817","FierceBiomarkers","","西文","2013","ProQuest 【電子期刊】"
"47946","FierceDrugDelivery","","西文","2013-2015","ProQuest 【電子期刊】"
"47235","FierceEMR","","西文","2013-2015","ProQuest 【電子期刊】"
"47201","FierceHealthcare","","西文","2013-2015","ProQuest 【電子期刊】"
"47047","FierceHealthIT","","西文","2012-2015","ProQuest 【電子期刊】"
"47350","FierceHealthPayer","","西文","2013-2015","ProQuest 【電子期刊】"
"47351","FierceMedicalDevices","","西文","2013-2015","ProQuest 【電子期刊】"
"47352","FierceMobileHealthcare","","西文","2013-2015","ProQuest 【電子期刊】"
"47353","FiercePracticeManagement","","西文","2013-2015","ProQuest 【電子期刊】"
"47587","FierceVaccines","","西文","2013-2015","ProQuest 【電子期刊】"
"18593","Filaria journal","1475-2883","西文","20020101-20070101","MEDLINE電子期刊"
"47354","Filaria Journal [NLM - MEDLINE]","1475-2883","西文","2005","ProQuest 【電子期刊】"
"48933","Fire Technology","0015-2684","西文","1/1/1997-11/1/2000","ProQuest 【電子期刊】"
"48934","Fire Technology","0015-2684","西文","1/1/2001+","ProQuest 【電子期刊】"
"38770","First Nations Health and Wellbeing - The Lowitja Journal","2949-8406","西文","2023-present","ClinicalKey 【電子期刊&電子書】"
"48195","Firstline","1095-0613","西文","2009-present","ProQuest 【電子期刊】"
"45837","Fish Physiology and Biochemistry","0920-1742","西文","1997-present(已延遲 1 年)","ProQuest 【電子期刊】"
"51279","Fitness & Performance Journal","1519-9088","西文","1/1/2009-1/1/2014","ProQuest 【電子期刊】"
"47902","Flavour","2044-7248","西文","2015-2017","ProQuest 【電子期刊】"
"45838","Florida Nurse, The","0015-4199","西文","1998-present","ProQuest 【電子期刊】"
"45839","Fluids and Barriers of the CNS; London","2045-8118","西文","2009-present","ProQuest 【電子期刊】"
"18594","Focus: a guide to AIDS research","1047-0719","西文","20081001-20091201","MEDLINE電子期刊"
"37384","Focusing on Modern Food Industry","2325-7008","西文","20121101-20150501","Airiti Library 【華藝中文電子期刊】"
"45840","Folia Biologica","0015-5500","西文","2005-present","ProQuest 【電子期刊】"
"48331","Folia Clinica en Obstetricia y Ginecologia","1137-2990","西文","2004-2010","ProQuest 【電子期刊】"
"45841","Folia Histochemica et Cytobiologica","0239-8508","西文","2004-present","ProQuest 【電子期刊】"
"18595","Folia histochemica et cytobiologica / Polish Academy of Sciences, Polish Histochemical and Cytochemical Society","0239-8508","西文","20071201-","MEDLINE電子期刊"
"45842","Folia Medica","0204-8043","西文","2008.10-present","ProQuest 【電子期刊】"
"47355","Folia Medica Indonesiana","2355-8393","西文","2005-present","ProQuest 【電子期刊】"
"45843","Folia Microbiologica","0015-5632","西文","1997-present(已延遲 1 年)","ProQuest 【電子期刊】"
"18596","Folia morphologica","0015-5659","西文","20050201-","MEDLINE電子期刊"
"48935","Folia Morphologica","0015-5659","西文","1/1/2010+","ProQuest 【電子期刊】"
"18597","Folia neuropathologica / Association of Polish Neuropathologists and Medical Research Centre, Polish Academy of Sciences","1641-4640","西文","20050301-","MEDLINE電子期刊"
"45844","Folia Parasitologica","0015-5683","西文","2004-present","ProQuest 【電子期刊】"
"45845","Folia Phoniatrica et Logopaedica","1021-7762","西文","1998-2015","ProQuest 【電子期刊】"
"45846","Folia Primatologica","0015-5713","西文","1998-2015","ProQuest 【電子期刊】"
"47903","Food & Nutrition Research","1654-661X","西文","2013-2018","ProQuest 【電子期刊】"
"18598","Food additives and contaminants","0265-203X","西文","19990101-20071201","MEDLINE電子期刊"
"51280","Food and Environmental Virology","1867-0334","西文","3/1/2023+","ProQuest 【電子期刊】"
"47115","Food Management","0091-018X","西文","1997-present","ProQuest 【電子期刊】"
"48936","Food Production, Processing and Nutrition","2661-8974","西文","1/1/2019+","ProQuest 【電子期刊】"
"47904","Food Science & Nutrition","2048-7177","西文","2013-present","ProQuest 【電子期刊】"
"37342","Food Science and Agricultural Chemistry","1560-4152","西文","20031201-20031201","Airiti Library 【華藝中文電子期刊】"
"51281","Food, Nutrition and Health","3059-2658","西文","12/1/2024+","ProQuest 【電子期刊】"
"51052","Foot & Ankle Orthopaedics","2473-0114","西文","2016-present","Open Access"
"48937","Foot & Ankle Orthopaedics","2473-0114","西文","8/1/2016+","ProQuest 【電子期刊】"
"38607","Foot & Ankle Surgery: Techniques, Reports & Cases","2667-3967","西文","2021-present","ClinicalKey 【電子期刊&電子書】"
"38058","Foot and Ankle Clinics","1083-7515","西文","2007/03-present","ClinicalKey 【電子期刊&電子書】"
"6648","Foot and Ankle International","1071-1007","西文","1999.01-2026.12","彰秀單本期刊"
"38059","Foot and Ankle Surgery","1268-7731","西文","2007.01-present","ClinicalKey 【電子期刊&電子書】"
"38494","Foot, The","0958-2592","西文","2007-present","ClinicalKey 【電子期刊&電子書】"
"48238","Forensic Examiner","1084-5569","西文","2006-2013","ProQuest 【電子期刊】"
"48239","Forensic Science Communications","1528-8005","西文","2010","ProQuest 【電子期刊】"
"38060","Forensic Science International","0379-0738","西文","2007/01-present","ClinicalKey 【電子期刊&電子書】"
"45847","Forensic Science International (Online)","1872-6283","西文","2003-present(已延遲 2 個月)","ProQuest 【電子期刊】"
"38061","Forensic Science International: Genetics","1872-4973","西文","2007/03-present","ClinicalKey 【電子期刊&電子書】"
"38548","Forensic Science International: Reports","2665-9107","西文","2019-present","ClinicalKey 【電子期刊&電子書】"
"37047","Forensic Science Journal","1817-0099","西文","20151201-20151201","Airiti Library 【華藝中文電子期刊】"
"47200","Forensic Science Review","1042-7201","西文","2016-present","ProQuest 【電子期刊】"
"51282","Forensic Science, Medicine and Pathology","1547-769X","西文","3/1/2023+","ProQuest 【電子期刊】"
"49624","Forensic Science, Medicine, and Pathology","1547-769X","西文","2005-present","Springer 【電子期刊】"
"51283","Forensic Toxicology","1860-8965","西文","7/1/2006+","ProQuest 【電子期刊】"
"49625","Forensic Toxicology","1860-8965","西文","2006-present","Springer 【電子期刊】"
"49626","Forensische Psychiatrie, Psychologie, Kriminologie","1862-7072","西文","2007-present","Springer 【電子期刊】"
"37337","Formosan Journal of Endocrinology and Metabolism","2410-6240","西文","20090101-present","Airiti Library 【華藝中文電子期刊】"
"37048","Formosan Journal of Musculoskeletal Disorders","2210-7940","西文","20140201-present","Airiti Library 【華藝中文電子期刊】"
"35967","Formosan Journal of Rheumatology","2075-0374","西文","19941101-","Airiti Library 【華藝中文電子期刊】"
"35968","Formosan Journal of Surgery","1682-606X","西文","20100601-present","Airiti Library 【華藝中文電子期刊】"
"47161","Formulary","1082-801X","西文","1998-2013","ProQuest 【電子期刊】"
"48938","Formulary Watch","","西文","9/8/2020-6/5/2024","ProQuest 【電子期刊】"
"49627","Forum","0947-0255","西文","2011-present","Springer 【電子期刊】"
"49790","Forum der Psychoanalyse","0178-7667","西文","1998-present","Springer 【電子期刊】"
"46778","Foundation News & Commentary","1076-3961","西文","1992-1996","ProQuest 【電子期刊】"
"18599","Free radical research","1071-5762","西文","20020101-","MEDLINE電子期刊"
"48300","Frontier Nursing Service Quarterly Bulletin","0016-2116","西文","2002-present","ProQuest 【電子期刊】"
"48939","Frontiers in Aging Neuroscience","1663-4365","西文","7/30/2009+","ProQuest 【電子期刊】"
"51284","Frontiers in Bioengineering and Biotechnology","2296-4185","西文","6/1/2013+","ProQuest 【電子期刊】"
"48940","Frontiers in Dentistry","2676-296X","西文","1/1/2009+","ProQuest 【電子期刊】"
"51285","Frontiers in Digital Health","2673-253X","西文","10/1/2019+","ProQuest 【電子期刊】"
"51286","Frontiers in Global Women's Health","2673-5059","西文","6/1/2020+","ProQuest 【電子期刊】"
"51287","Frontiers in Immunology","1664-3224","西文","10/1/2010+","ProQuest 【電子期刊】"
"51288","Frontiers in Medicine","2296-858X","西文","3/1/2014+","ProQuest 【電子期刊】"
"38062","Frontiers in Neuroendocrinology","0091-3022","西文","2007/04-present","ClinicalKey 【電子期刊&電子書】"
"51289","Frontiers in Oral Health","2673-4842","西文","6/1/2020+","ProQuest 【電子期刊】"
"37049","Frontiers in Pathology and Genetics","2330-1813","西文","20130601-20141201","Airiti Library 【華藝中文電子期刊】"
"46965","Frontiers in Zoology","1742-9994","西文","2009-present","ProQuest 【電子期刊】"
"18600","Frontiers of health services management","0748-8157","西文","20010901-20161201","MEDLINE電子期刊"
"37831","Frontiers of Health Services Management","0748-8157","西文","1984-present","OVID 【電子期刊】"
"45849","Frontiers of Health Services Management","0748-8157","西文","1987-present","ProQuest 【電子期刊】"
"18601","Frontiers of medical and biological engineering: the international journal of the Japan Society of Medical Electronics and Biological Engineering","0921-3775","西文","19990301-20011201","MEDLINE電子期刊"
"47356","Frontiers of Medicine","2095-0217","西文","2007-2019","ProQuest 【電子期刊】"
"48257","Frontline Gastroenterology","2041-4137","西文","2010-present (已延遲 6 個月)","ProQuest 【電子期刊】"
"51290","Function","2633-8823","西文","1/1/2020+","ProQuest 【電子期刊】"
"18602","Functional & integrative genomics","1438-793X","西文","20030701-","MEDLINE電子期刊"
"45850","Functional & Integrative Genomics","1438-793X","西文","2002-present(已延遲 1 年)","ProQuest 【電子期刊】"
"45851","Functional Neurology","0393-5264","西文","2006-2019","ProQuest 【電子期刊】"
"48540","Functional Neurology, Rehabilitation, and Ergonomics","2156-941X","西文","2011-2016","ProQuest 【電子期刊】"
"46986","Fund Raising Management","0016-268X","西文","1987-2002","ProQuest 【電子期刊】"
"18603","Fundamental & clinical pharmacology","0767-3981","西文","20010201-","MEDLINE電子期刊"
"35969","Fungal Science","1013-2732","西文","19951201-present","Airiti Library 【華藝中文電子期刊】"
"45852","Future Cardiology","1479-6678","西文","2005-2021","ProQuest 【電子期刊】"
"38784","Future Healthcare Journal","2514-6645","西文","2017-present","ClinicalKey 【電子期刊&電子書】"
"48941","Future Journal of Pharmaceutical Sciences","2314-7245","西文","12/1/2019+","ProQuest 【電子期刊】"
"48942","Future Medicinal Chemistry","1756-8919","西文","1/1/2019-12/1/2020","ProQuest 【電子期刊】"
"45853","Future Microbiology","1746-0913","西文","2006-2021","ProQuest 【電子期刊】"
"48541","Future Neurology","1479-6708","西文","2006-2015","ProQuest 【電子期刊】"
"45856","Future of Children, The ; Princeton","1054-8289","西文","1998-2021","ProQuest 【電子期刊】"
"45854","Future Oncology","1479-6694","西文","2005-2020","ProQuest 【電子期刊】"
"45855","Future Virology","1746-0794","西文","2006-2021","ProQuest 【電子期刊】"
"18804","The FEBS journal","1742-464X","西文","20050101-","MEDLINE電子期刊"
"51749","The French Journal of Urology","2950-3930","西文","2024-present","ClinicalKey 【電子期刊&電子書】"
"18822","The Future of children / Center for the Future of Children, the David and Lucile Packard Foundation","1054-8289","西文","20061001-","MEDLINE電子期刊"
"51220","Die Gastroenterologie","2731-7420","西文","2/1/2023+","ProQuest 【電子期刊】"
"49584","Die Gastroenterologie","2731-7420","西文","2006-present","Springer 【電子期刊】"
"48874","Die Gynäkologie","2731-7102","西文","1/1/1997+","ProQuest 【電子期刊】"
"49585","Die Gynäkologie","2731-7102","西文","1997-present","Springer 【電子期刊】"
"51291","G3 : Genes, Genomes, Genetics (Bethesda)","2160-1836","西文","6/1/2011+","ProQuest 【電子期刊】"
"38063","Gait & Posture","0966-6362","西文","2007-present","ClinicalKey 【電子期刊&電子書】"
"45857","Gastric Cancer","1436-3291","西文","2002-present","ProQuest 【電子期刊】"
"49628","Gastric Cancer","1436-3291","西文","1998-present","Springer 【電子期刊】"
"18604","Gastric cancer: official journal of the International Gastric Cancer Association and the Japanese Gastric Cancer Association","1436-3291","西文","20030301-","MEDLINE電子期刊"
"38660","Gastro Hep Advances","2772-5723","西文","2022-present","ClinicalKey 【電子期刊&電子書】"
"49800","Gastro-News","1869-1005","西文","2017-present","Springer 【電子期刊】"
"38064","Gastroenterology","0016-5085","西文","2007-present","ClinicalKey 【電子期刊&電子書】"
"38686","Gastroenterology & Endoscopy","2949-7523","西文","2023-present","ClinicalKey 【電子期刊&電子書】"
"38725","Gastroenterology and Hepatology (English Edition)","2444-3824","西文","2016-present","ClinicalKey 【電子期刊&電子書】"
"38065","Gastroenterology Clinics of North America","0889-8553","西文","2007/03-present","ClinicalKey 【電子期刊&電子書】"
"37647","Gastroenterology Nursing","1042-895X","西文","1996.01-present","OVID 【電子期刊】"
"51292","Gastroenterology Report","2052-0034","西文","7/1/2013+","ProQuest 【電子期刊】"
"37050","Gastroenterology Research and Practice","","西文","20101201-20151201","Airiti Library 【華藝中文電子期刊】"
"48943","Gastrointestinal Cancer : Targets and Therapy","1179-9919","西文","1/1/2011-1/1/2018","ProQuest 【電子期刊】"
"48944","Gastrointestinal Disorders","2624-5647","西文","1/1/2021+","ProQuest 【電子期刊】"
"38066","Gastrointestinal Endoscopy","0016-5107","西文","2007-present","ClinicalKey 【電子期刊&電子書】"
"38067","Gastrointestinal Endoscopy Clinics of North America","1052-5157","西文","2007/01-present","ClinicalKey 【電子期刊&電子書】"
"38068","Gastrointestinal Intervention","2213-1795","西文","2012/12-present","ClinicalKey 【電子期刊&電子書】"
"48945","Gates Open Research","2572-4754","西文","11/6/2017-5/6/2022","ProQuest 【電子期刊】"
"49629","Gefässchirurgie","0948-7034","西文","1997-present","Springer 【電子期刊】"
"51293","Gefaesschirurgie","0948-7034","西文","2/1/2023+","ProQuest 【電子期刊】"
"37051","Gene Expression to Genetical Genomics","1179-5697","西文","20131201-20151201","Airiti Library 【華藝中文電子期刊】"
"46846","Gene Expression to Genetical Genomics","1179-5697","西文","2008-2015","ProQuest 【電子期刊】"
"37052","Gene Regulation and Systems Biology","1177-6250","西文","20111201-20151201","Airiti Library 【華藝中文電子期刊】"
"18605","Gene therapy","0969-7128","西文","19970101-20151101","MEDLINE電子期刊"
"45858","Gene Therapy","0969-7128","西文","2000-present","ProQuest 【電子期刊】"
"38070","General and Comparative Endocrinology","0016-6480","西文","2007-present","ClinicalKey 【電子期刊&電子書】"
"38069","General Hospital Psychiatry","0163-8343","西文","2007/01-present","ClinicalKey 【電子期刊&電子書】"
"48946","General Thoracic and Cardiovascular Surgery","1863-6705","西文","1/1/1998+","ProQuest 【電子期刊】"
"49630","General Thoracic and Cardiovascular Surgery","1863-6705","西文","1998-present","Springer 【電子期刊】"
"51294","General Thoracic and Cardiovascular Surgery Cases","2731-6203","西文","12/1/2025+","ProQuest 【電子期刊】"
"18606","Genes & genetic systems","1341-7568","西文","20080101-","MEDLINE電子期刊"
"48947","Genes & Nutrition","1555-8932","西文","1/1/2016+","ProQuest 【電子期刊】"
"47106","Genes and Environment","1880-7046","西文","2015-present","ProQuest 【電子期刊】"
"18607","Genes and immunity","1466-4879","西文","19990901-20151001","MEDLINE電子期刊"
"45859","Genes and Immunity","1466-4879","西文","2000-present(已延遲 1 年)","ProQuest 【電子期刊】"
"18608","Genes to cells: devoted to molecular & cellular mechanisms","1356-9597","西文","19980101-","MEDLINE電子期刊"
"18609","Genes, brain, and behavior","1601-1848","西文","20030201-","MEDLINE電子期刊"
"45860","Genetic Counseling","1015-8146","西文","2007-2016","ProQuest 【電子期刊】"
"46913","Genetic Vaccines and Therapy","1479-0556","西文","2010-2012","ProQuest 【電子期刊】"
"18610","Genetic, social, and general psychology monographs","8756-7547","西文","19900201-20061101","MEDLINE電子期刊"
"45861","Genetic, Social, and General Psychology Monographs","8756-7547","西文","1998-2006","ProQuest 【電子期刊】"
"45862","Genetica","0016-6707","西文","1997-present(已延遲 1 年)","ProQuest 【電子期刊】"
"18611","Genetics","0016-6731","西文","20070101-","MEDLINE電子期刊"
"45863","Genetics","0016-6731","西文","2004-2020","ProQuest 【電子期刊】"
"37053","Genetics & Epigenetics","1179-237X","西文","20121201-20151201","Airiti Library 【華藝中文電子期刊】"
"46915","Genetics in Medicine","1098-3600","西文","2015-present","ProQuest 【電子期刊】"
"38688","Genetics in Medicine Open","2949-7744","西文","2023-present","ClinicalKey 【電子期刊&電子書】"
"48949","Genetics Research","0016-6723","西文","1/1/2021+","ProQuest 【電子期刊】"
"45864","Genetics Research (2001-2020)","0016-6723","西文","2001-2020","ProQuest 【電子期刊】"
"37371","Genetics Research International","2090-3154","西文","20111201-20171201","Airiti Library 【華藝中文電子期刊】"
"48950","Genetics Research International","2090-3154","西文","1/1/2013-1/1/2019","ProQuest 【電子期刊】"
"45865","Genetics, Selection, Evolution","0999-193X","西文","2003-present","ProQuest 【電子期刊】"
"47765","Genitourinary Medicine","0266-4348","西文","1985-1997","ProQuest 【電子期刊】"
"45866","Genome","0831-2796","西文","1998-2007","ProQuest 【電子期刊】"
"18612","Genome / National Research Council Canada = Genome / Conseil national de recherches Canada","0831-2796","西文","20010201-","MEDLINE電子期刊"
"46818","Genome Biology","1474-7596","西文","2015-present","ProQuest 【電子期刊】"
"51295","Genome Instability & Disease","2524-7662","西文","2/1/2023+","ProQuest 【電子期刊】"
"46917","Genome Medicine","1756-994X","西文","2015-present","ProQuest 【電子期刊】"
"48951","Genomics and Health Impact [BLOG]","","西文","8/2/2018+","ProQuest 【電子期刊】"
"37054","Genomics Insights","1178-6310","西文","20111201-20151201","Airiti Library 【華藝中文電子期刊】"
"46847","Genomics Insights","1178-6310","西文","2008-2018","ProQuest 【電子期刊】"
"47072","Geochemical Transactions","1467-4866","西文","2000-present","ProQuest 【電子期刊】"
"48301","Georgia Nursing","0016-8335","西文","1998-present","ProQuest 【電子期刊】"
"48952","Geospatial Health","1827-1987","西文","11/1/2006-5/1/2022","ProQuest 【電子期刊】"
"47133","Geriaction","1032-4410","西文","2005-2007","ProQuest 【電子期刊】"
"48953","Geriatric Orthopaedic Surgery & Rehabilitation","2151-4585","西文","6/1/2016+","ProQuest 【電子期刊】"
"48954","Geriatrics","2308-3417","西文","1/1/2021+","ProQuest 【電子期刊】"
"47588","Germs","2248-2997","西文","2011-2018","ProQuest 【電子期刊】"
"37399","Gerontechnology","1569-1101","西文","20180325-20230824","Airiti Library 【華藝中文電子期刊】"
"18613","Gerontology","0304-324X","西文","19980101-","MEDLINE電子期刊"
"45867","Gerontology","0304-324X","西文","1994-present","ProQuest 【電子期刊】"
"47134","GeroScience","2509-2715","西文","1997-present","ProQuest 【電子期刊】"
"46884","GigaScience","2047-217X","西文","2015-2016","ProQuest 【電子期刊】"
"18614","Ginecologia y obstetricia de Mexico","0300-9041","西文","19980101-","MEDLINE電子期刊"
"48956","Ginekologia Polska = Polish Gynecology","0017-0011","西文","1/1/2010+","ProQuest 【電子期刊】"
"51296","Giornale Italiano di Cardiologia","","西文","1/1/2000+","ProQuest 【電子期刊】"
"51297","Giornale Italiano di Farmacia Clinicia","1120-3749","西文","1/1/2009+","ProQuest 【電子期刊】"
"18615","Giornale italiano di nefrologia: organo ufficiale della Societa italiana di nefrologia","0393-5590","西文","20080101-20121201","MEDLINE電子期刊"
"51298","Giornale Italiano Multidisciplinare per la Prevenzione delle Infezioni nelle Organizzazioni Sanitarie. GImPIOS","2280-644X","西文","1/1/2011+","ProQuest 【電子期刊】"
"48957","Global Advances in Health and Medicine","2164-957X","西文","1/1/2016+","ProQuest 【電子期刊】"
"46799","Global Cosmetic Industry","1523-9470","西文","1994-present","ProQuest 【電子期刊】"
"51070","Global Epidemiology","2590-1133","西文","2019-present","ClinicalKey 【電子期刊&電子書】"
"47362","Global Health Action","1654-9880","西文","2013-present","ProQuest 【電子期刊】"
"38726","Global Health Journal","2414-6447","西文","2017-present","ClinicalKey 【電子期刊&電子書】"
"45868","Global Health Promotion","1757-9759","西文","1998-present","ProQuest 【電子期刊】"
"48958","Global Health, Epidemiology and Genomics","2054-4200","西文","1/1/2017-1/1/2020","ProQuest 【電子期刊】"
"48959","Global Health, Epidemiology and Genomics","2054-4200","西文","1/1/2021+","ProQuest 【電子期刊】"
"47920","Global IP News. Healthcare Patent News","","西文","2013-present","ProQuest 【電子期刊】"
"47921","Global IP News. Medical Patent News","","西文","2013-present","ProQuest 【電子期刊】"
"37055","Global Journal of Dermatology & Venereology","","西文","20131130-20140201","Airiti Library 【華藝中文電子期刊】"
"37056","Global Journal of Gastroenterology & Hepatology","","西文","20130625-20140301","Airiti Library 【華藝中文電子期刊】"
"47097","Global Journal of Health Education and Promotion","2332-1016","西文","2010-2016","ProQuest 【電子期刊】"
"48233","Global Journal of Research on Medicinal Plants & Indigenous Medicine","2277-4289","西文","2012-2018","ProQuest 【電子期刊】"
"51739","Global Neurological Insights","3051-2484","西文","2026-present","ClinicalKey 【電子期刊&電子書】"
"51741","Global Pediatrics","2667-0097","西文","2021-present","ClinicalKey 【電子期刊&電子書】"
"48961","Global Spine Journal","2192-5682","西文","2/1/2018+","ProQuest 【電子期刊】"
"45870","Globalization and Health","1744-8603","西文","2009-present","ProQuest 【電子期刊】"
"51299","Globalization and Health","1744-8603","西文","1/1/2009+","ProQuest 【電子期刊】"
"37057","Glycobiology Insights","1179-2515","西文","20121201-20151201","Airiti Library 【華藝中文電子期刊】"
"45871","Glycoconjugate Journal","0282-0080","西文","1997-present","ProQuest 【電子期刊】"
"47363","GP","0268-8417","西文","2003-2015","ProQuest 【電子期刊】"
"45872","Graefe's Archive for Clinical and Experimental Ophthalmology","0721-832X","西文","1997-present(已延遲 1 年)","ProQuest 【電子期刊】"
"49631","Graefe's Archive for Clinical and Experimental Ophthalmology","0721-832X","西文","1997-present","Springer 【電子期刊】"
"47073","Ground Water","0017-467X","西文","1994-2005","ProQuest 【電子期刊】"
"18616","Growth factors","0897-7194","西文","20020301-","MEDLINE電子期刊"
"38072","Growth Hormone and IGF Research","1096-6374","西文","2007-present","ClinicalKey 【電子期刊&電子書】"
"47710","Guident","0976-2248","西文","2012-present","ProQuest 【電子期刊】"
"45873","Güncel Pediatri","1304-9054","西文","2012-2019","ProQuest 【電子期刊】"
"48963","Gut","0017-5749","西文","3/1/1960+","ProQuest 【電子期刊】"
"48964","Gut Microbiome","","西文","1/1/2020+","ProQuest 【電子期刊】"
"48258","Gut Pathogens","1757-4749","西文","2009-present","ProQuest 【電子期刊】"
"6915","Gut(南醫2025年起停訂)","0017-5749","英文","1960-present","南醫單本訂購期刊"
"48962","Gülhane Tip Dergisi","1302-0471","西文","12/1/2002+","ProQuest 【電子期刊】"
"51300","Gymnasium","1453-0201","西文","1/1/2007+","ProQuest 【電子期刊】"
"49787","gynäkologie + geburtshilfe","1439-3557","西文","2014-present","Springer 【電子期刊】"
"49632","Gynäkologische Endokrinologie","1610-2894","西文","2002-present","Springer 【電子期刊】"
"51301","Gynäkologische Endokrinologie","1610-2894","西文","2/1/2023+","ProQuest 【電子期刊】"
"18617","Gynecologic and obstetric investigation","0378-7346","西文","20050101-","MEDLINE電子期刊"
"45875","Gynecologic and Obstetric Investigation","0378-7346","西文","1998-2015","ProQuest 【電子期刊】"
"38073","Gynecologic Oncology","0090-8258","西文","2007/01-present","ClinicalKey 【電子期刊&電子書】"
"38074","Gynecologic Oncology Case Reports","2211-338X","西文","2011-2014","ClinicalKey 【電子期刊&電子書】"
"38075","Gynecologic Oncology Reports","2352-5789","西文","2014-present","ClinicalKey 【電子期刊&電子書】"
"48332","Gynecologic Oncology Research and Practice","2053-6844","西文","2015-2019","ProQuest 【電子期刊】"
"45876","Gynecological Endocrinology","0951-3590","西文","2003-2008","ProQuest 【電子期刊】"
"18618","Gynecological endocrinology: the official journal of the International Society of Gynecological Endocrinology","0951-3590","西文","20031001-","MEDLINE電子期刊"
"47841","Gynecological Surgery","1613-2076","西文","2004-present","ProQuest 【電子期刊】"
"38076","Gynecology and Minimally Invasive Therapy","2213-3070","西文","2012/11-present","ClinicalKey 【電子期刊&電子書】"
"18619","Haematologia","0017-6559","西文","19980601-20021201","MEDLINE電子期刊"
"18620","Haemophilia: the official journal of the World Federation of Hemophilia","1351-8216","西文","19980101-","MEDLINE電子期刊"
"38079","Hand Clinics","0749-0712","西文","2007.02- present","ClinicalKey 【電子期刊&電子書】"
"51095","Hand Surgery and Rehabilitation","2468-1229","西文","2016-present","ClinicalKey 【電子期刊&電子書】"
"18621","Hand surgery: an international journal devoted to hand and upper limb surgery and related research: journal of the Asia-Pacific Federation of...","0218-8104","西文","20001201-20151201","MEDLINE電子期刊"
"47214","HARA : the Hospital Accounts Receivable Analysis","1078-8123","西文","2007-2015","ProQuest 【電子期刊】"
"45879","Harm Reduction Journal","1477-7517","西文","2009-present","ProQuest 【電子期刊】"
"18622","Harvard health letter / from Harvard Medical School","1052-1577","西文","19971001-","MEDLINE電子期刊"
"47364","Harvard Health Publications. Ask Harvard Medical School Video Series","","西文","2009-2010","ProQuest 【電子期刊】"
"47365","Harvard Health Publications. Ask the expert.","","西文","2008-2009","ProQuest 【電子期刊】"
"47366","Harvard Health Publications. Harvard Commentaries on Health","","西文","2001-present","ProQuest 【電子期刊】"
"47996","Harvard Health Publications. Harvard Health Letter.","1052-1577","西文","2013-present","ProQuest 【電子期刊】"
"45880","Harvard Health Publications. Harvard Heart Letter","1051-5313","西文","2008.01-present","ProQuest 【電子期刊】"
"47367","Harvard Health Publications. Harvard Medical School Glossary of Health Terms","","西文","2011-2012","ProQuest 【電子期刊】"
"45881","Harvard Health Publications. Harvard Men's Health Watch","1089-1102","西文","2007-present","ProQuest 【電子期刊】"
"47368","Harvard Health Publications. Harvard Reviews of Health News","","西文","2008-present","ProQuest 【電子期刊】"
"45882","Harvard Health Publications. Harvard Women's Health Watch","1070-910X","西文","2007-present","ProQuest 【電子期刊】"
"47369","Harvard Health Publications. Health Topics A - Z","","西文","2000-present","ProQuest 【電子期刊】"
"47370","Harvard Health Publications. Quirky Body Series","","西文","2009-2011","ProQuest 【電子期刊】"
"47371","Harvard Health Publications. Special Health Reports","","西文","2007-present","ProQuest 【電子期刊】"
"45883","Harvard Health Publications. The Harvard Mental Health Letter","1057-5022","西文","2007-2022","ProQuest 【電子期刊】"
"18623","Harvard heart letter: from Harvard Medical School","1051-5313","西文","19980101-","MEDLINE電子期刊"
"18624","Harvard men's health watch","1089-1102","西文","20020101-","MEDLINE電子期刊"
"37649","Harvard Review of Psychiatry","1067-3229","西文","2003.01-present","OVID 【電子期刊】"
"18625","Harvard women's health watch","1070-910X","西文","19980101-","MEDLINE電子期刊"
"45884","Haseki Tip Bulteni; Istanbul","1302-0072","西文","2015-present","ProQuest 【電子期刊】"
"45885","Hastings Center Report, The","0093-0334","西文","1988-2012","ProQuest 【電子期刊】"
"49635","Hautnah","1866-2250","西文","2012-present","Springer 【電子期刊】"
"49788","hautnah dermatologie","0938-0221","西文","2009-present","Springer 【電子期刊】"
"18760","Hawai'i journal of health & social welfare","2641-5216","西文","20190701-","MEDLINE電子期刊"
"18626","Hawai'i journal of medicine & public health: a journal of Asia Pacific Medicine & Public Health","2165-8218","西文","20120101-","MEDLINE電子期刊"
"18627","Hawaii medical journal","0017-8594","西文","20060101-20111201","MEDLINE電子期刊"
"48965","Haydarpaşa Numune Medical Journal","1300-6363","西文","1/1/2020+","ProQuest 【電子期刊】"
"48966","HCPLive","2767-7168","西文","9/1/2020+","ProQuest 【電子期刊】"
"47663","HCV Next","2334-1300","西文","2014-present","ProQuest 【電子期刊】"
"47372","He@lth Information on the Internet","1460-4140","西文","2003-2006","ProQuest 【電子期刊】"
"45886","Head & Face Medicine","1746-160X","西文","2009-present","ProQuest 【電子期刊】"
"18628","Head & neck","1043-3074","西文","20050901-","MEDLINE電子期刊"
"45887","Head & Neck Oncology","1758-3284","西文","2009-2012","ProQuest 【電子期刊】"
"51302","Head and Neck Pathology","1936-055X","西文","3/1/2023+","ProQuest 【電子期刊】"
"49636","Head and Neck Pathology","1936-0568","西文","2007-present","Springer 【電子期刊】"
"48967","Healio Clinical Guidance","","西文","7/26/2023+","ProQuest 【電子期刊】"
"48259","Healio Gastroenterology","2375-2130","西文","2015-present","ProQuest 【電子期刊】"
"47812","Healio Rheumatology","2380-6818","西文","2016-present","ProQuest 【電子期刊】"
"46798","Health & Beauty Close - Up","","西文","2009-present","ProQuest 【電子期刊】"
"48968","Health & New Media Research","2671-4124","西文","3/1/2019+","ProQuest 【電子期刊】"
"18629","Health & social care in the community","0966-0410","西文","20010101-","MEDLINE電子期刊"
"18630","Health & social work","0360-7283","西文","19900201-","MEDLINE電子期刊"
"51303","Health & Social Work","0360-7283","西文","2/1/1994-11/1/2012","ProQuest 【電子期刊】"
"18631","Health affairs","0278-2715","西文","20030101-20090401","MEDLINE電子期刊"
"45889","Health Affairs","0278-2715","西文","1994-present","ProQuest 【電子期刊】"
"18632","Health and human rights","1079-0969","西文","20060601-","MEDLINE電子期刊"
"48088","Health and Hygiene","0140-2986","西文","1998-2008","ProQuest 【電子期刊】"
"18633","Health and quality of life outcomes","1477-7525","西文","20030101-","MEDLINE電子期刊"
"45906","Health and Quality of Life Outcomes","1477-7525","西文","2009-present","ProQuest 【電子期刊】"
"47374","Health and Stress","1089-148X","西文","2006-2016","ProQuest 【電子期刊】"
"48969","Health and Technology","2190-7188","西文","8/1/2011+","ProQuest 【電子期刊】"
"47375","Health at a Glance","1995-3992","西文","2011-present(已延遲 6 個月)","ProQuest 【電子期刊】"
"48970","Health at a Glance: Asia/Pacific","2305-4964","西文","12/16/2010-11/27/2020","ProQuest 【電子期刊】"
"48971","Health at a Glance: Europe","2305-6088","西文","12/1/2010-11/19/2020","ProQuest 【電子期刊】"
"47376","Health At Every Size","1708-5926","西文","1994-1995","ProQuest 【電子期刊】"
"49819","Health Behavior and Policy Review","2326-4403","西文","1/1/2020+","ProQuest 【電子期刊】"
"49637","Health Care Analysis","1065-3058","西文","1997-present","Springer 【電子期刊】"
"45890","Health Care Analysis : HCA","1065-3058","西文","1997-present","ProQuest 【電子期刊】"
"18634","Health care financing review","0195-8631","西文","19900301-20091201","MEDLINE電子期刊"
"45891","Health Care Financing Review","0195-8631","西文","1987-2009","ProQuest 【電子期刊】"
"18635","Health care management review","0361-6274","西文","19990101-20051201","MEDLINE電子期刊"
"37650","Health Care Management Review","0361-6274","西文","Winter 1997-present","OVID 【電子期刊】"
"18636","Health care management science","1386-9620","西文","19980301-","MEDLINE電子期刊"
"45892","Health Care Management Science","1386-9620","西文","1999-present(已延遲 1 年)","ProQuest 【電子期刊】"
"37651","Health Care Manager","1525-5794","西文","2002-2020","OVID 【電子期刊】"
"48972","Health Care Renewal [BLOG]","","西文","7/20/2018-8/18/2022","ProQuest 【電子期刊】"
"45893","Health Care Strategic Management","0742-1478","西文","1991-2007.11","ProQuest 【電子期刊】"
"38689","Health Care Transitions","2949-9232","西文","2023-present","ClinicalKey 【電子期刊&電子書】"
"38080","Health Care: The Journal of Delivery Science and Innovation","2213-0764","西文","2013/06-present","ClinicalKey 【電子期刊&電子書】"
"45894","Health Data Management","1079-9869","西文","1999-2019","ProQuest 【電子期刊】"
"45895","Health Economics, Policy and Law","1744-1331","西文","2006-present","ProQuest 【電子期刊】"
"47997","Health Education","0965-4283","西文","1995-present","ProQuest 【電子期刊】"
"48973","Health Equity","2473-1242","西文","1/1/2017-2/1/2021","ProQuest 【電子期刊】"
"48974","Health Expectations","1369-6513","西文","2/1/2016+","ProQuest 【電子期刊】"
"48975","Health Expectations","1369-6513","西文","8/1/2017-8/1/2017","ProQuest 【電子期刊】"
"18637","Health expectations: an international journal of public participation in health care and health policy","1369-6513","西文","20010301-","MEDLINE電子期刊"
"18638","Health facilities management","0899-6210","西文","19950101-","MEDLINE電子期刊"
"45896","Health Facilities Management","0899-6210","西文","2004-present","ProQuest 【電子期刊】"
"47238","Health Forum Journal","1527-3547","西文","1987-2003","ProQuest 【電子期刊】"
"47842","Health Industry Today","0745-4678","西文","1992-2001","ProQuest 【電子期刊】"
"18639","Health information and libraries journal","1471-1834","西文","20010301-","MEDLINE電子期刊"
"47236","Health Information Science and Systems","2047-2501","西文","2015-present(已延遲 1 年)","ProQuest 【電子期刊】"
"18640","Health law journal","1192-8336","西文","20071201-20111201","MEDLINE電子期刊"
"45897","Health Law Journal","1192-8336","西文","1999-2014","ProQuest 【電子期刊】"
"47212","Health Law Review","1188-8725","西文","2004-2014","ProQuest 【電子期刊】"
"47259","Health Lawyer, The","0736-3443","西文","2007-present","ProQuest 【電子期刊】"
"18641","Health management technology","1074-4770","西文","19980101-20181101","MEDLINE電子期刊"
"45898","Health Management Technology","1074-4770","西文","1987-2018","ProQuest 【電子期刊】"
"47998","Health Manpower Management","0955-2065","西文","1992-1998","ProQuest 【電子期刊】"
"48089","Health Marketing Quarterly","0735-9683","西文","1995-1998","ProQuest 【電子期刊】"
"18642","Health matrix","0748-383X","西文","19910301-","MEDLINE電子期刊"
"51304","Health Nanotechnology","2948-1937","西文","12/1/2025+","ProQuest 【電子期刊】"
"47377","Health News","0821-3925","西文","1995-2001","ProQuest 【電子期刊】"
"37652","Health Physics: The Radiation Safety Journal","0017-9078","西文","1999.01-present","OVID 【電子期刊】"
"38081","Health Policy","0168-8510","西文","2007-present","ClinicalKey 【電子期刊&電子書】"
"38564","Health Policy OPEN","2590-2296","西文","2020-present","ClinicalKey 【電子期刊&電子書】"
"45899","Health Progress","0882-1577","西文","1998.05-present","ProQuest 【電子期刊】"
"45649","Health Promotion and Chronic Disease Prevention in Canada","1925-6515","西文","1997-present","ProQuest 【電子期刊】"
"45900","Health Promotion Journal of Australia","1036-1073","西文","2010-2020","ProQuest 【電子期刊】"
"48090","Health Promotion Perspectives","2228-6497","西文","2013-present","ProQuest 【電子期刊】"
"18643","Health reports","0840-6529","西文","20001001-","MEDLINE電子期刊"
"45901","Health Reports","0840-6529","西文","1998-present(已延遲 12 天)","ProQuest 【電子期刊】"
"45902","Health Research Policy and Systems","1478-4505","西文","2009-present","ProQuest 【電子期刊】"
"47379","Health S A","1025-9848","西文","2000-present","ProQuest 【電子期刊】"
"51305","Health Science Reports","2398-8835","西文","1/1/2018+","ProQuest 【電子期刊】"
"38608","Health Sciences Review","2772-6320","西文","2021-present","ClinicalKey 【電子期刊&電子書】"
"45903","Health Service Journal, The","0952-2271","西文","2010-2015","ProQuest 【電子期刊】"
"47380","Health Services & Outcomes Research Methodology","1387-3741","西文","2000-present(已延遲 1 年)","ProQuest 【電子期刊】"
"49638","Health Services and Outcomes Research Methodology","1387-3741","西文","2000-present","Springer 【電子期刊】"
"37058","Health Services Insights","1178-6329","西文","20111201-20151201","Airiti Library 【華藝中文電子期刊】"
"47166","Health Services Insights","1178-6329","西文","2008-present","ProQuest 【電子期刊】"
"18644","Health services management research","0951-4848","西文","20010201-20150601","MEDLINE電子期刊"
"45904","Health Services Management Research","0951-4848","西文","2001.05-2006.08","ProQuest 【電子期刊】"
"18645","Health services research","0017-9124","西文","20010201-","MEDLINE電子期刊"
"45905","Health Statistics Quarterly","1465-1645","西文","2007.04-2012.04","ProQuest 【電子期刊】"
"47381","Health Systems","2047-6965","西文","2012-2017","ProQuest 【電子期刊】"
"18646","Health systems review","1055-7466","西文","19950701-19971201","MEDLINE電子期刊"
"47151","Health Systems Review","1055-7466","西文","1992-1997","ProQuest 【電子期刊】"
"47191","Health, Culture and Society","2161-6590","西文","2013-2015","ProQuest 【電子期刊】"
"48977","HealthBlawg [BLOG]","","西文","8/6/2018+","ProQuest 【電子期刊】"
"38609","Healthcare Analytics","2772-4425","西文","2021-present","ClinicalKey 【電子期刊&電子書】"
"45907","Healthcare Benchmarks and Quality Improvement","1541-1052","西文","2008.01-2011.12","ProQuest 【電子期刊】"
"47241","Healthcare Design","1541-7905","西文","2006-present","ProQuest 【電子期刊】"
"18647","Healthcare executive","0883-5381","西文","20010901-20170501","MEDLINE電子期刊"
"45908","Healthcare Executive","0883-5381","西文","1991-present","ProQuest 【電子期刊】"
"45909","Healthcare Financial Management","0735-0732","西文","1987.12-present","ProQuest 【電子期刊】"
"18648","Healthcare financial management: journal of the Healthcare Financial Management Association","0735-0732","西文","19940101-","MEDLINE電子期刊"
"45910","Healthcare Informatics","1050-9135","西文","2006.02-present","ProQuest 【電子期刊】"
"47167","Healthcare Risk Management","1081-6534","西文","2008-present","ProQuest 【電子期刊】"
"47382","Healthcare Transformation","2379-9900","西文","2015-2018","ProQuest 【電子期刊】"
"48091","Healthcare Traveler","1077-5676","西文","2003-2013","ProQuest 【電子期刊】"
"47383","HealthFacts","0738-811X","西文","1997-2009","ProQuest 【電子期刊】"
"48978","HealthSkills Weblog [BLOG]","","西文","7/22/2018+","ProQuest 【電子期刊】"
"37059","Healthy Aging & Clinical Care in the Elderly","1179-0601","西文","20111201-20151201","Airiti Library 【華藝中文電子期刊】"
"47135","Healthy Aging & Clinical Care in the Elderly","1179-0601","西文","2008-2017","ProQuest 【電子期刊】"
"37653","Hearing Journal","0745-7472","西文","1994.01-present","OVID 【電子期刊】"
"48467","Hearing Review (Online), The","","西文","2000-present","ProQuest 【電子期刊】"
"45911","Heart","1355-6037","西文","1996-2003.12","ProQuest 【電子期刊】"
"38082","Heart & Lung: The Journal of Acute and Critical Care","0147-9563","西文","2007/01-present","ClinicalKey 【電子期刊&電子書】"
"18649","Heart and vessels","0910-8327","西文","20030201-","MEDLINE電子期刊"
"45913","Heart and Vessels","0910-8327","西文","2000-2018","ProQuest 【電子期刊】"
"49640","Heart and Vessels","0910-8327","西文","1997-present","Springer 【電子期刊】"
"47632","Heart Asia","1759-1104","西文","2009-2019","ProQuest 【電子期刊】"
"38083","Heart Failure Clinics","1551-7136","西文","2007/01-present","ClinicalKey 【電子期刊&電子書】"
"18650","Heart failure reviews","1382-4147","西文","20050101-","MEDLINE電子期刊"
"45912","Heart Failure Reviews","1382-4147","西文","1997-present(已延遲 1 年)","ProQuest 【電子期刊】"
"49639","Heart Failure Reviews","1382-4147","西文","1997-present","Springer 【電子期刊】"
"37648","HEART Insight","1934-5917","西文","2007-2014","OVID 【電子期刊】"
"48979","Heart International","2036-2579","西文","1/1/2006-1/1/2021","ProQuest 【電子期刊】"
"38084","Heart Rhythm","1547-5271","西文","2007/01-present","ClinicalKey 【電子期刊&電子書】"
"38640","Heart Rhythm O2","2666-5018","西文","2020-present","ClinicalKey 【電子期刊&電子書】"
"47634","Heart Views","1995-705X","西文","2008-present","ProQuest 【電子期刊】"
"38085","Heart, Lung and Circulation","1443-9506","西文","2007/01-present","ClinicalKey 【電子期刊&電子書】"
"38565","HeartRhythm Case Reports","2214-0271","西文","2015-present","ClinicalKey 【電子期刊&電子書】"
"48980","Hearts","2673-3846","西文","1/1/2021+","ProQuest 【電子期刊】"
"45877","HEC Forum","0956-2737","西文","1999-present(已延遲 1 年)","ProQuest 【電子期刊】"
"18651","HEC forum: an interdisciplinary journal on hospitals' ethical and legal issues","0956-2737","西文","20080301-20091201","MEDLINE電子期刊"
"49641","Heilberufe","0017-9604","西文","2008-present","Springer 【電子期刊】"
"49642","HeilberufeScience","2190-2100","西文","2010-present","Springer 【電子期刊】"
"18652","Helicobacter","1083-4389","西文","19980301-","MEDLINE電子期刊"
"48274","HEM/ONC Today","1526-0488","西文","2008-present","ProQuest 【電子期刊】"
"18653","Hematology","1024-5332","西文","20020101-","MEDLINE電子期刊"
"48981","Hematology Reports","2038-8322","西文","3/1/2009+","ProQuest 【電子期刊】"
"38764","Hematology, Transfusion and Cell Therapy","2531-1379","西文","2018-present","ClinicalKey 【電子期刊&電子書】"
"38087","Hematology/Oncology and Stem Cell Therapy","1658-3876","西文","2008/01-present","ClinicalKey 【電子期刊&電子書】"
"38086","Hematology/Oncology Clinics of North America","0889-8588","西文","2007/02-present","ClinicalKey 【電子期刊&電子書】"
"18654","Hemoglobin","0363-0269","西文","20010201-","MEDLINE電子期刊"
"48275","Hemostasis Laboratory","1941-8493","西文","2011-2014","ProQuest 【電子期刊】"
"48982","Hepatic Medicine : Evidence and Research","1179-1535","西文","1/1/2009+","ProQuest 【電子期刊】"
"48983","Hepatic Oncology","2045-0923","西文","1/1/2017-9/1/2020","ProQuest 【電子期刊】"
"47664","Hepatitis B Annual","0972-9747","西文","2008-2012","ProQuest 【電子期刊】"
"48260","Hepatitis Monthly","1735-143X","西文","2010-2020","ProQuest 【電子期刊】"
"37060","Hepatitis Research and Treatment","2090-1364","西文","20141201-20141201","Airiti Library 【華藝中文電子期刊】"
"38088","Hepatobiliary & Pancreatic Diseases International","1499-3872","西文","2011/02-present","ClinicalKey 【電子期刊&電子書】"
"6917","Hepatology","0270-9139","西文","1996-present(三院共享)","南醫單本訂購期刊"
"48984","Hepatology Communications","2471-254X","西文","2/1/2017-12/1/2022","ProQuest 【電子期刊】"
"48985","Hepatology Forum","1307-5888","西文","1/1/2020-1/1/2021","ProQuest 【電子期刊】"
"49643","Hepatology International","1936-0533","西文","2007-present","Springer 【電子期刊】"
"47793","Hepatology international.","1936-0533","西文","2007-2019","ProQuest 【電子期刊】"
"45878","HERD : Health Environments Research & Design Journal","1937-5867","西文","2007.10-present","ProQuest 【電子期刊】"
"48373","Hereditary Cancer in Clinical Practice","1731-2302","西文","2003-present","ProQuest 【電子期刊】"
"18655","Hereditas","0018-0661","西文","20030301-20141201","MEDLINE電子期刊"
"46918","Hereditas","0018-0661","西文","2015-present","ProQuest 【電子期刊】"
"18656","Heredity","0018-067X","西文","19960101-20151201","MEDLINE電子期刊"
"45914","Heredity","0018-067X","西文","2000-present(已延遲 1 年)","ProQuest 【電子期刊】"
"45915","Hernia","1265-4906","西文","2002-present","ProQuest 【電子期刊】"
"49644","Hernia","1265-4906","西文","1997-present","Springer 【電子期刊】"
"18657","Hernia: the journal of hernias and abdominal wall surgery","1265-4906","西文","20030301-","MEDLINE電子期刊"
"18658","Herz","0340-9937","西文","20050201-","MEDLINE電子期刊"
"45916","Herz","0340-9937","西文","1997-present(已延遲 1 年)","ProQuest 【電子期刊】"
"49645","Herz","0340-9937","西文","1997-present","Springer 【電子期刊】"
"49646","Herzschrittmachertherapie + Elektrophysiologie","0938-7412","西文","1997-present","Springer 【電子期刊】"
"45917","High Blood Pressure & Cardiovascular Prevention","1120-9879","西文","2008.01-present(已延遲 1 年)","ProQuest 【電子期刊】"
"45918","Hispanic Health Care International; Thousand Oaks","1540-4153","西文","2005-2015","ProQuest 【電子期刊】"
"18659","Histochemistry and cell biology","0948-6143","西文","20000101-","MEDLINE電子期刊"
"45919","Histochemistry and Cell Biology","0948-6143","西文","1997-present(已延遲 1 年)","ProQuest 【電子期刊】"
"6579","Histopathology","0309-0167","西文","1997-present","Wiley Online Library(電子期刊)"
"18660","Histopathology","0309-0167","西文","19980101-","MEDLINE電子期刊"
"48135","History of Science","0073-2753","西文","2011-2016","ProQuest 【電子期刊】"
"18661","History of science; an annual review of literature, research and teaching","0073-2753","西文","20030301-20140901","MEDLINE電子期刊"
"18662","HIV medicine","1464-2662","西文","19991001-","MEDLINE電子期刊"
"47665","HIV Therapy","1758-4310","西文","2009-2010","ProQuest 【電子期刊】"
"18663","HLA","2059-2302","西文","20160101-","MEDLINE電子期刊"
"49633","HNO","0017-6192","西文","1997-present","Springer 【電子期刊】"
"49634","HNO Nachrichten","0177-1000","西文","2009-present","Springer 【電子期刊】"
"48302","Hoitotiede","0786-5686","西文","2011-present","ProQuest 【電子期刊】"
"48986","Holistic Integrative Oncology","2731-4529","西文","12/1/2022+","ProQuest 【電子期刊】"
"37654","Holistic Nursing Practice","0887-9311","西文","1999.01-present","OVID 【電子期刊】"
"47386","Home & Community Health Special Interest Section Quarterly / American Occupational Therapy Association","1093-7218","西文","2006-2015","ProQuest 【電子期刊】"
"37655","Home Healthcare Nurse","0884-741X","西文","2000-2014","OVID 【電子期刊】"
"48987","Hong Kong Journal of Emergency Medicine","1024-9079","西文","1/1/2016+","ProQuest 【電子期刊】"
"38090","Hong Kong Journal of Occupational Therapy","1569-1861","西文","2007/01-present","ClinicalKey 【電子期刊&電子書】"
"48988","Hong Kong Journal of Ophthalmology","1027-8230","西文","1/1/1997+","ProQuest 【電子期刊】"
"48989","Hong Kong Journal of Radiology","2223-6619","西文","12/1/2005+","ProQuest 【電子期刊】"
"48990","Hong Kong Medical Journal","1024-2708","西文","3/1/1995+","ProQuest 【電子期刊】"
"45920","Hormone Research in Paediatrics","1663-2818","西文","1998-2015","ProQuest 【電子期刊】"
"51306","Hormones : International Journal of Endocrinology and Metabolism","1109-3099","西文","3/1/2023+","ProQuest 【電子期刊】"
"46879","Horticulture Research","2052-7276","西文","2014-present","ProQuest 【電子期刊】"
"47168","Hospital Access Management","1079-0365","西文","2008-present","ProQuest 【電子期刊】"
"45921","Hospital Case Management","1087-0652","西文","2008-2022","ProQuest 【電子期刊】"
"47387","Hospital Chronicles","1790-7306","西文","2011-present","ProQuest 【電子期刊】"
"46993","Hospital Employee Health","0744-6470","西文","2008-present","ProQuest 【電子期刊】"
"47388","Hospital Infection Control & Prevention","1945-9653","西文","2008-present","ProQuest 【電子期刊】"
"45922","Hospital Law Newsletter","0738-0984","西文","1998.06-2005.12","ProQuest 【電子期刊】"
"45923","Hospital Materials Management","0888-3068","西文","1991.07-2009.08","ProQuest 【電子期刊】"
"47224","Hospital Materiel Management Quarterly","0192-2262","西文","1987-2001","ProQuest 【電子期刊】"
"47389","Hospital Medicine Alert","1931-9037","西文","2008-2018","ProQuest 【電子期刊】"
"45924","Hospital Peer Review","0149-2632","西文","2008-2013.02","ProQuest 【電子期刊】"
"72","Hospital Pharmacy (院外需帳密,請見簡介)","0018-5787","西文","2006.1-2026.12","彰秀單本期刊"
"6916","Hospital Pharmacy(南醫停訂,全文到2015年4月,彰秀有)","","","","南醫單本訂購期刊"
"18664","Hospital topics","0018-5868","西文","19900101-","MEDLINE電子期刊"
"45925","Hospital Topics","0018-5868","西文","1997.07-2010.10","ProQuest 【電子期刊】"
"45926","Hospitals & Health Networks","1068-8838","西文","1988-2017","ProQuest 【電子期刊】"
"18665","Hospitals & health networks / AHA","1068-8838","西文","19950101-20171201","MEDLINE電子期刊"
"48222","Hosts and Viruses","2515-4982","西文","2014-present","ProQuest 【電子期刊】"
"48162","Housing, Care and Support","1460-8790","西文","2003-present","ProQuest 【電子期刊】"
"38078","HPB","1365-182X","西文","2011.01-present","ClinicalKey 【電子期刊&電子書】"
"37061","HPB Surgery","0894-8569","西文","20121201-20141201","Airiti Library 【華藝中文電子期刊】"
"51307","HR Quarterly","3064-7509","西文","1/1/1991-10/1/2023","ProQuest 【電子期刊】"
"48500","Hrvatska Revija za Rehabilitacijska Istrazivanja","1331-3010","西文","2012-present","ProQuest 【電子期刊】"
"47260","HSJ.co.uk","","西文","2010-2015","ProQuest 【電子期刊】"
"47843","HSS Journal; the Musculoskeletal Journal of Hospital for Special Surgery","1556-3316","西文","2005-2018","ProQuest 【電子期刊】"
"45927","Hu Li Za Zhi","0047-262X","西文","2011.12-present","ProQuest 【電子期刊】"
"45937","Human and Experimental Toxicology","0960-3271","西文","1998-present","ProQuest 【電子期刊】"
"18667","Human antibodies","1093-2607","西文","19990401-","MEDLINE電子期刊"
"18668","Human biology","0018-7143","西文","20050601-","MEDLINE電子期刊"
"45928","Human Biology","0018-7143","西文","1994.02-present","ProQuest 【電子期刊】"
"48991","Human Brain Mapping","1065-9471","西文","8/1/2021+","ProQuest 【電子期刊】"
"18669","Human cell","0914-7470","西文","20060201-","MEDLINE電子期刊"
"51308","Human Cell","0914-7470","西文","1/1/2023+","ProQuest 【電子期刊】"
"48041","Human Development","0018-716X","西文","1997-2015","ProQuest 【電子期刊】"
"45929","Human Factors","0018-7208","西文","1997.03-2007.02","ProQuest 【電子期刊】"
"18670","Human genetics","0340-6717","西文","20000101-","MEDLINE電子期刊"
"45930","Human Genetics","0340-6717","西文","2002-present","ProQuest 【電子期刊】"
"38566","Human Genetics and Genomics Advances","2666-2477","西文","2020-present","ClinicalKey 【電子期刊&電子書】"
"46919","Human Genome Variation","2054-345X","西文","2014-present","ProQuest 【電子期刊】"
"18671","Human genomics","1473-9542","西文","20031101-","MEDLINE電子期刊"
"45931","Human Genomics","1473-9542","西文","2003.11-2006.01","ProQuest 【電子期刊】"
"18672","Human heredity","0001-5652","西文","20050201-","MEDLINE電子期刊"
"45932","Human Heredity","0001-5652","西文","1998-present","ProQuest 【電子期刊】"
"38092","Human Immunology","0198-8859","西文","2007/01-present","ClinicalKey 【電子期刊&電子書】"
"38509","Human Microbiome Journal","2452-2317","西文","2016.01-present","ClinicalKey 【電子期刊&電子書】"
"45933","Human Mutation","1059-7794","西文","1997-present(已延遲 1 年)","ProQuest 【電子期刊】"
"45934","Human Nature : An Interdisciplinary Biosocial Perspective","1045-6767","西文","1997-present(已延遲 1 年)","ProQuest 【電子期刊】"
"38555","Human Nutrition & Metabolism","2666-1497","西文","2020-present","ClinicalKey 【電子期刊&電子書】"
"46796","Human Organization","0018-7259","西文","1996-present","ProQuest 【電子期刊】"
"37062","Human Parasitic Diseases","","西文","20111201-20151201","Airiti Library 【華藝中文電子期刊】"
"47666","Human Parasitic Diseases","1179-5700","西文","2009-2017","ProQuest 【電子期刊】"
"8725","Human Pathology","0046-8177","西文","訂購年份:2016","ScienceDirect(SDOL)"
"38093","Human Pathology","0046-8177","西文","2007-present","ClinicalKey 【電子期刊&電子書】"
"38650","Human Pathology Reports","2772-736X","西文","2021-present","ClinicalKey 【電子期刊&電子書】"
"9039","Human Pathology(停訂,全文到2015年,CK資料庫有)","0046-8177","西文","","南醫單本訂購期刊"
"8726","Human Pathology: Case Reports","","西文","","ScienceDirect(SDOL)"
"38510","Human Pathology: Case Reports","2214-3300","西文","2014-2021","ClinicalKey 【電子期刊&電子書】"
"6918","Human Pathology: Case Reports(免費)","","","","南醫單本訂購期刊"
"51309","Human Physiology","0362-1197","西文","2/1/2023+","ProQuest 【電子期刊】"
"18673","Human psychopharmacology","0885-6222","西文","20020101-","MEDLINE電子期刊"
"51310","Human Reproduction Open","2399-3529","西文","1/1/2018+","ProQuest 【電子期刊】"
"51311","Human Resource Management","0090-4848","西文","4/1/1999-7/1/2005","ProQuest 【電子期刊】"
"47014","Human Resource Management (1986-1998)","0090-4848","西文","1986-1998","ProQuest 【電子期刊】"
"47015","Human Resource Management (pre-1986)","0090-4848","西文","1972-1985","ProQuest 【電子期刊】"
"45936","Human Resources for Health","1478-4491","西文","2009-present","ProQuest 【電子期刊】"
"37656","Hypertension","0194-911X","西文","1979.01-present","OVID 【電子期刊】"
"18674","Hypertension in pregnancy","1064-1955","西文","20000301-","MEDLINE電子期刊"
"47635","Hypertension Research","0916-9636","西文","2016-present","ProQuest 【電子期刊】"
"18675","Hypertension research: official journal of the Japanese Society of Hypertension","0916-9636","西文","20090101-20151101","MEDLINE電子期刊"
"48992","Hypoxia","2324-1128","西文","1/1/2013-1/1/2020","ProQuest 【電子期刊】"
"19155","The Harvard mental health letter / from Harvard Medical School","1057-5022","西文","19980101-20120301","MEDLINE電子期刊"
"19038","The Hastings Center report","0093-0334","西文","19900701-","MEDLINE電子期刊"
"19024","The hematology journal: the official journal of the European Haematology Association / EHA","1466-4860","西文","20000101-20041201","MEDLINE電子期刊"
"18901","The Hospice journal","0742-969X","西文","20000101-20010101","MEDLINE電子期刊"
"27953","Die innere Medizin","2731-7080","西文","20230601-","MEDLINE電子期刊"
"49587","Die Innere Medizin","2731-7080","西文","1997-present","Springer 【電子期刊】"
"51221","Die Innere Medizin","2731-7080","西文","1/1/2023+","ProQuest 【電子期刊】"
"49066","i-Perception","2041-6695","西文","2/1/2016+","ProQuest 【電子期刊】"
"47136","iAdvance Senior Care","2573-8909","西文","1991-2017","ProQuest 【電子期刊】"
"47390","Iatreia","0121-0793","西文","2012-present","ProQuest 【電子期刊】"
"18676","IAVI report: newsletter on international AIDS vaccine research","1816-6253","西文","20080701-","MEDLINE電子期刊"
"48438","IBMS BoneKEy","1533-4368","西文","2004-2017","ProQuest 【電子期刊】"
"48993","Ibrain","2313-1934","西文","3/1/2022+","ProQuest 【電子期刊】"
"51076","IDCases","2214-2509","西文","2015-present","ClinicalKey 【電子期刊&電子書】"
"47049","IEEE Transactions on Software Engineering","0098-5589","西文","1976-2002","ProQuest 【電子期刊】"
"45938","IET Nanobiotechnology","1751-8741","西文","2012.12-present","ProQuest 【電子期刊】"
"45939","IET Systems Biology","1751-8849","西文","2012.10-present","ProQuest 【電子期刊】"
"38710","iGIE","2949-7086","西文","2022-present","ClinicalKey 【電子期刊&電子書】"
"38745","IHJ Cardiovascular Case Reports (CVCR)","2468-600X","西文","2017-2023","ClinicalKey 【電子期刊&電子書】"
"38815","IHJ Cardiovascular Reports (formerly IHJ Cardiovascular Case Reports)","2950-4678","西文","2024-present","ClinicalKey 【電子期刊&電子書】"
"38094","IJC Heart & Vasculature (formerly IJC Heart & Vessels)","2352-9067","西文","2014.12-present","ClinicalKey 【電子期刊&電子書】"
"38095","IJC Heart & Vessels","2214-7632","西文","2013-2014","ClinicalKey 【電子期刊&電子書】"
"38779","IJID One Health","2949-9151","西文","2023-present","ClinicalKey 【電子期刊&電子書】"
"38610","IJID Regions","2772-7076","西文","2021-present","ClinicalKey 【電子期刊&電子書】"
"48994","IJU Case Reports","2577-171X","西文","3/1/2019+","ProQuest 【電子期刊】"
"38728","iLIVER","2772-9478","西文","2022-present","ClinicalKey 【電子期刊&電子書】"
"49647","Im Focus Onkologie","1435-7402","西文","2012-present","Springer 【電子期刊】"
"48617","Imaging Economics (Online)","","西文","2014","ProQuest 【電子期刊】"
"48618","Imaging in Medicine","1755-5191","西文","2009-2014","ProQuest 【電子期刊】"
"47589","Immunity and Ageing","1742-4933","西文","2009-present","ProQuest 【電子期刊】"
"47590","Immunity, Inflammation and Disease","2050-4527","西文","2013-present","ProQuest 【電子期刊】"
"38675","Immuno-Oncology and Technology","2590-0188","西文","2019-present","ClinicalKey 【電子期刊&電子書】"
"38098","Immunobiology","0171-2985","西文","2007/03-present","ClinicalKey 【電子期刊&電子書】"
"45943","Immunobiology","0171-2985","西文","2001.12-2005.01","ProQuest 【電子期刊】"
"18677","Immunogenetics","0093-7711","西文","20000101-","MEDLINE電子期刊"
"45944","Immunogenetics","0093-7711","西文","2003-present","ProQuest 【電子期刊】"
"51312","ImmunoHorizons","2573-7732","西文","10/1/2025+","ProQuest 【電子期刊】"
"45945","Immunologic Research","0257-277X","西文","1997-present(已延遲 1 年)","ProQuest 【電子期刊】"
"18678","Immunological investigations","0882-0139","西文","20010201-","MEDLINE電子期刊"
"18679","Immunological reviews","0105-2896","西文","19770101-","MEDLINE電子期刊"
"18680","Immunology","0019-2805","西文","19650501-","MEDLINE電子期刊"
"38100","Immunology and Allergy Clinics of North America","0889-8561","西文","2007/02-present","ClinicalKey 【電子期刊&電子書】"
"46819","Immunology and Cell Biology","0818-9641","西文","2000-2019","ProQuest 【電子期刊】"
"37063","Immunology and Immunogenetics Insights","1178-6345","西文","20111201-20151201","Airiti Library 【華藝中文電子期刊】"
"47591","Immunology and Immunogenetics Insights","1178-6345","西文","2009-2018","ProQuest 【電子期刊】"
"38099","Immunology Letters","0165-2478","西文","2007/01/15-present","ClinicalKey 【電子期刊&電子書】"
"46939","Immunome Research","1745-7580","西文","2009-present","ProQuest 【電子期刊】"
"18681","Immunopharmacology and immunotoxicology","0892-3973","西文","20010201-","MEDLINE電子期刊"
"45946","Immunotherapy","1750-743X","西文","2009-2021","ProQuest 【電子期刊】"
"47592","Immunotherapy Insights","1179-1756","西文","2009-2012","ProQuest 【電子期刊】"
"37657","Implant Dentistry","1056-6163","西文","2001-2019","OVID 【電子期刊】"
"45947","Implementation Science","1748-5908","西文","2009-present","ProQuest 【電子期刊】"
"48995","Implementation Science Communications","2662-2211","西文","1/1/2020+","ProQuest 【電子期刊】"
"47043","Impressions","1043-6839","西文","2000-present","ProQuest 【電子期刊】"
"48196","In Practice","0263-841X","西文","1979-2020","ProQuest 【電子期刊】"
"18682","In silico biology","1386-6338","西文","19980101-","MEDLINE電子期刊"
"47985","In Silico Pharmacology","2193-9616","西文","2013-present","ProQuest 【電子期刊】"
"48997","In Vitro Cellular & Developmental Biology: Animal","1071-2690","西文","1/1/1998-12/1/2018","ProQuest 【電子期刊】"
"49820","In Vitro Cellular & Developmental Biology: Plant","1054-5476","西文","11/1/2000+","ProQuest 【電子期刊】"
"51313","In Vivo","0258-851X","西文","1/1/2018+","ProQuest 【電子期刊】"
"48998","Inclusion","2326-6988","西文","6/1/2013+","ProQuest 【電子期刊】"
"35974","Incontinence & Pelvic Floor Dysfunction","1994-568X","西文","20080201-20130901","Airiti Library 【華藝中文電子期刊】"
"38101","Indian Heart Journal","0019-4832","西文","2012/01-present","ClinicalKey 【電子期刊&電子書】"
"47601","Indian Journal of Anesthesia","0019-5049","西文","2008-present","ProQuest 【電子期刊】"
"18683","Indian journal of cancer","0019-509X","西文","20030401-","MEDLINE電子期刊"
"45948","Indian Journal of Cancer","0019-509X","西文","2004-present","ProQuest 【電子期刊】"
"48542","Indian Journal of Cerebral Palsy","2395-4264","西文","2015-2016","ProQuest 【電子期刊】"
"37064","Indian Journal of Clinical Medicine","1179-9161","西文","20111201-20151201","Airiti Library 【華藝中文電子期刊】"
"47391","Indian Journal of Clinical Medicine","1179-9161","西文","2010-present","ProQuest 【電子期刊】"
"47392","Indian Journal of Community Medicine","0970-0218","西文","2008-present","ProQuest 【電子期刊】"
"47711","Indian Journal of Contemporary Dentistry","2320-5806","西文","2013-2014","ProQuest 【電子期刊】"
"47393","Indian Journal of Critical Care Medicine","0972-5229","西文","2004-2018","ProQuest 【電子期刊】"
"45949","Indian Journal of Dental Research; Official Publication of Indian Society for Dental Research","0970-9290","西文","2008-present","ProQuest 【電子期刊】"
"47766","Indian Journal of Dermatology","0019-5154","西文","2008-present","ProQuest 【電子期刊】"
"18684","Indian journal of dermatology, venereology and leprology","0378-6323","西文","20050101-","MEDLINE電子期刊"
"45950","Indian Journal of Dermatology, Venereology and Leprology","0378-6323","西文","2004-present","ProQuest 【電子期刊】"
"47767","Indian Journal of Dermatopathology and Diagnostic Dermatology","2349-6029","西文","2015-present","ProQuest 【電子期刊】"
"47794","Indian Journal of Endocrinology and Metabolism","2230-8210","西文","2014-2020","ProQuest 【電子期刊】"
"48240","Indian Journal of Forensic Medicine & Toxicology","0973-9122","西文","2013-2014","ProQuest 【電子期刊】"
"49649","Indian Journal of Gastroenterology","0254-8860","西文","2009-present","Springer 【電子期刊】"
"51314","Indian Journal of Gastroenterology","0254-8860","西文","1/1/2023+","ProQuest 【電子期刊】"
"51315","Indian Journal of Gynecologic Oncology","2363-8397","西文","3/1/2023+","ProQuest 【電子期刊】"
"47394","Indian Journal of Health and Wellbeing","2229-5356","西文","2013-present","ProQuest 【電子期刊】"
"48374","Indian Journal of Hematology and Blood Transfusion","0974-0449","西文","2007-2018","ProQuest 【電子期刊】"
"49650","Indian Journal of Hematology and Blood Transfusion","0971-4502","西文","2007-present","Springer 【電子期刊】"
"46920","Indian Journal of Human Genetics","0971-6866","西文","2004-2014","ProQuest 【電子期刊】"
"46820","Indian Journal of Life Sciences","2277-1743","西文","2012-present","ProQuest 【電子期刊】"
"48481","Indian Journal of Medical and Paediatric Oncology","0971-5851","西文","2008-2020","ProQuest 【電子期刊】"
"38634","Indian Journal of Medical Microbiology","0255-0857","西文","2010-present","ClinicalKey 【電子期刊&電子書】"
"45951","Indian Journal of Medical Microbiology","0255-0857","西文","2008-2020","ProQuest 【電子期刊】"
"45952","Indian Journal of Medical Research","0971-5916","西文","1998-2008","ProQuest 【電子期刊】"
"48999","Indian Journal of Medical Research, The","0971-5916","西文","1/1/2011+","ProQuest 【電子期刊】"
"18686","Indian journal of medical sciences","0019-5359","西文","20031001-20130701","MEDLINE電子期刊"
"45953","Indian Journal of Medical Sciences","0019-5359","西文","2004-2013","ProQuest 【電子期刊】"
"46940","Indian Journal of Microbiology","0046-8991","西文","2007-2018","ProQuest 【電子期刊】"
"47712","Indian Journal of Multidisciplinary Dentistry","2229-6360","西文","2010-present","ProQuest 【電子期刊】"
"47877","Indian Journal of Nephrology","0971-4065","西文","2008-present","ProQuest 【電子期刊】"
"47395","Indian Journal of Nuclear Medicine : IJNM","0972-3919","西文","2010-2019","ProQuest 【電子期刊】"
"47396","Indian Journal of Occupational and Environmental Medicine","0973-2284","西文","2010-present","ProQuest 【電子期刊】"
"18687","Indian journal of ophthalmology","0301-4738","西文","20050301-","MEDLINE電子期刊"
"45954","Indian Journal of Ophthalmology","0301-4738","西文","2008.01-present","ProQuest 【電子期刊】"
"47713","Indian Journal of Oral Health and Research","2393-8692","西文","2015-present","ProQuest 【電子期刊】"
"48439","Indian Journal of Orthopaedics","0019-5413","西文","2008-2019","ProQuest 【電子期刊】"
"48468","Indian Journal of Otolaryngology & Head and Neck Surgery","2231-3796","西文","1/1/2013-1/1/2019","ProQuest 【電子期刊】"
"49651","Indian Journal of Otolaryngology and Head & Neck Surgery","2231-3796","西文","1997-present","Springer 【電子期刊】"
"48469","Indian Journal of Otology","0971-7749","西文","2013-present","ProQuest 【電子期刊】"
"49000","Indian Journal of Palliative Care","0973-1075","西文","1/1/2008-5/1/2021","ProQuest 【電子期刊】"
"18688","Indian journal of pathology & microbiology","0377-4929","西文","20080701-","MEDLINE電子期刊"
"49001","Indian Journal of Pathology & Microbiology : an Official Organ of Indian Association of Pathologists & Microbiologists","0377-4929","西文","1/1/2018-12/1/2023","ProQuest 【電子期刊】"
"49804","Indian Journal of Pediatrics","0019-5456","西文","2005-present","Springer 【電子期刊】"
"51316","Indian Journal of Pediatrics","0019-5456","西文","1/1/2023+","ProQuest 【電子期刊】"
"47947","Indian Journal of Pharmacology","0253-7613","西文","2004-present","ProQuest 【電子期刊】"
"48501","Indian Journal of Physiotherapy and Occupational Therapy","0973-5674","西文","1/1/2013-7/1/2014","ProQuest 【電子期刊】"
"47844","Indian Journal of Plastic Surgery","0970-0358","西文","2004-2018","ProQuest 【電子期刊】"
"48543","Indian Journal of Psychiatry","0019-5545","西文","2008-present","ProQuest 【電子期刊】"
"48092","Indian Journal of Public Health","0019-557X","西文","2011-present","ProQuest 【電子期刊】"
"49002","Indian Journal of Radiology and Imaging, The","0971-3026","西文","1/1/2010-1/1/2021","ProQuest 【電子期刊】"
"33683","Indian Journal of Respiratory Care","2321-4899","西文","2012-present","其它"
"48284","Indian Journal of Sexually Transmitted Diseases and AIDS","1998-3816","西文","2008-present","ProQuest 【電子期刊】"
"48545","Indian Journal of Social Psychiatry","0971-9962","西文","2015-present","ProQuest 【電子期刊】"
"47714","Indian Journal of Stomatology","2229-306X","西文","2011-2019","ProQuest 【電子期刊】"
"47845","Indian Journal of Surgery","0972-2068","西文","2004-2019","ProQuest 【電子期刊】"
"49652","Indian Journal of Surgery","0972-2068","西文","2007-present","Springer 【電子期刊】"
"49653","Indian Journal of Surgical Oncology","0975-7651","西文","2010-present","Springer 【電子期刊】"
"51317","Indian Journal of Surgical Oncology","0975-7651","西文","3/1/2023+","ProQuest 【電子期刊】"
"49654","Indian Journal of Thoracic and Cardiovascular Surgery","0970-9134","西文","2000-present","Springer 【電子期刊】"
"51318","Indian Journal of Thoracic and Cardiovascular Surgery","0970-9134","西文","1/1/2023+","ProQuest 【電子期刊】"
"38635","Indian Journal of Tuberculosis","0019-5707","西文","2015-present","ClinicalKey 【電子期刊&電子書】"
"47878","Indian Journal of Urology","0970-1591","西文","2008-present","ProQuest 【電子期刊】"
"38495","Indian Pacing and Electrophysiology Journal","0972-6292","西文","2014-present","ClinicalKey 【電子期刊&電子書】"
"18689","Indian pediatrics","0019-6061","西文","20071201-","MEDLINE電子期刊"
"49655","Indian Pediatrics","0019-6061","西文","2010-present","Springer 【電子期刊】"
"49003","Indonesian Journal of Gastroenterology, Hepatology, and Digestive Endoscopy, The","1411-4801","西文","4/1/2015-12/1/2019","ProQuest 【電子期刊】"
"49004","Indonesian Journal of Human Nutrition","2442-6636","西文","1/1/2014-1/1/2020","ProQuest 【電子期刊】"
"49005","Indonesian Journal of Public Health, The","1829-7005","西文","1/1/2016+","ProQuest 【電子期刊】"
"49006","Indonesian Journal of Tropical and Infectious Disease","2085-1103","西文","1/1/2010+","ProQuest 【電子期刊】"
"18690","Indoor air","0905-6947","西文","19990301-","MEDLINE電子期刊"
"46994","Industrial & Labor Relations Review","0019-7939","西文","1988-2001","ProQuest 【電子期刊】"
"49007","Industrial Psychiatry Journal","0972-6748","西文","1/1/2008-11/1/2023","ProQuest 【電子期刊】"
"37658","Infants & Young Children","0896-3746","西文","2002.01-present","OVID 【電子期刊】"
"47594","Infectio.ro","1841-348X","西文","2014-2018","ProQuest 【電子期刊】"
"18691","Infection","0300-8126","西文","20000201-","MEDLINE電子期刊"
"45955","Infection","0300-8126","西文","1997-present(已延遲 1 年)","ProQuest 【電子期刊】"
"49656","Infection","0300-8126","西文","1997-present","Springer 【電子期刊】"
"49008","Infection Control and Hospital Epidemiology","0899-823X","西文","1/1/2015+","ProQuest 【電子期刊】"
"49009","Infection Control Today","1522-063X","西文","9/1/2020+","ProQuest 【電子期刊】"
"47667","Infection Ecology & Epidemiology","2000-8686","西文","2013-present","ProQuest 【電子期刊】"
"38759","Infection Prevention in Practice","2590-0889","西文","2019-present","ClinicalKey 【電子期刊&電子書】"
"38102","Infection, Disease & Health","2468-0451","西文","2016.05-present","ClinicalKey 【電子期刊&電子書】"
"37065","Infections Journal","2090-4975","西文","20130901-20140901","Airiti Library 【華藝中文電子期刊】"
"48375","Infectious Agents and Cancer","1750-9378","西文","1/1/2009+","ProQuest 【電子期刊】"
"47668","Infectious Disease Alert","0739-7348","西文","2008-present","ProQuest 【電子期刊】"
"38103","Infectious Disease Clinics of North America","0891-5520","西文","2007/03-present","ClinicalKey 【電子期刊&電子書】"
"47669","Infectious Disease News","1056-9251","西文","2008-present","ProQuest 【電子期刊】"
"49010","Infectious Disease Reports","2036-7430","西文","9/1/2009+","ProQuest 【電子期刊】"
"18692","Infectious diseases","2374-4235","西文","20150101-","MEDLINE電子期刊"
"47670","Infectious Diseases and Therapy","2193-8229","西文","2012-present","ProQuest 【電子期刊】"
"48482","Infectious Diseases in Children","1044-9779","西文","2008-2020","ProQuest 【電子期刊】"
"37659","Infectious Diseases in Clinical Practice","1056-9103","西文","2001.01-present","OVID 【電子期刊】"
"18693","Infectious diseases in obstetrics and gynecology","1064-7449","西文","20030301-","MEDLINE電子期刊"
"37434","Infectious Diseases in Obstetrics and Gynecology","1064-7449","西文","19931201-20161201","Airiti Library 【華藝中文電子期刊】"
"45956","Infectious Diseases in Obstetrics and Gynecology","1064-7449","西文","2003-present","ProQuest 【電子期刊】"
"38651","Infectious Diseases Now","2666-9919","西文","2021-present","ClinicalKey 【電子期刊&電子書】"
"47671","Infectious Diseases of Poverty","2049-9957","西文","2015-present","ProQuest 【電子期刊】"
"37066","Infectious Diseases: Research and Treatment","1178-6337","西文","20111201-20151201","Airiti Library 【華藝中文電子期刊】"
"47672","Infectious Diseases: Research and Treatment","1178-6337","西文","2008-present","ProQuest 【電子期刊】"
"38661","Infectious Medicine","2772-431X","西文","2022-present","ClinicalKey 【電子期刊&電子書】"
"18694","Inflammation","0360-3997","西文","20050201-","MEDLINE電子期刊"
"45957","Inflammation","0360-3997","西文","1999.02-present","ProQuest 【電子期刊】"
"49821","Inflammation and Regeneration","1880-9693","西文","1/1/2016+","ProQuest 【電子期刊】"
"45958","Inflammation Research","1023-3830","西文","1997-present(已延遲 1 年)","ProQuest 【電子期刊】"
"48261","Inflammatory Bowel Disease Monitor","1466-7401","西文","2010-2014","ProQuest 【電子期刊】"
"37660","Inflammatory Bowel Diseases","1078-0998","西文","2005-2017","OVID 【電子期刊】"
"51319","Inflammatory Bowel Diseases","1078-0998","西文","2/1/1996+","ProQuest 【電子期刊】"
"18695","Inflammopharmacology","0925-4692","西文","20040101-20091201","MEDLINE電子期刊"
"51320","Inflammopharmacology","0925-4692","西文","2/1/2019+","ProQuest 【電子期刊】"
"18696","Influenza and other respiratory viruses","1750-2640","西文","20070101-","MEDLINE電子期刊"
"49011","Influenza and Other Respiratory Viruses","1750-2640","西文","1/1/2014+","ProQuest 【電子期刊】"
"37067","Influenza Research and Treatment","2090-1380","西文","20141201-20141201","Airiti Library 【華藝中文電子期刊】"
"49657","Info Diabetologie","1865-5459","西文","2009-present","Springer 【電子期刊】"
"49791","InFo Hämatologie + Onkologie","2662-1754","西文","2009-present","Springer 【電子期刊】"
"49648","InFo Neurologie & Psychiatrie","1437-062X","西文","2012-present","Springer 【電子期刊】"
"47048","Inform","0892-3876","西文","1997-2000","ProQuest 【電子期刊】"
"47686","Informatica Medica Slovenica","1318-2129","西文","2011-present","ProQuest 【電子期刊】"
"18697","Informatics for health & social care","1753-8157","西文","20080301-","MEDLINE電子期刊"
"18698","Informatics in primary care","1476-0320","西文","20030201-20121201","MEDLINE電子期刊"
"18699","Inhalation toxicology","0895-8378","西文","19990101-","MEDLINE電子期刊"
"38104","Injury","0020-1383","西文","2007.01-present","ClinicalKey 【電子期刊&電子書】"
"48440","Injury Epidemiology","2197-1714","西文","2014-present","ProQuest 【電子期刊】"
"38105","Injury Extra","1572-3461","西文","2007-2014","ClinicalKey 【電子期刊&電子書】"
"49012","Injury Prevention","1353-8047","西文","3/1/1995+","ProQuest 【電子期刊】"
"51321","Innovation in Aging","2399-5300","西文","3/1/2017+","ProQuest 【電子期刊】"
"37661","Innovations: Technology & Techniques in Cardiothoracic & Vascular Surgery","1556-9845","西文","2010-2018","OVID 【電子期刊】"
"38804","Innovative Practice in Breast Health","2950-2128","西文","2024-present","ClinicalKey 【電子期刊&電子書】"
"47982","Inpharma Weekly","1173-8324","西文","2008","ProQuest 【電子期刊】"
"45960","Inquiry - Excellus Health Plan","0046-9580","西文","1997-present","ProQuest 【電子期刊】"
"18700","Inquiry: a journal of medical care organization, provision and financing","0046-9580","西文","20070301-20160601","MEDLINE電子期刊"
"49013","InScope","2207-6018","西文","2/1/2009+","ProQuest 【電子期刊】"
"18701","Insect molecular biology","0962-1075","西文","19980201-","MEDLINE電子期刊"
"48546","Inside MS","0739-9774","西文","1998-2007","ProQuest 【電子期刊】"
"49014","Inside Surgery [BLOG]","","西文","5/3/2018-5/3/2018","ProQuest 【電子期刊】"
"49015","Inside TeleHealth","","西文","4/6/2022+","ProQuest 【電子期刊】"
"49016","Inside the Brain [BLOG]","","西文","7/27/2018+","ProQuest 【電子期刊】"
"48093","InsideHealthPolicy.com's Daily Brief","","西文","2013-present","ProQuest 【電子期刊】"
"47254","InsideHealthPolicy.com's Health Exchange Alert","2472-3983","西文","2013-present","ProQuest 【電子期刊】"
"47397","InsideHealthPolicy.com's Inside Health Reform","","西文","2010-present","ProQuest 【電子期刊】"
"47202","InsideOSHAOnline","2164-8115","西文","2011-present","ProQuest 【電子期刊】"
"46969","Insight","2157-037X","西文","2011-2012","ProQuest 【電子期刊】"
"48285","Insights into Imaging","1869-4101","西文","2012-present","ProQuest 【電子期刊】"
"47107","Integrated Environmental Assessment and Management","1551-3777","西文","2005-2009","ProQuest 【電子期刊】"
"49017","Integrated Healthcare Journal","2399-5351","西文","10/1/2019-2/1/2023","ProQuest 【電子期刊】"
"47416","Integrative Journal of Medical Sciences","2336-0313","西文","2014-present","ProQuest 【電子期刊】"
"46790","Integrative Medicine","1546-993X","西文","2011-present","ProQuest 【電子期刊】"
"47398","Integrative Medicine Alert","2325-2812","西文","2008-2021","ProQuest 【電子期刊】"
"37068","Integrative Medicine Insights","1177-3936","西文","20111201-20151201","Airiti Library 【華藝中文電子期刊】"
"46791","Integrative Medicine Insights","1177-3936","西文","2006-2017","ProQuest 【電子期刊】"
"18702","Integrative physiological and behavioral science: the official journal of the Pavlovian Society","1053-881X","西文","19940101-20051001","MEDLINE電子期刊"
"18703","Integrative psychological & behavioral science","1932-4502","西文","20070301-","MEDLINE電子期刊"
"48547","Integrative Psychological & Behavioral Science","1932-4502","西文","2000-2001","ProQuest 【電子期刊】"
"49018","Integrative Respiratory Medicine","2740-4277","西文","1/1/2020-1/1/2020","ProQuest 【電子期刊】"
"45961","Intellectual and Developmental Disabilities","1934-9491","西文","2010-present","ProQuest 【電子期刊】"
"38611","Intelligence-Based Medicine","2666-5212","西文","2020-present","ClinicalKey 【電子期刊&電子書】"
"38662","Intelligent Medicine","2667-1026","西文","2021-present","ClinicalKey 【電子期刊&電子書】"
"47400","Intensiv - und Notfallbehandlung","0947-5362","西文","2016-present","ProQuest 【電子期刊】"
"45962","Intensive & Critical Care Nursing","0964-3397","西文","2003.02-present","ProQuest 【電子期刊】"
"18704","Intensive care medicine","0342-4642","西文","20000101-","MEDLINE電子期刊"
"45963","Intensive Care Medicine","0342-4642","西文","1997-present(已延遲 1 年)","ProQuest 【電子期刊】"
"49658","Intensive Care Medicine","0342-4642","西文","1997-present","Springer 【電子期刊】"
"38106","Intensive Care Medicine (Medicina Intensiva, English Edition)","2173-5727","西文","2011/01-present","ClinicalKey 【電子期刊&電子書】"
"47401","Intensive Care Medicine Experimental","2197-425X","西文","2013-present","ProQuest 【電子期刊】"
"51322","Intensive Care Research","2666-9862","西文","3/1/2023+","ProQuest 【電子期刊】"
"47076","Interchange","0826-4805","西文","2013-present","ProQuest 【電子期刊】"
"51323","Interdisciplinary Cardiovascular and Thoracic Surgery","2753-670X","西文","1/1/2022+","ProQuest 【電子期刊】"
"49019","Interdisciplinary Medicine","2832-6245","西文","1/1/2023+","ProQuest 【電子期刊】"
"38107","Interdisciplinary Neurosurgery","2214-7519","西文","2014/03-present","ClinicalKey 【電子期刊&電子書】"
"37069","Interdisciplinary Perspectives on Infectious Diseases","1687-708X","西文","20141201-20141201","Airiti Library 【華藝中文電子期刊】"
"49020","Interdisciplinary Sciences, Computational Life Sciences","1913-2751","西文","3/1/2009-1/1/2019","ProQuest 【電子期刊】"
"48094","Interdisciplinary Toxicology","1337-6853","西文","2008-2019","ProQuest 【電子期刊】"
"47159","Interior Design","0020-5508","西文","1996-2000","ProQuest 【電子期刊】"
"47153","Interiors","0164-8470","西文","1992-2001","ProQuest 【電子期刊】"
"45965","Internal and Emergency Medicine","1828-0447","西文","2006-present(已延遲 1 年)","ProQuest 【電子期刊】"
"49659","Internal and Emergency Medicine","1828-0447","西文","2006-present","Springer 【電子期刊】"
"47403","Internal Medicine Alert","0195-315X","西文","2008-present","ProQuest 【電子期刊】"
"37662","International Anesthesiology Clinics","0020-5907","西文","Winter 2000-present","OVID 【電子期刊】"
"45966","International Angiology","0392-9590","西文","1998.09-2010.06","ProQuest 【電子期刊】"
"18705","International archives of allergy and immunology","1018-2438","西文","19980101-","MEDLINE電子期刊"
"45967","International Archives of Allergy and Immunology","1018-2438","西文","1998-2015","ProQuest 【電子期刊】"
"18706","International archives of occupational and environmental health","0340-0131","西文","20000101-","MEDLINE電子期刊"
"45968","International Archives of Occupational and Environmental Health","0340-0131","西文","2003-present (已延遲 1 年)","ProQuest 【電子期刊】"
"49021","International Biomechanics","2333-5432","西文","12/1/2014+","ProQuest 【電子期刊】"
"51324","International Braz J Urol","1677-5538","西文","1/1/2025+","ProQuest 【電子期刊】"
"48333","International Breastfeeding Journal","1746-4358","西文","1/1/2009+","ProQuest 【電子期刊】"
"49022","International Cancer Conference Journal","2192-3183","西文","3/1/2012+","ProQuest 【電子期刊】"
"47404","International Clinical Neuroscience Journal","2383-1871","西文","2014-2020","ProQuest 【電子期刊】"
"37663","International Clinical Psychopharmacology","0268-1315","西文","2001.01-present","OVID 【電子期刊】"
"47405","International Dental & Medical Journal of Advanced Research","2455-2577","西文","2015-2020","ProQuest 【電子期刊】"
"38729","International Dental Journal","0020-6539","西文","2010-present","ClinicalKey 【電子期刊&電子書】"
"20618","International Endodontic Journal","1365-2591","西文","1997-present","Wiley Online Library(電子期刊)"
"27372","International Endodontic Journal","1365-2591","西文","1997.01-2026.12","彰秀單本期刊"
"18707","International family planning perspectives","0190-3187","西文","20030301-20081201","MEDLINE電子期刊"
"37419","International Healthcare Research Journal","2456-8090","西文","20170401-20171001","Airiti Library 【華藝中文電子期刊】"
"48303","International History of Nursing Journal","1360-1105","西文","1998-2003","ProQuest 【電子期刊】"
"49023","International Journal Bioautomation","1314-1902","西文","1/1/2004+","ProQuest 【電子期刊】"
"45969","International Journal for Equity in Health","1475-9276","西文","2009-present","ProQuest 【電子期刊】"
"47040","International Journal of Emergency Services","2047-0894","西文","2012-present(已延遲 1 年)","ProQuest 【電子期刊】"
"45970","International Journal of Adolescent Medicine and Health; Berlin","0334-0139","西文","2013-2023","ProQuest 【電子期刊】"
"37070","International Journal of Advance in Medical Science","2327-7629","西文","20130201-20150501","Airiti Library 【華藝中文電子期刊】"
"37071","International Journal of Advanced Multidisciplinary Research and Review","","西文","20130101-20150601","Airiti Library 【華藝中文電子期刊】"
"51325","International Journal of Advances in Nursing Management","2347-8632","西文","6/30/2018+","ProQuest 【電子期刊】"
"47813","International Journal of Advances in Rheumatology","1478-856X","西文","2011","ProQuest 【電子期刊】"
"18708","International journal of aging & human development","0091-4150","西文","20030601-20160601","MEDLINE電子期刊"
"37383","International Journal of Agricultural Science and Technology","2327-7645","西文","20130201-20150801","Airiti Library 【華藝中文電子期刊】"
"37352","International Journal of Agricultural Sciences","2167-0447","西文","20111201-20170601","Airiti Library 【華藝中文電子期刊】"
"37355","International Journal of Agronomy","1687-8159","西文","20091201-20171201","Airiti Library 【華藝中文電子期刊】"
"48548","International Journal of Alzheimer's Disease","2090-8024","西文","2012-present","ProQuest 【電子期刊】"
"37073","International Journal of Alzheimer?s Disease","0000-0005","西文","20141201-20141201","Airiti Library 【華藝中文電子期刊】"
"18709","International journal of andrology","0105-6263","西文","19980201-20121201","MEDLINE電子期刊"
"37074","International Journal of Anesthesiology & Research (IJAR)","2332-2780","西文","20130801-20151001","Airiti Library 【華藝中文電子期刊】"
"35975","International Journal of Animal and Veterinary Advances","2041-2908","西文","20090701-20100705","Airiti Library 【華藝中文電子期刊】"
"38108","International Journal of Antimicrobial Agents","0924-8579","西文","2007/01-present","ClinicalKey 【電子期刊&電子書】"
"49822","International Journal of Applied and Basic Medical Research","2229-516X","西文","7/1/2011-1/1/2024","ProQuest 【電子期刊】"
"49024","International Journal of Applied Exercise Physiology","2322-3537","西文","1/1/2016-1/1/2021","ProQuest 【電子期刊】"
"49025","International Journal of Arrhythmia","2466-0981","西文","1/1/2019+","ProQuest 【電子期刊】"
"18710","International journal of audiology","1499-2027","西文","20020101-","MEDLINE電子期刊"
"18711","International journal of behavioral medicine","1070-5503","西文","20020301-","MEDLINE電子期刊"
"45971","International Journal of Behavioral Medicine","1070-5503","西文","2010.03-present(已延遲 1 年)","ProQuest 【電子期刊】"
"49660","International Journal of Behavioral Medicine","1070-5503","西文","1997-present","Springer 【電子期刊】"
"45972","International Journal of Behavioral Nutrition and Physical Activity","1479-5868","西文","2009-present","ProQuest 【電子期刊】"
"49026","International Journal of Big Data and Analytics in Healthcare","2379-738X","西文","1/1/2017+","ProQuest 【電子期刊】"
"37418","International Journal of BioAnalytical Methods & BioEquivalence Studies (IJBMBS)","2470-4490","西文","20141001-20171207","Airiti Library 【華藝中文電子期刊】"
"37076","International Journal of Biomaterials","1687-8787","西文","20141201-20141201","Airiti Library 【華藝中文電子期刊】"
"37077","International Journal of Biomedical Imaging","1687-4188","西文","20141201-20141201","Airiti Library 【華藝中文電子期刊】"
"47406","International Journal of Biomedical Imaging","1687-4188","西文","2008-present","ProQuest 【電子期刊】"
"45973","International Journal of Biometeorology","0020-7128","西文","2003.03-present (已延遲 1 年)","ProQuest 【電子期刊】"
"37365","International Journal of Bioorganic Chemistry & Molecular Biology (IJBCMB)","2332-2756","西文","20151001-20151001","Airiti Library 【華藝中文電子期刊】"
"46792","International Journal of Biosciences, Alternative and Holistic Medicine","0976-1802","西文","2010-2017","ProQuest 【電子期刊】"
"46821","International Journal of Biostatistics, The","2194-573X","西文","2012-2017","ProQuest 【電子期刊】"
"37078","International Journal of Blood transfusion and Immunohematology (IJBTI)","2230-9020","西文","20110101-20150101","Airiti Library 【華藝中文電子期刊】"
"37079","International Journal of Breast Cancer","2090-3170","西文","20141201-20141201","Airiti Library 【華藝中文電子期刊】"
"49027","International Journal of Breast Cancer","2090-3170","西文","1/1/2014+","ProQuest 【電子期刊】"
"6582","International Journal of Cancer","0020-7136","西文","1996-present","Wiley Online Library(電子期刊)"
"48376","International Journal of Cancer Research and Prevention","2373-616X","西文","2011-2017","ProQuest 【電子期刊】"
"37080","International Journal of Cancer Studies & Research (IJCR)","2167-9118","西文","20121001-20151001","Airiti Library 【華藝中文電子期刊】"
"37081","International Journal of Carbohydrate Chemistry","1687-9341","西文","20141201-20141201","Airiti Library 【華藝中文電子期刊】"
"46848","International Journal of Carbohydrate Chemistry","1687-9341","西文","2009-2016","ProQuest 【電子期刊】"
"38109","International Journal of Cardiology","0167-5273","西文","2007-present","ClinicalKey 【電子期刊&電子書】"
"38636","International Journal of Cardiology Cardiovascular Risk and Prevention","2772-4875","西文","2021-present","ClinicalKey 【電子期刊&電子書】"
"38567","International Journal of Cardiology Congenital Heart Disease","2666-6685","西文","2020-present","ClinicalKey 【電子期刊&電子書】"
"38568","International Journal of Cardiology Hypertension","2590-0862","西文","2019-present","ClinicalKey 【電子期刊&電子書】"
"51729","International Journal of Cardiology Innovations","3051-4452","西文","2026-present","ClinicalKey 【電子期刊&電子書】"
"45974","International Journal of Cardiovascular Imaging, The","1569-5794","西文","1999.02-present","ProQuest 【電子期刊】"
"47407","International Journal of Care Coordination","2053-4345","西文","2003-2005","ProQuest 【電子期刊】"
"47408","International Journal of Caring Sciences","1791-5201","西文","2008-present","ProQuest 【電子期刊】"
"37082","International Journal of Case Reports and Images (IJCRI)","0976-3198","西文","20100901-20181101","Airiti Library 【華藝中文電子期刊】"
"37083","International Journal of Cell Biology","1687-8876","西文","20141201-20141201","Airiti Library 【華藝中文電子期刊】"
"47027","International Journal of Chemical Modeling","1941-3955","西文","2011-present","ProQuest 【電子期刊】"
"48483","International Journal of Child and Adolescent Health","1939-5930","西文","1/1/2011+","ProQuest 【電子期刊】"
"48484","International Journal of Child Health and Human Development","1939-5965","西文","1/1/2011+","ProQuest 【電子期刊】"
"48334","International Journal of Childbirth Education","0887-8625","西文","2/28/1990-10/1/2016","ProQuest 【電子期刊】"
"51326","International Journal of Chronic Obstructive Pulmonary Disease","1176-9106","西文","1/1/2006+","ProQuest 【電子期刊】"
"18712","International journal of circumpolar health","1239-9736","西文","20070901-","MEDLINE電子期刊"
"45975","International Journal of Circumpolar Health","1239-9736","西文","2010.01-2011.10.20","ProQuest 【電子期刊】"
"45976","International Journal of Circumpolar Health (Online)","2242-3982","西文","2012.01-present","ProQuest 【電子期刊】"
"37084","International Journal of Clinical & Medical Allergy (IJCMA)","2332-2799","西文","20130901-20150701","Airiti Library 【華藝中文電子期刊】"
"38730","International Journal of Clinical and Health Psychology","1697-2600","西文","2013-present","ClinicalKey 【電子期刊&電子書】"
"51766","International Journal of Clinical and Health Psychology","2174-0852","西文","2013.01-present","Open Access"
"47409","International Journal of Clinical Case Reports","1927-579X","西文","2012-2018","ProQuest 【電子期刊】"
"47715","International Journal of Clinical Dental Science","2229-7790","西文","2010-2018","ProQuest 【電子期刊】"
"49028","International Journal of Clinical Dentistry","1939-5833","西文","1/1/2019-1/1/2022","ProQuest 【電子期刊】"
"37085","International Journal of Clinical Dermatology & Research (IJCDR)","2332-2977","西文","20130901-20150601","Airiti Library 【華藝中文電子期刊】"
"18713","International journal of clinical oncology","1341-9625","西文","20030201-","MEDLINE電子期刊"
"45977","International Journal of Clinical Oncology","1341-9625","西文","1997.03-present(已延遲 1 年)","ProQuest 【電子期刊】"
"49661","International Journal of Clinical Oncology","1341-9625","西文","1997-present","Springer 【電子期刊】"
"37086","International Journal of Clinical Pharmacology & Toxicology (IJCPT)","2167-910X","西文","20121001-20151101","Airiti Library 【華藝中文電子期刊】"
"18714","International journal of clinical pharmacology and therapeutics","0946-1965","西文","20050101-20141001","MEDLINE電子期刊"
"47108","International Journal of Clinical Pharmacology and Therapeutics","0946-1965","西文","2016-present(已延遲 1 年)","ProQuest 【電子期刊】"
"45978","International Journal of Clinical Pharmacy","2210-7703","西文","1999.02-present(已延遲 1 年)","ProQuest 【電子期刊】"
"51327","International Journal of Clinical Practice","1368-5031","西文","10/1/2012+","ProQuest 【電子期刊】"
"18715","International journal of clinical practice. Supplement","1368-504X","西文","20040701-","MEDLINE電子期刊"
"47410","International Journal of Clinical Reviews","2044-3323","西文","2010-2012","ProQuest 【電子期刊】"
"47814","International Journal of Clinical Rheumatology","1758-4272","西文","2006-2015","ProQuest 【電子期刊】"
"37088","International Journal of Clinical Therapeutics and Diagnosis (IJCTD)","2332-2926","西文","20130601-20150901","Airiti Library 【華藝中文電子期刊】"
"49029","International Journal of Clinical Transfusion Medicine","2253-3249","西文","1/1/2013-1/1/2021","ProQuest 【電子期刊】"
"47411","International Journal of Collaborative Research on Internal Medicine & Public Health","1840-4529","西文","2009-present","ProQuest 【電子期刊】"
"18716","International journal of colorectal disease","0179-1958","西文","20000101-","MEDLINE電子期刊"
"45979","International Journal of Colorectal Disease","0179-1958","西文","1997-2018","ProQuest 【電子期刊】"
"49663","International Journal of Computer Assisted Radiology and Surgery","1861-6410","西文","2007-present","Springer 【電子期刊】"
"51328","International Journal of Computer Assisted Radiology and Surgery","1861-6410","西文","1/1/2023+","ProQuest 【電子期刊】"
"47716","International Journal of Contemporary Dental & Medical Reviews","2394-7136","西文","2014-2018","ProQuest 【電子期刊】"
"47717","International Journal of Contemporary Dentistry","2229-3493","西文","2010-present","ProQuest 【電子期刊】"
"47412","International Journal of Contemporary Medicine","2320-9623","西文","2013-2014","ProQuest 【電子期刊】"
"47846","International Journal of Contemporary Surgery","2320-9615","西文","2013-2014","ProQuest 【電子期刊】"
"37374","International Journal of Dairy Science & Processing (IJDSP)","2379-1578","西文","20140901-20150901","Airiti Library 【華藝中文電子期刊】"
"49030","International Journal of Dental and Medical Specialty","2350-0921","西文","7/1/2014-1/1/2022","ProQuest 【電子期刊】"
"47718","International Journal of Dental Health Concerns","2455-2542","西文","2015-2016","ProQuest 【電子期刊】"
"37089","International Journal of Dentistry","1687-8728","西文","20141201-20141201","Airiti Library 【華藝中文電子期刊】"
"47719","International Journal of Dentistry","1687-8728","西文","2009-present","ProQuest 【電子期刊】"
"37090","International Journal of Dentistry and Oral Science (IJDOS)","2377-8075","西文","20141001-20151101","Airiti Library 【華藝中文電子期刊】"
"47795","International Journal of Diabetes in Developing Countries","0973-3930","西文","2008-2014","ProQuest 【電子期刊】"
"37091","International Journal of Diabetology & Vascular Disease Research (IJDVR)","2328-353X","西文","20130301-20180101","Airiti Library 【華藝中文電子期刊】"
"47142","International Journal of Disability Management Research","1833-8550","西文","2010-present","ProQuest 【電子期刊】"
"38110","International Journal of Drug Policy","0955-3959","西文","2007/01-present","ClinicalKey 【電子期刊&電子書】"
"37092","International Journal of Drug Regulatory Affairs","2321-7162","西文","20130601-20140601","Airiti Library 【華藝中文電子期刊】"
"49031","International Journal of E-Health and Medical Communications","1947-315X","西文","1/1/2010+","ProQuest 【電子期刊】"
"37359","International Journal of Ecology","1687-9708","西文","20091201-20161201","Airiti Library 【華藝中文電子期刊】"
"47077","International Journal of Education & Literacy Studies","2202-9478","西文","2013-present","ProQuest 【電子期刊】"
"45980","International Journal of Emergency Medicine (Online)","1865-1380","西文","2011.01-present","ProQuest 【電子期刊】"
"48441","International Journal of Emergency Medicine(2008-2010)","1865-1380","西文","2008-2010","ProQuest 【電子期刊】"
"47078","International Journal of Emotional Education","2073-7629","西文","2013-present","ProQuest 【電子期刊】"
"49032","International Journal of Endocrine Oncology","2045-0869","西文","3/1/2017-6/1/2020","ProQuest 【電子期刊】"
"37093","International Journal of Endocrinology","1687-8337","西文","20091201-20151201","Airiti Library 【華藝中文電子期刊】"
"49033","International Journal of Endocrinology","","西文","1/1/2013+","ProQuest 【電子期刊】"
"18717","International journal of environmental health research","0960-3123","西文","20010301-","MEDLINE電子期刊"
"18718","International journal of environmental research and public health","1661-7827","西文","20081201-","MEDLINE電子期刊"
"45981","International Journal of Environmental Research and Public Health","1661-7827","西文","2009-present","ProQuest 【電子期刊】"
"37664","International Journal of Evidence-Based Healthcare","1744-1609","西文","2014-2022","OVID 【電子期刊】"
"37368","International Journal of Evolutionary Biology","2090-052X","西文","20091201-20161201","Airiti Library 【華藝中文電子期刊】"
"18719","International journal of experimental diabetes research","1560-4284","西文","20020101-20021201","MEDLINE電子期刊"
"18720","International journal of experimental pathology","0959-9673","西文","19980201-","MEDLINE電子期刊"
"49034","International Journal of Extreme Automation and Connectivity in Healthcare","2577-4794","西文","1/1/2019+","ProQuest 【電子期刊】"
"37094","International Journal of Family Medicine","2090-2042","西文","20141201-20141201","Airiti Library 【華藝中文電子期刊】"
"48335","International Journal of Fertility & Sterility","2008-076X","西文","2/1/2010+","ProQuest 【電子期刊】"
"47116","International Journal of Food Safety, Nutrition, Public Health and Technology","0975-8712","西文","2009-present","ProQuest 【電子期刊】"
"37095","International Journal of Food Science, Nutrition and Dietetics (IJFS)","2326-3350","西文","20121201-20160201","Airiti Library 【華藝中文電子期刊】"
"18721","International journal of food sciences and nutrition","0963-7486","西文","19960701-","MEDLINE電子期刊"
"45982","International Journal of Food Sciences and Nutrition; Basingstoke","0963-7486","西文","1996-2000","ProQuest 【電子期刊】"
"45983","International Journal of Food, Nutrition and Public Health","2042-5988","西文","2010-present","ProQuest 【電子期刊】"
"37096","International Journal of Forensic Science & Pathology (IJFP)","2332-287X","西文","20130801-20150901","Airiti Library 【華藝中文電子期刊】"
"37362","International Journal of Forestry Research","1687-9368","西文","20091201-20171201","Airiti Library 【華藝中文電子期刊】"
"49035","International Journal of General Medicine","1178-7074","西文","1/1/2008+","ProQuest 【電子期刊】"
"37386","International Journal of Genetics and Gene Therapy(IJGGT)","2319-4243","西文","20110101-20120101","Airiti Library 【華藝中文電子期刊】"
"46822","International Journal of Genomics","2314-436X","西文","2008-present","ProQuest 【電子期刊】"
"6583","International Journal of Geriatric Psychiatry","0885-6230","西文","1996-present","Wiley Online Library(電子期刊)"
"37411","International Journal of Gerontology","1873-9598","西文","20190301-20230701","Airiti Library 【華藝中文電子期刊】"
"49036","International Journal of Golf Science","2168-7595","西文","1/1/2020+","ProQuest 【電子期刊】"
"45984","International Journal of Group Psychotherapy","0020-7284","西文","1998.07-present","ProQuest 【電子期刊】"
"33671","International Journal of Gynecological Cancer","","","","其它"
"37665","International Journal of Gynecological Cancer","1048-891X","西文","2010-2018","OVID 【電子期刊】"
"49037","International Journal of Gynecological Cancer","1048-891X","西文","2/1/1991-12/1/2024","ProQuest 【電子期刊】"
"37666","International Journal of Gynecological Pathology","0277-1691","西文","2000.01-present","OVID 【電子期刊】"
"37422","International Journal of Head and Neck Science","2663-8835","西文","20170301-20221201","Airiti Library 【華藝中文電子期刊】"
"18722","International journal of health care finance and economics","1389-6563","西文","20040301-20141201","MEDLINE電子期刊"
"45986","International Journal of Health Care Quality Assurance","0952-6862","西文","1992-present","ProQuest 【電子期刊】"
"18723","International journal of health economics and management","2199-9023","西文","20150301-","MEDLINE電子期刊"
"45987","International Journal of Health Economics and Management","2199-9023","西文","2001- present (delay 1 年)","ProQuest 【電子期刊】"
"49664","International Journal of Health Economics and Management","2199-9023","西文","2001.03-present","Springer 【電子期刊】"
"18724","International journal of health geographics","","西文","20030101-","MEDLINE電子期刊"
"45988","International Journal of Health Geographics","1476-072X","西文","2009-present","ProQuest 【電子期刊】"
"47413","International Journal of Health Governance","2059-4631","西文","1997-present(已延遲 1 年)","ProQuest 【電子期刊】"
"49038","International Journal of Health Systems and Translational Medicine","2691-9176","西文","1/1/2021+","ProQuest 【電子期刊】"
"49039","International Journal of Health, Wellness and Society, The","2156-8960","西文","1/1/2011+","ProQuest 【電子期刊】"
"49040","International Journal of Hematologic Oncology","2045-1393","西文","3/1/2018-12/1/2020","ProQuest 【電子期刊】"
"45989","International Journal of Hematology","0925-5710","西文","2001.02-present","ProQuest 【電子期刊】"
"49665","International Journal of Hematology","0925-5710","西文","2001-present","Springer 【電子期刊】"
"37097","International Journal of Hepatobiliary and Pancreatic Diseases(IJHPD)","2230-9012","西文","20110101-20151201","Airiti Library 【華藝中文電子期刊】"
"37098","International Journal of Hepatology","2090-3448","西文","20141201-20141201","Airiti Library 【華藝中文電子期刊】"
"49041","International Journal of Hepatology","2090-3448","西文","1/1/2013+","ProQuest 【電子期刊】"
"48043","International Journal of Hispanic Psychology","1939-5841","西文","2011-2013","ProQuest 【電子期刊】"
"37099","International Journal of HIV/AIDS and Research (IJHR)","2379-1586","西文","20140801-20150501","Airiti Library 【華藝中文電子期刊】"
"48018","International Journal of Human Rights in Healthcare","2056-4902","西文","2008-present(已延遲 1 年)","ProQuest 【電子期刊】"
"37100","International Journal of Hypertension","2090-0392","西文","20141201-20141201","Airiti Library 【華藝中文電子期刊】"
"18726","International journal of hyperthermia: the official journal of European Society for Hyperthermic Oncology, North American Hyperthermia Group","0265-6736","西文","19990101-","MEDLINE電子期刊"
"18727","International journal of immunogenetics","1744-3121","西文","20050201-","MEDLINE電子期刊"
"49042","International Journal of Immunopathology and Pharmacology","0394-6320","西文","3/1/2016+","ProQuest 【電子期刊】"
"49043","International Journal of Implant Dentistry","2198-4034","西文","2/1/2015+","ProQuest 【電子期刊】"
"18728","International journal of impotence research","0955-9930","西文","19970301-20151101","MEDLINE電子期刊"
"45990","International Journal of Impotence Research","0955-9930","西文","2000.02-present(已延遲 1 年)","ProQuest 【電子期刊】"
"38114","International Journal of Infectious Diseases","1201-9712","西文","2007/01-present","ClinicalKey 【電子期刊&電子書】"
"45991","International Journal of Infectious Diseases; IJID","1201-9712","西文","1998-2001","ProQuest 【電子期刊】"
"37101","International Journal of Inflammation","2042-0099","西文","20141201-20141201","Airiti Library 【華藝中文電子期刊】"
"49044","International Journal of Inflammation","2090-8040","西文","1/1/2013+","ProQuest 【電子期刊】"
"37400","International Journal of Innovative Application on Social Science and Engineering Technology","2709-0175","西文","20220601-present","Airiti Library 【華藝中文電子期刊】"
"37102","International Journal of Insect Science","1179-5433","西文","20111201-20141201","Airiti Library 【華藝中文電子期刊】"
"47098","International Journal of Instructional Media","0092-1815","西文","1997-2005","ProQuest 【電子期刊】"
"49045","International Journal of Integrated Care","1568-4156","西文","1/1/2000+","ProQuest 【電子期刊】"
"49046","International Journal of Interferon, Cytokine and Mediator Research","1179-139X","西文","1/1/2009-1/1/2016","ProQuest 【電子期刊】"
"51329","International Journal of Kinesiology & Sports Science","2202-946X","西文","1/1/2013+","ProQuest 【電子期刊】"
"18729","International journal of laboratory hematology","1751-5521","西文","20070201-","MEDLINE電子期刊"
"45992","International Journal of Legal Medicine","0937-9827","西文","1997-present(已延遲 1 年)","ProQuest 【電子期刊】"
"49666","International Journal of Legal Medicine","0937-9827","西文","1997-present","Springer 【電子期刊】"
"45993","International Journal of Leprosy and Other Mycobacterial Diseases","0148-916X","西文","1996.06-2005.12","ProQuest 【電子期刊】"
"49047","International Journal of Medical and Biological Frontiers","1081-3829","西文","1/1/2011-1/1/2017","ProQuest 【電子期刊】"
"47414","International Journal of Medical and Dental Case Reports","2394-7152","西文","2014-2021","ProQuest 【電子期刊】"
"49048","International Journal of Medical Biochemistry","2587-2362","西文","1/1/2021+","ProQuest 【電子期刊】"
"37364","International Journal of Medical Biology","2314-4440","西文","20140901-20151101","Airiti Library 【華藝中文電子期刊】"
"37103","International Journal of Medical Biotechnology & Genetics (IJMBG)","2379-1020","西文","20141001-20150401","Airiti Library 【華藝中文電子期刊】"
"47720","International Journal of Medical Dentistry","2066-6063","西文","2012-present","ProQuest 【電子期刊】"
"45994","International Journal of Medical Education","2042-6372","西文","2010 - present","ProQuest 【電子期刊】"
"38115","International Journal of Medical Informatics","1386-5056","西文","2007/01-present","ClinicalKey 【電子期刊&電子書】"
"38116","International Journal of Medical Microbiology","1438-4221","西文","2007/02-present","ClinicalKey 【電子期刊&電子書】"
"45995","International Journal of Medical Microbiology","1438-4221","西文","2002.02-2005.03","ProQuest 【電子期刊】"
"49049","International Journal of Medical Sciences","1449-1907","西文","1/1/2019+","ProQuest 【電子期刊】"
"47415","International Journal of Medical Sciences and Technology","0974-5343","西文","2011-2021","ProQuest 【電子期刊】"
"37105","International Journal of Medicinal Chemistry","2090-2069","西文","20141201-20141201","Airiti Library 【華藝中文電子期刊】"
"49050","International Journal of Mental Health and Addiction","1557-1874","西文","1/1/2006+","ProQuest 【電子期刊】"
"49667","International Journal of Mental Health and Addiction","1557-1874","西文","2006-present","Springer 【電子期刊】"
"48549","International Journal of Mental Health Systems","1752-4458","西文","1/1/2009+","ProQuest 【電子期刊】"
"18730","International journal of methods in psychiatric research","1049-8931","西文","20030301-","MEDLINE電子期刊"
"37106","International Journal of Microbiology","1687-918X","西文","20141201-20141201","Airiti Library 【華藝中文電子期刊】"
"46941","International Journal of Microbiology","1687-918X","西文","2009-present","ProQuest 【電子期刊】"
"37107","International Journal of Microbiology & Advanced Immunology (IJMAI)","2329-9967","西文","20130401-20150901","Airiti Library 【華藝中文電子期刊】"
"48163","International Journal of Migration, Health, and Social Care","1747-9894","西文","2006-present(已延遲 1 年)","ProQuest 【電子期刊】"
"47417","International Journal of Molecular and Cellular Medicine","2251-9637","西文","2015-2019","ProQuest 【電子期刊】"
"48619","International Journal of Molecular Imaging","2090-1712","西文","1/1/2011-1/1/2017","ProQuest 【電子期刊】"
"46951","International Journal of Molecular Medical Science","1927-6656","西文","2012-2016","ProQuest 【電子期刊】"
"47418","International Journal of Molecular Medicine","1107-3756","西文","2012-present","ProQuest 【電子期刊】"
"46849","International Journal of Molecular Sciences","1422-0067","西文","2000-present","ProQuest 【電子期刊】"
"49051","International Journal of Nanomedicine","1176-9114","西文","1/1/2006+","ProQuest 【電子期刊】"
"49052","International Journal of Neonatal Screening","2409-515X","西文","1/1/2020+","ProQuest 【電子期刊】"
"37108","International Journal of Nephrology","2090-2158","西文","20141201-20141201","Airiti Library 【華藝中文電子期刊】"
"47879","International Journal of Nephrology","2090-214X","西文","2012-present","ProQuest 【電子期刊】"
"49053","International Journal of Nephrology and Renovascular Disease","1178-7058","西文","1/1/2008+","ProQuest 【電子期刊】"
"45996","International Journal of Neuropsychopharmacology, The","1461-1457","西文","2001-2014","ProQuest 【電子期刊】"
"47079","International Journal of Nursing Education Scholarship","2194-5772","西文","2012-2020","ProQuest 【電子期刊】"
"45997","International Journal of Nursing Knowledge","2047-3087","西文","1998-2010.10","ProQuest 【電子期刊】"
"45998","International Journal of Obesity","0307-0565","西文","2000-present(已延遲 1 年)","ProQuest 【電子期刊】"
"18731","International journal of obesity and related metabolic disorders: journal of the International Association for the Study of Obesity","","西文","19970101-20041201","MEDLINE電子期刊"
"47905","International Journal of Obesity Supplements","2046-2166","西文","2011-2020","ProQuest 【電子期刊】"
"18732","International journal of obesity: journal of the International Association for the Study of Obesity","0307-0565","西文","20050101-20151101","MEDLINE電子期刊"
"38117","International Journal of Obstetric Anaesthesia","0959-289X","西文","2007/01-present","ClinicalKey 【電子期刊&電子書】"
"18733","International journal of occupational medicine and environmental health","1232-1087","西文","20020101-","MEDLINE電子期刊"
"45999","International Journal of Occupational Medicine and Environmental Health","1232-1087","西文","2006-present","ProQuest 【電子期刊】"
"48377","International Journal of Oncology","1019-6439","西文","1/1/2012+","ProQuest 【電子期刊】"
"37109","International Journal of Ophthalmology & Eye Science (IJOES)","2332-290X","西文","20130901-20151001","Airiti Library 【華藝中文電子期刊】"
"9022","International Journal of Oral & Maxillofacial Implants (需帳密,請見簡介)","0882-2786","西文","1986.1-2025.12","彰秀單本期刊"
"38118","International Journal of Oral & Maxillofacial Surgery","0901-5027","西文","2007/01-present","ClinicalKey 【電子期刊&電子書】"
"47721","International Journal of Oral Science","1674-2818","西文","2009-present","ProQuest 【電子期刊】"
"47847","International Journal of Organ Transplantation Medicine","2008-6482","西文","2012-present","ProQuest 【電子期刊】"
"49054","International Journal of Orofacial Myology, The","0735-0120","西文","1/1/2003+","ProQuest 【電子期刊】"
"38119","International Journal of Osteopathic Medicine","1746-0689","西文","2007/03-present","ClinicalKey 【電子期刊&電子書】"
"37110","International Journal of Otolaryngology","1687-9201","西文","20141201-20141201","Airiti Library 【華藝中文電子期刊】"
"47796","International journal of pediatric endocrinology.","1687-9848","西文","2015-2020","ProQuest 【電子期刊】"
"38120","International Journal of Pediatric Otorhinolaryngology","0165-5876","西文","2007/01-present","ClinicalKey 【電子期刊&電子書】"
"37112","International Journal of Pediatrics","1687-9740","西文","20141201-20141201","Airiti Library 【華藝中文電子期刊】"
"38541","International Journal of Pediatrics and Adolescent Medicine","2352-6467","西文","2014-present","ClinicalKey 【電子期刊&電子書】"
"46850","International Journal of Peptide Research and Therapeutics","1573-3149","西文","2005-present(已延遲 1 年)","ProQuest 【電子期刊】"
"37113","International Journal of Peptides","1687-9767","西文","20141201-20141201","Airiti Library 【華藝中文電子期刊】"
"46851","International Journal of Peptides","1687-9767","西文","2009-2017","ProQuest 【電子期刊】"
"9023","International Journal of Periodontics Resorative Dentistry (需帳密,請見簡介)","0198-7569","西文","2000.1-2025.12","彰秀單本期刊"
"49055","International Journal of Person Centered Medicine","2043-7730","西文","4/1/2011+","ProQuest 【電子期刊】"
"47950","International Journal of Pharmaceutical Compounding","1092-4221","西文","2003-2010","ProQuest 【電子期刊】"
"49056","International Journal of Pharmacokinetics","2053-0846","西文","1/1/2017-12/1/2018","ProQuest 【電子期刊】"
"46955","International Journal of Physiology","2320-6039","西文","2013-2014","ProQuest 【電子期刊】"
"18734","International journal of phytoremediation","1522-6514","西文","20030301-","MEDLINE電子期刊"
"47109","International Journal of Phytoremediation","1522-6514","西文","2003-2007","ProQuest 【電子期刊】"
"37361","International Journal of Plant Genomics","1687-5370","西文","20071201-20171201","Airiti Library 【華藝中文電子期刊】"
"46921","International Journal of Plant Genomics","1687-5370","西文","2008-2017","ProQuest 【電子期刊】"
"49057","International Journal of Practical Healthcare Innovation and Management Techniques","2771-3687","西文","1/1/2022+","ProQuest 【電子期刊】"
"48095","International Journal of Preventive Medicine","2008-7802","西文","2010-present","ProQuest 【電子期刊】"
"46000","International Journal of Prisoner Health","1744-9200","西文","2005-present(已延遲 1 年)","ProQuest 【電子期刊】"
"46942","International Journal of Probiotics & Prebiotics","1555-1431","西文","2010-2016","ProQuest 【電子期刊】"
"37114","International Journal of Proteomics","2090-2116","西文","20141201-20141201","Airiti Library 【華藝中文電子期刊】"
"46002","International Journal of Psychiatry in Medicine","0091-2174","西文","1999-2008.07","ProQuest 【電子期刊】"
"46003","International Journal of Psychoanalysis","0020-7578","西文","2006-2020","ProQuest 【電子期刊】"
"48550","International Journal of Psychotherapy","1356-9082","西文","1997-2000","ProQuest 【電子期刊】"
"49058","International Journal of Public and Private Perspectives on Healthcare, Culture, and the Environment","2471-1047","西文","1/1/2011-1/1/2015","ProQuest 【電子期刊】"
"46004","International Journal of Public Health","1661-8564","西文","1997-2018","ProQuest 【電子期刊】"
"46005","International Journal of Qualitative Studies on Health and Well-Being; Jarfalla","1748-2631","西文","2013-present","ProQuest 【電子期刊】"
"18735","International journal of radiation biology","0955-3002","西文","19970501-","MEDLINE電子期刊"
"38121","International Journal of Radiation Oncology, Biology, Physics","0360-3016","西文","2007-present","ClinicalKey 【電子期刊&電子書】"
"48620","International Journal of Radiation Research","2322-3243","西文","2009-present","ProQuest 【電子期刊】"
"37667","International Journal of Rehabilitation Research","0342-5282","西文","2001.03-present","OVID 【電子期刊】"
"49059","International Journal of Reliable and Quality E - Healthcare","2160-9551","西文","1/1/2012+","ProQuest 【電子期刊】"
"37115","International Journal of Reproduction, Fertility & Sexual Health (IJRFSH)","2377-1887","西文","20140401-20150301","Airiti Library 【華藝中文電子期刊】"
"48336","International Journal of Reproductive BioMedicine","1680-6433","西文","7/1/2007+","ProQuest 【電子期刊】"
"48410","International Journal of Retina and Vitreous","2056-9920","西文","2015-present","ProQuest 【電子期刊】"
"37116","International Journal of Rheumatology","1687-9260","西文","20141201-20141201","Airiti Library 【華藝中文電子期刊】"
"47815","International Journal of Rheumatology","1687-9260","西文","2009-present","ProQuest 【電子期刊】"
"47848","International Journal of Shoulder Surgery","0973-6042","西文","2008-2016","ProQuest 【電子期刊】"
"37117","International Journal of Speech & Language Pathology and Audiology","","西文","20131130-20140327","Airiti Library 【華藝中文電子期刊】"
"20130","International Journal of Speech-Language Pathologyn(南醫2025年起停訂)","1754-9507","英文","1968-present","南醫單本訂購期刊"
"47829","International Journal of Sports Sciences and Fitness","2231-1599","西文","2011-present","ProQuest 【電子期刊】"
"46006","International Journal of STD & AIDS","0956-4624","西文","1998-2006.09","ProQuest 【電子期刊】"
"37375","International Journal of Stem Cell Research and Transplantation (IJST)","2328-3548","西文","20130301-20150801","Airiti Library 【華藝中文電子期刊】"
"47722","International Journal of Stomatology & Occlusion Medicine","1867-2221","西文","2008-2016","ProQuest 【電子期刊】"
"38122","International Journal of Surgery","1743-9191","西文","2007/02-present","ClinicalKey 【電子期刊&電子書】"
"37118","International Journal of Surgery and Research (IJSR)","2379-156X","西文","20140901-20150601","Airiti Library 【華藝中文電子期刊】"
"38123","International Journal of Surgery Case Reports","2210-2612","西文","2010/01-present","ClinicalKey 【電子期刊&電子書】"
"38124","International Journal of Surgery Open","2405-8572","西文","2015.01-present","ClinicalKey 【電子期刊&電子書】"
"38496","International Journal of Surgery Protocols","2468-3574","西文","2016-present","ClinicalKey 【電子期刊&電子書】"
"37119","International Journal of Surgical Oncology","2090-1402","西文","20141201-20141201","Airiti Library 【華藝中文電子期刊】"
"49060","International Journal of Surgical Oncology","2090-1402","西文","1/1/2013+","ProQuest 【電子期刊】"
"18737","International journal of surgical pathology","1066-8969","西文","20010101-","MEDLINE電子期刊"
"46007","International Journal of Surgical Pathology","1066-8969","西文","1998.10-2005.01","ProQuest 【電子期刊】"
"46008","International Journal of Technology Assessment in Health Care","0266-4623","西文","2001-present(已延遲 1 年)","ProQuest 【電子期刊】"
"37120","International Journal of Telemedicine and Applications","1687-6415","西文","20141201-20141201","Airiti Library 【華藝中文電子期刊】"
"47687","International Journal of Telemedicine and Applications","1687-6415","西文","2008-present","ProQuest 【電子期刊】"
"48502","International Journal of Telerehabilitation","1945-2020","西文","2012-present","ProQuest 【電子期刊】"
"48503","International Journal of Therapies and Rehabilitation Research","2278-0343","西文","1/1/2012+","ProQuest 【電子期刊】"
"18738","International journal of toxicology","1091-5818","西文","20010101-20081201","MEDLINE電子期刊"
"37121","International Journal of Translation & Community Medicine (IJTCM)","2333-8385","西文","20131101-20151001","Airiti Library 【華藝中文電子期刊】"
"48241","International Journal of Trichology","0974-7753","西文","2012-2017","ProQuest 【電子期刊】"
"37122","International Journal of Tryptophan Research","1178-6469","西文","20111201-20151201","Airiti Library 【華藝中文電子期刊】"
"47419","International Journal of Tryptophan Research","1178-6469","西文","2008-present","ProQuest 【電子期刊】"
"18739","International journal of urology: official journal of the Japanese Urological Association","0919-8172","西文","19990201-","MEDLINE電子期刊"
"37123","International Journal of Vascular Medicine","2090-2824","西文","20141201-20141201","Airiti Library 【華藝中文電子期刊】"
"49061","International Journal of Vascular Medicine","2090-2824","西文","1/1/2013+","ProQuest 【電子期刊】"
"37522","International Journal of Veterinary Health Science & Research (IJVHSR)","2332-2748","西文","20130801-20150501","Airiti Library 【華藝中文電子期刊】"
"37124","International Journal of Virology Studies & Research (IJVSR)","2330-0027","西文","20141101-20150401","Airiti Library 【華藝中文電子期刊】"
"49062","International Journal of Yoga","0973-6131","西文","1/1/2008-5/1/2023","ProQuest 【電子期刊】"
"37366","International Journal of Zoology","1687-8477","西文","20091201-20171201","Airiti Library 【華藝中文電子期刊】"
"46922","International Journal on Disability and Human Development","2191-1231","西文","2013-2017","ProQuest 【電子期刊】"
"46995","International Labour Review","0020-7780","西文","1987-2015","ProQuest 【電子期刊】"
"49063","International Maritime Health","1641-9251","西文","1/1/2010+","ProQuest 【電子期刊】"
"49064","International Medical Case Reports Journal","1179-142X","西文","1/1/2008+","ProQuest 【電子期刊】"
"46009","International Ophthalmology","0165-5701","西文","1997-present(已延遲 1 年)","ProQuest 【電子期刊】"
"49668","International Ophthalmology","0165-5701","西文","1997-present","Springer 【電子期刊】"
"37668","International Ophthalmology Clinics","0020-8167","西文","Spring 2000 - present","OVID 【電子期刊】"
"49669","International Orthopaedics","0341-2695","西文","1997-present","Springer 【電子期刊】"
"51330","International Orthopaedics","0341-2695","西文","1/1/2023+","ProQuest 【電子期刊】"
"46010","International Perspectives on Sexual and Reproductive Health","1944-0391","西文","1998-2020","ProQuest 【電子期刊】"
"47256","International Phonetic Association. Journal of the International Phonetic Association","0025-1003","西文","2001-present(已延遲 1 年)","ProQuest 【電子期刊】"
"46011","International Psychogeriatrics","1041-6102","西文","1990-present (已延遲 1 年)","ProQuest 【電子期刊】"
"49495","International Psychogeriatrics","1041-6102","西文","2015-present","ClinicalKey 【電子期刊&電子書】"
"18740","International review of psychiatry","0954-0261","西文","20030201-","MEDLINE電子期刊"
"46013","International Review of Psychiatry; Abingdon","0954-0261","西文","1997 - 2000","ProQuest 【電子期刊】"
"18741","International reviews of immunology","0883-0185","西文","20020101-","MEDLINE電子期刊"
"51331","International Scientific Journal of Sport Sciences","2277-2804","西文","12/1/2012-6/1/2013","ProQuest 【電子期刊】"
"48378","International Seminars in Surgical Oncology","1477-7800","西文","1/1/2009-1/1/2009","ProQuest 【電子期刊】"
"46014","International Urogynecology Journal","0937-3462","西文","1997-present(已延遲 1 年)","ProQuest 【電子期刊】"
"49670","International Urogynecology Journal","0937-3462","西文","1997-present","Springer 【電子期刊】"
"46015","International Urology and Nephrology","0301-1623","西文","1999-present(已延遲 1 年)","ProQuest 【電子期刊】"
"49671","International Urology and Nephrology","0301-1623","西文","1997-present","Springer 【電子期刊】"
"49065","International Wound Journal","1742-4801","西文","2/1/2021+","ProQuest 【電子期刊】"
"47420","Interventional Cardiology","1755-5302","西文","2009-2015","ProQuest 【電子期刊】"
"38126","Interventional Cardiology Clinics","2211-7458","西文","2012/01-present","ClinicalKey 【電子期刊&電子書】"
"38663","Interventional Pain Medicine","2772-5944","西文","2022-present","ClinicalKey 【電子期刊&電子書】"
"18742","Intervirology","0300-5526","西文","20050101-20111201","MEDLINE電子期刊"
"46016","Intervirology","0300-5526","西文","1995-2015","ProQuest 【電子期刊】"
"38785","Intestinal Failure","2950-4562","西文","2024-present","ClinicalKey 【電子期刊&電子書】"
"46017","Invertebrate Neuroscience","1354-2516","西文","1997-2020","ProQuest 【電子期刊】"
"46018","Investigación y Educación en Enfermería; Medellín","0120-5307","西文","2012 - present","ProQuest 【電子期刊】"
"18743","Investigational new drugs","0167-6997","西文","20050101-","MEDLINE電子期刊"
"46019","Investigational New Drugs","0167-6997","西文","1997-present(已延遲 1 年)","ProQuest 【電子期刊】"
"49672","Investigational New Drugs","0167-6997","西文","1997-present","Springer 【電子期刊】"
"37670","Investigative Radiology","0020-9996","西文","1996.01-present","OVID 【電子期刊】"
"46020","Iranian Biomedical Journal","1028-852X","西文","2009-present","ProQuest 【電子期刊】"
"47421","Iranian Journal of Basic Medical Sciences","2008-3866","西文","2008-present","ProQuest 【電子期刊】"
"46021","Iranian Journal of Allergy, Asthma and Immunology","1735-1502","西文","2009.03-present","ProQuest 【電子期刊】"
"48096","Iranian Journal of Environmental Health Science & Engineering","1735-1979","西文","2010-2014","ProQuest 【電子期刊】"
"46022","Iranian Journal of Immunology","1735-1383","西文","2008.03-present","ProQuest 【電子期刊】"
"46023","Iranian Journal of Kidney Diseases","1735-8582","西文","2007-present","ProQuest 【電子期刊】"
"47422","Iranian Journal of Medical Sciences","0253-0716","西文","2010-present","ProQuest 【電子期刊】"
"48621","Iranian Journal of Nuclear Medicine","1681-2824","西文","1/1/2009+","ProQuest 【電子期刊】"
"47673","Iranian Journal of Parasitology","1735-7020","西文","2010-present","ProQuest 【電子期刊】"
"48485","Iranian Journal of Pediatrics","2008-2142","西文","2010-2020","ProQuest 【電子期刊】"
"48551","Iranian Journal of Psychiatry","1735-4587","西文","1/1/2009+","ProQuest 【電子期刊】"
"48097","Iranian Journal of Public Health","2251-6085","西文","2010-present","ProQuest 【電子期刊】"
"48622","Iranian Journal of Radiology","1735-1065","西文","2009-2019","ProQuest 【電子期刊】"
"47423","Iranian Red Crescent Medical Journal","2074-1804","西文","2010-2020","ProQuest 【電子期刊】"
"48098","IRB Advisor","1535-2064","西文","2008-2021","ProQuest 【電子期刊】"
"38097","IRBM","1959-0318","西文","2008/03-present","ClinicalKey 【電子期刊&電子書】"
"49673","Irish Journal of Medical Science","0021-1265","西文","1997-present","Springer 【電子期刊】"
"51332","Irish Journal of Medical Science","0021-1265","西文","2/1/2023+","ProQuest 【電子期刊】"
"49067","Irish Journal of Psychological Medicine","0790-9667","西文","3/1/2013+","ProQuest 【電子期刊】"
"47424","Irish Medical Times","0047-147X","西文","2006-present","ProQuest 【電子期刊】"
"48197","Irish Veterinary Journal","2046-0481","西文","2015-present","ProQuest 【電子期刊】"
"45941","ISME Journal, The","1751-7362","西文","2007-present (已延遲 1 年)","ProQuest 【電子期刊】"
"48099","Israel Journal of Health Policy Research","2045-4015","西文","2015-present","ProQuest 【電子期刊】"
"46024","Israel Journal of Psychiatry","0333-7308","西文","1998-2022","ProQuest 【電子期刊】"
"35972","ISRN Allergy","2090-5521","西文","20030301-20111201","Airiti Library 【華藝中文電子期刊】"
"35973","ISRN Anesthesiology","2090-5548","西文","20111201-20111201","Airiti Library 【華藝中文電子期刊】"
"47723","ISRN Dentistry","2090-4371","西文","2011-2014","ProQuest 【電子期刊】"
"18744","Issues in law & medicine","8756-8160","西文","19900301-","MEDLINE電子期刊"
"46025","Issues in Law & Medicine","8756-8160","西文","1999-2019","ProQuest 【電子期刊】"
"48136","Issues in Science and Technology","0748-5492","西文","1994-present","ProQuest 【電子期刊】"
"49069","Istanbul Medical Journal = Istanbul Tip Dergisi","1304-8503","西文","1/1/2019+","ProQuest 【電子期刊】"
"47425","IT Health Care Strategist","1520-8591","西文","1999-2002","ProQuest 【電子期刊】"
"46026","Italian Journal of Anatomy and Embryology","1122-6714","西文","2010.01-present","ProQuest 【電子期刊】"
"46027","Italian Journal of Pediatrics","1824-7288","西文","2009-present","ProQuest 【電子期刊】"
"18948","The Indian journal of medical research","0971-5916","西文","20080201-","MEDLINE電子期刊"
"49771","The International Journal of Cardiovascular Imaging","1569-5794","西文","1997-present","Springer 【電子期刊】"
"18872","The International journal of clinical and experimental hypnosis","0020-7144","西文","20030701-","MEDLINE電子期刊"
"18940","The International journal of developmental biology","0214-6282","西文","20060101-20160101","MEDLINE電子期刊"
"19133","The International journal of eating disorders","0276-3478","西文","19930101-","MEDLINE電子期刊"
"19070","The International journal of neuroscience","0020-7454","西文","19970101-","MEDLINE電子期刊"
"9043","The International Journal of Oral & Maxillofacial Implants(南醫2021年起停訂)","0882-2786","西文","","南醫單本訂購期刊"
"9044","The International Journal of Periodontics & Restorative Dentistry(南醫2021年起停訂)","0198-7569","西文","","南醫單本訂購期刊"
"19185","The Israel journal of psychiatry and related sciences","0333-7308","西文","20090301-","MEDLINE電子期刊"
"49808","Die junge Zahnmedizin","2731-9016","西文","2010-present","Springer 【電子期刊】"
"49070","JA Clinical Reports","2363-9024","西文","12/1/2015+","ProQuest 【電子期刊】"
"38699","JAACAP Open","2949-7329","西文","2023-present","ClinicalKey 【電子期刊&電子書】"
"38569","JAAD Case Reports","2352-5126","西文","2015-present","ClinicalKey 【電子期刊&電子書】"
"38570","JAAD International","2666-3287","西文","2020-present","ClinicalKey 【電子期刊&電子書】"
"38789","JAAD Reviews","2950-1989","西文","2024-present","ClinicalKey 【電子期刊&電子書】"
"51333","JAC-Antimicrobial Resistance","2632-1823","西文","6/1/2019+","ProQuest 【電子期刊】"
"38127","JACC :Journal of the American College of Cardiology","0735-1097","西文","2007-present","ClinicalKey 【電子期刊&電子書】"
"38571","JACC Case Reports","2666-0849","西文","2019-present","ClinicalKey 【電子期刊&電子書】"
"38664","JACC: Advances","2772-963X","西文","2022-present","ClinicalKey 【電子期刊&電子書】"
"38612","JACC: Asia","2772-3747","西文","2021-present","ClinicalKey 【電子期刊&電子書】"
"38511","JACC: Basic to Translational Science","2452-302X","西文","2016.01-present","ClinicalKey 【電子期刊&電子書】"
"38572","JACC: CardioOncology","2666-0873","西文","2019-present","ClinicalKey 【電子期刊&電子書】"
"38128","JACC: Cardiovascular Imaging","1936-878X","西文","2008/01-present","ClinicalKey 【電子期刊&電子書】"
"38129","JACC: Cardiovascular Interventions","1936-8798","西文","2008/02-present","ClinicalKey 【電子期刊&電子書】"
"38130","JACC: Clinical Electrophysiology","2405-500X","西文","2015.03-present","ClinicalKey 【電子期刊&電子書】"
"38131","JACC: Heart Failure","2213-1779","西文","2013/02-present","ClinicalKey 【電子期刊&電子書】"
"8727","JACC:Journal of the American College of Cardiology","0735-1097","西文","1983-present","ScienceDirect(SDOL)"
"49499","JACEP Open","2688-1152","西文","2020-present","ClinicalKey 【電子期刊&電子書】"
"38652","JADA Foundational Science","2772-414X","西文","2022-present","ClinicalKey 【電子期刊&電子書】"
"37671","JAIDS Journal of Acquired Immune Deficiency Syndromes","1525-4135","西文","1999.05 -present","OVID 【電子期刊】"
"27988","JAMA","1538-3598","西文","1883-present訂購年份:2024-2026(三院共享)","彰濱單本期刊"
"27994","JAMA","1538-3598","西文","1883-present訂購年份:2025(三院共享)","南醫單本訂購期刊"
"6657","JAMA : The Journal of the American Medical Association","0098-7484","西文","1999.01-2026.12","彰秀單本期刊"
"27991","JAMA Cardiology","2380-6591","西文","2016-present訂購年份:2024-2026(三院共享)","彰濱單本期刊"
"27997","JAMA Cardiology","2380-6591","西文","2016-present訂購年份:2025(三院共享)","南醫單本訂購期刊"
"33412","JAMA Cardiology","2380-6591","西文","2016.04-2026.12","彰秀單本期刊"
"49071","JAMA Health Forum","2689-0186","西文","1/1/2020+","ProQuest 【電子期刊】"
"49072","JAMA Network Open","2574-3805","西文","1/1/2018+","ProQuest 【電子期刊】"
"20012","JAMA Ophthalmology","2168-6173","西文","2022.01-2026.12","彰秀單本期刊"
"27989","JAMA Ophthalmology","2168-6173","西文","1929-present訂購年份:2024-2026(三院共享)","彰濱單本期刊"
"27995","JAMA Ophthalmology","2168-6173","西文","1929-present訂購年份:2025(三院共享)","南醫單本訂購期刊"
"6658","JAMA Pediatrics","1072-4710","西文","1999.01-2026.12","彰秀單本期刊"
"27990","JAMA Pediatrics","2168-6211","西文","1911-present訂購年份:2024-2026(三院共享)","彰濱單本期刊"
"27996","JAMA Pediatrics","2168-6211","西文","1911-present訂購年份:2025(三院共享)","南醫單本訂購期刊"
"9040","JAMA: The Journal of the American Medical Association(南醫停訂，彰秀有，免費註冊個人帳密可看全文)","0098-7484","西文","","南醫單本訂購期刊"
"51334","JAMIA Open","2574-2531","西文","7/1/2018+","ProQuest 【電子期刊】"
"51734","JAND Global Reports","3050-7189","西文","2025-present","ClinicalKey 【電子期刊&電子書】"
"47028","JAOCS, Journal of the American Oil Chemists' Society","0003-021X","西文","2004-2017","ProQuest 【電子期刊】"
"37125","Japanese Clinical Medicine","1179-6707","西文","20111201-20151201","Airiti Library 【華藝中文電子期刊】"
"47426","Japanese Clinical Medicine","1179-6707","西文","2010-2018","ProQuest 【電子期刊】"
"46029","Japanese Journal of Ophthalmology","0021-5155","西文","2004-2019","ProQuest 【電子期刊】"
"49674","Japanese Journal of Ophthalmology","0021-5155","西文","2004-present","Springer 【電子期刊】"
"46030","Japanese Journal of Radiology","1867-1071","西文","2006-present(已延遲 1 年)","ProQuest 【電子期刊】"
"49675","Japanese Journal of Radiology","1867-1071","西文","2006-present","Springer 【電子期刊】"
"38750","JAPhA Pharmacotherapy","2949-9623","西文","2024-present","ClinicalKey 【電子期刊&電子書】"
"49501","JAPhA Practice Innovations","2949-9690","西文","2024-present","ClinicalKey 【電子期刊&電子書】"
"49073","JAREM. Journal of Academic Research in Medicine","2146-6505","西文","9/1/2011+","ProQuest 【電子期刊】"
"37832","JBI Database of Systematic Reviews and Implementation Reports","2202-4433","西文","2012-2019","OVID 【電子期刊】"
"8684","JBJS Case Connector","2160-3251","西文","2011-present訂購年份:2016-2026","彰濱單本期刊"
"37813","JBJS Case Connector","0973-7141","西文","2011-present","OVID 【電子期刊】"
"8685","JBJS Essential Surgical Techniques","2160-2204","西文","2011-present訂購年份:2016-2026","彰濱單本期刊"
"37814","JBJS Essential Surgical Techniques","0973-7142","西文","2011-present","OVID 【電子期刊】"
"37834","JBJS Journal of Orthopaedics for Physician Assistants","2470-1122","西文","2013-present","OVID 【電子期刊】"
"8686","JBJS Reviews","2329-9185","西文","2013-present訂購年份:2016-2026","彰濱單本期刊"
"37815","JBJS Reviews","0973-7140","西文","2013-present","OVID 【電子期刊】"
"10721","JBJS The Journal of Bone & Joint Surgery","1535-1386","西文","2006-present訂購年份:2016-2026","彰濱單本期刊"
"37833","JBJS:Journal of Bone & Joint Surgery (American Volume)","0021-9355","西文","1993.01-present","OVID 【電子期刊】"
"49074","JBMR Plus","2473-4039","西文","8/1/2017+","ProQuest 【電子期刊】"
"46943","JBRA Assisted Reproduction","1517-5693","西文","2014-present","ProQuest 【電子期刊】"
"38802","JCA Advances","2950-5534","西文","2024-present","ClinicalKey 【電子期刊&電子書】"
"51335","JCEM Case Reports","2755-1520","西文","1/1/2023+","ProQuest 【電子期刊】"
"51336","JCI Insight","2379-3708","西文","1/1/2020+","ProQuest 【電子期刊】"
"37672","JCR: Journal of Clinical Rheumatology","1076-1608","西文","1998.02-present","OVID 【電子期刊】"
"51337","JCSM Communications","2996-1394","西文","7/1/2021-7/1/2023","ProQuest 【電子期刊】"
"49077","JEADV Clinical Practice","2768-6566","西文","3/1/2022+","ProQuest 【電子期刊】"
"51338","JEADV Clinical Practice","2768-6566","西文","3/1/2022+","ProQuest 【電子期刊】"
"51732","JEM International","3051-3227","西文","2026-present","ClinicalKey 【電子期刊&電子書】"
"38712","JEM Reports","2773-2320","","2023-present","ClinicalKey 【電子期刊&電子書】"
"38683","JFO Open Ophthalmology","2949-8899","西文","2023-present","ClinicalKey 【電子期刊&電子書】"
"49078","JGH Open","2397-9070","西文","9/1/2017+","ProQuest 【電子期刊】"
"38731","JHEP Reports","2589-5559","西文","2019-present","ClinicalKey 【電子期刊&電子書】"
"38732","JHLT Open","2950-1334","西文","2023-present","ClinicalKey 【電子期刊&電子書】"
"49079","JIMD Reports","2192-8312","西文","3/1/2019+","ProQuest 【電子期刊】"
"47427","JK Science","0972-1177","西文","2009-present","ProQuest 【電子期刊】"
"49080","JMIR Aging","2561-7605","西文","1/1/2018+","ProQuest 【電子期刊】"
"49081","JMIR Biomedical Engineering","2561-3278","西文","1/1/2016+","ProQuest 【電子期刊】"
"49082","JMIR Cancer","2369-1999","西文","1/1/2015+","ProQuest 【電子期刊】"
"49083","JMIR Cardio","2561-1011","西文","1/1/2017+","ProQuest 【電子期刊】"
"49084","JMIR Dermatology","2562-0959","西文","1/1/2018+","ProQuest 【電子期刊】"
"49085","JMIR Diabetes","2371-4379","西文","1/1/2016+","ProQuest 【電子期刊】"
"49086","JMIR Formative Research","2561-326X","西文","1/1/2017+","ProQuest 【電子期刊】"
"49087","JMIR Human Factors","2292-9495","西文","1/1/2014+","ProQuest 【電子期刊】"
"51339","JMIR Infodemiology","2564-1891","西文","1/1/2021+","ProQuest 【電子期刊】"
"49088","JMIR Medical Education","2369-3762","西文","1/1/2015+","ProQuest 【電子期刊】"
"49089","JMIR Medical Informatics","2291-9694","西文","1/1/2013+","ProQuest 【電子期刊】"
"49090","JMIR Mental Health","2368-7959","西文","7/1/2014+","ProQuest 【電子期刊】"
"49091","JMIR mHealth and uHealth","2291-5222","西文","1/1/2013+","ProQuest 【電子期刊】"
"49092","JMIR Pediatrics and Parenting","2561-6722","西文","1/1/2018+","ProQuest 【電子期刊】"
"49093","JMIR Perioperative Medicine","2561-9128","西文","1/1/2018+","ProQuest 【電子期刊】"
"49094","JMIR Public Health and Surveillance","2369-2960","西文","1/1/2015+","ProQuest 【電子期刊】"
"49095","JMIR Research Protocols","1929-0748","西文","1/1/2012+","ProQuest 【電子期刊】"
"49096","JMIR Serious Games","2291-9279","西文","1/1/2013+","ProQuest 【電子期刊】"
"51340","JNCI Cancer Spectrum","2515-5091","西文","9/1/2017+","ProQuest 【電子期刊】"
"18745","JNMA; journal of the Nepal Medical Association","0028-2715","西文","20050101-","MEDLINE電子期刊"
"51341","Jo'jig Gonghag gwa Jaesaeng Uihag","1738-2696","西文","2/1/2023+","ProQuest 【電子期刊】"
"47999","Joe Weider's Muscle & Fitness","0744-5105","西文","1995-2018","ProQuest 【電子期刊】"
"38132","Joint Bone Spine","1297-319X","西文","2007/01-present","ClinicalKey 【電子期刊&電子書】"
"38540","Joint Commission Journal on Quality and Patient Safety, The","1553-7250","西文","2014-present","ClinicalKey 【電子期刊&電子書】"
"37711","JONA: Journal of Nursing Administration","0002-0443","西文","1996.01-present","OVID 【電子期刊】"
"18746","JOP: Journal of the pancreas","","西文","20070101-20140701","MEDLINE電子期刊"
"49097","JOR Spine","2572-1143","西文","3/1/2018+","ProQuest 【電子期刊】"
"51342","Jornal de Pediatria","0021-7557","西文","1/1/2025+","ProQuest 【電子期刊】"
"38676","JOS Case Reports","2772-9648","西文","2022-present","ClinicalKey 【電子期刊&電子書】"
"48262","Journal Africain d'Hepato-Gastroenterologie","1954-3204","西文","1/1/2017+","ProQuest 【電子期刊】"
"47428","Journal de Gestion et d'Économie Médicales","2262-5305","西文","2010-2017","ProQuest 【電子期刊】"
"18747","Journal der Deutschen Dermatologischen Gesellschaft = Journal of the German Society of Dermatology: JDDG","1610-0379","西文","20030101-","MEDLINE電子期刊"
"37819","Journal For Healthcare Quality","1062-2551","西文","2009.01-present","OVID 【電子期刊】"
"18748","Journal for healthcare quality: official publication of the National Association for Healthcare Quality","1062-2551","西文","20070901-20141201","MEDLINE電子期刊"
"48379","Journal for Immunotherapy of Cancer","2051-1426","西文","2013-present","ProQuest 【電子期刊】"
"38641","Journal for Nurse Practitioners","1555-4155","西文","2007-present","ClinicalKey 【電子期刊&電子書】"
"46032","Journal for Nurse Practitioners, The","1555-4155","西文","2005.07-present","ProQuest 【電子期刊】"
"37674","Journal for Nurses in Professional Development","2169-9798","西文","2013.01-present","OVID 【電子期刊】"
"46033","Journal for Specialists in Pediatric Nursing","1539-0136","西文","1998-2010.07","ProQuest 【電子期刊】"
"47987","Journal International de Bioe´thique et d'Éthique des Sciences","2555-5111","西文","2010-2017","ProQuest 【電子期刊】"
"46031","Journal International de Bioéthique et d'Éthique des Sciences","1145-0762","西文","2010-2017","ProQuest 【電子期刊】"
"49098","Journal of 3D Printing in Medicine","2059-4755","西文","1/1/2018-9/1/2020","ProQuest 【電子期刊】"
"38133","Journal of AAPOS","1091-8531","西文","2007/02-present","ClinicalKey 【電子期刊&電子書】"
"18749","Journal of abnormal child psychology","0091-0627","西文","20040201-","MEDLINE電子期刊"
"47849","Journal of Accident & Emergency Medicine","1351-0622","西文","1994-2000","ProQuest 【電子期刊】"
"49099","Journal of Activity, Sedentary and Sleep Behaviors","2731-4391","西文","12/1/2022+","ProQuest 【電子期刊】"
"49100","Journal of Acupuncture and Tuina Science","1672-3597","西文","2/1/2003+","ProQuest 【電子期刊】"
"49801","Journal of Acupuncture and Tuina Science","1672-3597","西文","2003-present","Springer 【電子期刊】"
"37675","Journal of Acute Care Physical Therapy","2158-8686","西文","Fall 2010-present","OVID 【電子期刊】"
"37423","Journal of Acute Medicine","2211-5587","西文","20170301-20230901","Airiti Library 【華藝中文電子期刊】"
"37676","Journal of Addiction Medicine","1932-0620","西文","2007.03-present","OVID 【電子期刊】"
"37677","Journal of Addictions Nursing","1088-4602","西文","1989-present","OVID 【電子期刊】"
"38135","Journal of Adolescence","0140-1971","西文","2007/02-present","ClinicalKey 【電子期刊&電子書】"
"48100","Journal of Adolescent and Family Health","","西文","2009-2020","ProQuest 【電子期刊】"
"38136","Journal of Adolescent Health","1054-139X","西文","2007/01-present","ClinicalKey 【電子期刊&電子書】"
"47221","Journal of Adult Protection, The","1466-8203","西文","2003-present(已延遲 1 年)","ProQuest 【電子期刊】"
"47429","Journal of Advanced Clinical and Research Insights","2393-8625","西文","2014-present","ProQuest 【電子期刊】"
"47724","Journal of Advanced Medical and Dental Sciences Research","2321-9599","西文","2015-present","ProQuest 【電子期刊】"
"49101","Journal of Advanced Pharmaceutical Technology and Research","2231-4040","西文","1/1/2010-10/1/2023","ProQuest 【電子期刊】"
"46037","Journal of Aerosol Medicine and Pulmonary Drug Delivery","1941-2711","西文","2000-2018","ProQuest 【電子期刊】"
"38137","Journal of Affective Disorders","0165-0327","西文","2007-present","ClinicalKey 【電子期刊&電子書】"
"38613","Journal of Affective Disorders Reports","2666-9153","西文","2020-present","ClinicalKey 【電子期刊&電子書】"
"37126","Journal of Aging Research","2090-2212","西文","20141201-20141201","Airiti Library 【華藝中文電子期刊】"
"51072","Journal of Aging Research & Lifestyle, The","2534-773X","西文","2020-present","ClinicalKey 【電子期刊&電子書】"
"38138","Journal of Aging Studies","0890-4065","西文","2007/01-present","ClinicalKey 【電子期刊&電子書】"
"37360","Journal of Agriculture and Sustainability","2201-4357","西文","20121201-20181201","Airiti Library 【華藝中文電子期刊】"
"18750","Journal of agromedicine","1059-924X","西文","20030601-","MEDLINE電子期刊"
"51344","Journal of AHIMA","1060-5487","西文","1/1/2008-5/1/2020","ProQuest 【電子期刊】"
"51345","Journal of AHIMA (Online)","","西文","9/21/2021+","ProQuest 【電子期刊】"
"37127","Journal of Allergy","1687-9783","西文","20141201-20141201","Airiti Library 【華藝中文電子期刊】"
"38139","Journal of Allergy and Clinical Immunology, The","0091-6749","西文","2007/01-present","ClinicalKey 【電子期刊&電子書】"
"38733","Journal of Allergy and Clinical Immunology: Global","2772-8293","西文","2022-present","ClinicalKey 【電子期刊&電子書】"
"38140","Journal of Allergy and Clinical Immunology: In Practice","2213-2198","西文","2013/01-present","ClinicalKey 【電子期刊&電子書】"
"38786","Journal of Allergy and Hypersensitivity Diseases","2950-3124","西文","2024-present","ClinicalKey 【電子期刊&電子書】"
"46040","Journal of Allied Health","0090-7421","西文","2003.04-present","ProQuest 【電子期刊】"
"18751","Journal of Alzheimer's disease: JAD","1387-2877","西文","20020201-20111201","MEDLINE電子期刊"
"37678","Journal of Ambulatory Care Management","0148-9917","西文","1999.01-present","OVID 【電子期刊】"
"46041","Journal of American College Health","0744-8481","西文","1997.03-2010.11","ProQuest 【電子期刊】"
"18752","Journal of American college health: J of ACH","0744-8481","西文","19940101-","MEDLINE電子期刊"
"8672","Journal of American Geriatrics Society","1532-5415","西文","1953-present","Wiley Online Library(電子期刊)"
"47148","Journal of American Insurance","0021-874X","西文","1988-1990","ProQuest 【電子期刊】"
"37128","Journal of Amino Acids","2090-0112","西文","20141201-20141201","Airiti Library 【華藝中文電子期刊】"
"18753","Journal of anesthesia","0913-8668","西文","20030201-","MEDLINE電子期刊"
"49676","Journal of Anesthesia","0913-8668","西文","1997-present","Springer 【電子期刊】"
"51346","Journal of Anesthesia","0913-8668","西文","2/1/2023+","ProQuest 【電子期刊】"
"47602","Journal of Anesthesia and Perioperative Medicine (JAPM)","2306-773X","西文","2014-2019","ProQuest 【電子期刊】"
"38141","Journal of Anesthesia History","2352-4529","西文","2015-present","ClinicalKey 【電子期刊&電子書】"
"49102","Journal of Anesthesia, Analgesia and Critical Care","2731-3786","西文","12/1/2021+","ProQuest 【電子期刊】"
"46042","Journal of Animal Science","0021-8812","西文","1997-2021","ProQuest 【電子期刊】"
"46823","Journal of Antibiotics","0021-8820","西文","2005-present(已延遲 1 年)","ProQuest 【電子期刊】"
"38142","Journal of Anxiety Disorders","0887-6185","西文","2007/01-present","ClinicalKey 【電子期刊&電子書】"
"18754","Journal of AOAC International","1060-3271","西文","20070101-","MEDLINE電子期刊"
"49103","Journal of Appalachian Health","2641-7804","西文","1/1/2019+","ProQuest 【電子期刊】"
"49104","Journal of Applied Animal Nutrition","2049-257X","西文","1/1/2016-1/1/2019","ProQuest 【電子期刊】"
"46043","Journal of Applied Behavior Analysis","0021-8855","西文","2005-2015","ProQuest 【電子期刊】"
"48044","Journal of Applied Behavioral Science, The","0021-8863","西文","1995-2007","ProQuest 【電子期刊】"
"49105","Journal of Applied Clinical Medical Physics","1526-9914","西文","3/1/2000+","ProQuest 【電子期刊】"
"51347","Journal of Applied Cosmetology","0392-8543","西文","1/1/2013+","ProQuest 【電子期刊】"
"51348","Journal of Applied Sports Sciences","2534-9597","西文","7/1/2022+","ProQuest 【電子期刊】"
"49106","Journal of Arrhythmia","1880-4276","西文","8/1/2005+","ProQuest 【電子期刊】"
"38497","Journal of Arthroplasty, The","0883-5403","西文","2007-present","ClinicalKey 【電子期刊&電子書】"
"47674","Journal of Arthropod - Borne Diseases","2322-1984","西文","2009-present","ProQuest 【電子期刊】"
"38144","Journal of Arthroscopy and Joint Surgery","2214-9635","西文","2014-present","ClinicalKey 【電子期刊&電子書】"
"46044","Journal of Artificial Organs","1434-7229","西文","1998-2019","ProQuest 【電子期刊】"
"49677","Journal of Artificial Organs","1434-7229","西文","1998-present","Springer 【電子期刊】"
"18755","Journal of Asian natural products research","1028-6020","西文","20020301-","MEDLINE電子期刊"
"46045","Journal of Assisted Reproduction and Genetics","1058-0468","西文","1999-present(已延遲 1 年)","ProQuest 【電子期刊】"
"49678","Journal of Assisted Reproduction and Genetics","1058-0468","西文","1997-present","Springer 【電子期刊】"
"48504","Journal of Assistive, Rehabilitative and Therapeutic Technologies","2001-6824","西文","2013-2014","ProQuest 【電子期刊】"
"46046","Journal of Athletic Training","1062-6050","西文","1997-present(已延遲 6 個月)","ProQuest 【電子期刊】"
"18756","Journal of autism and developmental disorders","0162-3257","西文","19930901-","MEDLINE電子期刊"
"46047","Journal of Autism and Developmental Disorders","0162-3257","西文","1997.02-present(已延遲 1 年)","ProQuest 【電子期刊】"
"38145","Journal of Autoimmunity","0896-8411","西文","2007/02-present","ClinicalKey 【電子期刊&電子書】"
"18757","Journal of autonomic pharmacology","0144-1795","西文","19980201-20011201","MEDLINE電子期刊"
"38498","Journal of Ayurveda and Integrative Medicine","0975-9476","西文","2016-present","ClinicalKey 【電子期刊&電子書】"
"47430","Journal of Ayurveda and Integrative Medicine","0975-9476","西文","2010-present","ProQuest 【電子期刊】"
"47850","Journal of Bangladesh College of Physicians & Surgeons","1015-0870","西文","2006-present","ProQuest 【電子期刊】"
"46048","Journal of Basic and Clinical Physiology and Pharmacology","0792-6855","西文","2013 - present (delay 6 個月)","ProQuest 【電子期刊】"
"38146","Journal of Behavior Therapy and Experimental Psychiatry","0005-7916","西文","2007/03-present","ClinicalKey 【電子期刊&電子書】"
"38553","Journal of Behavioral and Cognitive Therapy","2589-9791","西文","2020.04-present","ClinicalKey 【電子期刊&電子書】"
"46049","Journal of Behavioral Health Services & Research, The","1094-3412","西文","1992.04-present(已延遲 1 年)","ProQuest 【電子期刊】"
"18758","Journal of behavioral medicine","0160-7715","西文","19970201-","MEDLINE電子期刊"
"46050","Journal of Behavioral Medicine","0160-7715","西文","1997.02-present(已延遲 1 年)","ProQuest 【電子期刊】"
"49679","Journal of Behavioral Medicine","0160-7715","西文","1997-present","Springer 【電子期刊】"
"49107","Journal of Best Practices in Health Professions Diversity","2475-2843","西文","4/1/2015+","ProQuest 【電子期刊】"
"46051","Journal of Bioenergetics and Biomembranes","0145-479X","西文","1997.02-present (已延遲 1 年)","ProQuest 【電子期刊】"
"49680","Journal of Bioethical Inquiry","1176-7529","西文","2004-present","Springer 【電子期刊】"
"46052","Journal of Biological Engineering","1754-1611","西文","2009-present","ProQuest 【電子期刊】"
"51349","Journal of Biological Inorganic Chemistry","0949-8257","西文","5/1/2020+","ProQuest 【電子期刊】"
"18806","Journal of biological inorganic chemistry: JBIC: a publication of the Society of Biological Inorganic Chemistry","0949-8257","西文","20030101-","MEDLINE電子期刊"
"46868","Journal of Biological Physics","0092-0606","西文","1997-present(已延遲 1 年)","ProQuest 【電子期刊】"
"46824","Journal of Biological Research","1790-045X","西文","2010-2021","ProQuest 【電子期刊】"
"18931","Journal of biology","1478-5854","西文","20020101-20101201","MEDLINE電子期刊"
"18814","Journal of biomaterials science. Polymer edition","0920-5063","西文","19990701-","MEDLINE電子期刊"
"38147","Journal of Biomechanics","0021-9290","西文","2007-present","ClinicalKey 【電子期刊&電子書】"
"46053","Journal of Biomechanics","0021-9290","西文","2003-present","ProQuest 【電子期刊】"
"35984","Journal of Biomedical & Laboratory Sciences","1013-7653","西文","20030301-present","Airiti Library 【華藝中文電子期刊】"
"18944","Journal of biomedical science","1021-7770","西文","19980101-","MEDLINE電子期刊"
"46054","Journal of Biomedical Science","1423-0127","西文","2009-present","ProQuest 【電子期刊】"
"46865","Journal of Biomedical Semantics","2041-1480","西文","2015-present","ProQuest 【電子期刊】"
"18950","Journal of biomedicine & biotechnology","1110-7243","西文","20060101-20121201","MEDLINE電子期刊"
"18812","Journal of biomolecular NMR","0925-2738","西文","20000101-","MEDLINE電子期刊"
"46055","Journal of Biomolecular NMR","0925-2738","西文","1997-present(已延遲 1 年)","ProQuest 【電子期刊】"
"51350","Journal of Bionic Engineering","1672-6529","西文","1/1/2023+","ProQuest 【電子期刊】"
"19134","Journal of biopharmaceutical statistics","1054-3406","西文","19990101-","MEDLINE電子期刊"
"37523","Journal of Biophysics","1687-8000","西文","20081201-20171201","Airiti Library 【華藝中文電子期刊】"
"18932","Journal of biosciences","0250-5991","西文","20060601-","MEDLINE電子期刊"
"46056","Journal of Biosciences","0250-5991","西文","1997-present(已延遲 1 年)","ProQuest 【電子期刊】"
"47041","Journal of Biosecurity, Biosafety and Biodefense Law","2194-590X","西文","2013-2017","ProQuest 【電子期刊】"
"46057","Journal of Biosocial Science","0021-9320","西文","2001-present(已延遲 1 年)","ProQuest 【電子期刊】"
"46875","Journal of Biotech Research","1944-3285","西文","2009-present","ProQuest 【電子期刊】"
"49109","Journal of Blood Medicine","1179-2736","西文","1/1/2010+","ProQuest 【電子期刊】"
"38148","Journal of Bodywork & Movement Therapies","1360-8592","西文","2007/01-present","ClinicalKey 【電子期刊&電子書】"
"46058","Journal of Bone and Joint Surgery; American volume","0021-9355","西文","1997.02-2005.12","ProQuest 【電子期刊】"
"46059","Journal of Bone and Mineral Metabolism","0914-8779","西文","1997.03-present(已延遲 1 年)","ProQuest 【電子期刊】"
"49681","Journal of Bone and Mineral Metabolism","0914-8779","西文","1997-present","Springer 【電子期刊】"
"38149","Journal of Bone Oncology","2212-1374","西文","2012/06-present","ClinicalKey 【電子期刊&電子書】"
"37372","Journal of Botany","2090-0120","西文","20091201-20171201","Airiti Library 【華藝中文電子期刊】"
"48552","Journal of Brachial Plexus and Peripheral Nerve Injury","1749-7221","西文","1/1/2009-1/1/2014","ProQuest 【電子期刊】"
"37679","Journal of Bronchology & Interventional Pulmonology","1944-6586","西文","2009.01-present","OVID 【電子期刊】"
"37680","Journal of Burn Care & Research","1559-047X","西文","2010-2017","OVID 【電子期刊】"
"47016","Journal of Business Strategy, The","0275-6668","西文","1993-present(已延遲 1 年)","ProQuest 【電子期刊】"
"49110","Journal of Cachexia, Sarcopenia and Muscle","2190-5991","西文","9/1/2010+","ProQuest 【電子期刊】"
"51351","Journal of Canadian Chiropractic Association, The","0008-3194","西文","3/1/1998-12/1/2010","ProQuest 【電子期刊】"
"49111","Journal of Cancer","1837-9664","西文","1/1/2019+","ProQuest 【電子期刊】"
"46060","Journal of Cancer Education","0885-8195","西文","2001.07-present(已延遲 1 年)","ProQuest 【電子期刊】"
"19296","Journal of cancer education: the official journal of the American Association for Cancer Education","0885-8195","西文","20040301-","MEDLINE電子期刊"
"37129","Journal of Cancer Epidemiology","1687-8558","西文","20141201-20141201","Airiti Library 【華藝中文電子期刊】"
"49112","Journal of Cancer Epidemiology","","西文","1/1/2013+","ProQuest 【電子期刊】"
"35985","Journal of Cancer Molecules","1817-4256","西文","20060301-20100730","Airiti Library 【華藝中文電子期刊】"
"46061","Journal of Cancer Research & Clinical Oncology","0171-5216","西文","1997-present(已延遲 1 年)","ProQuest 【電子期刊】"
"19083","Journal of cancer research and clinical oncology","0171-5216","西文","20030401-","MEDLINE電子期刊"
"46062","Journal of Cancer Research and Therapeutics","0973-1482","西文","2008.01-present","ProQuest 【電子期刊】"
"46063","Journal of Cancer Survivorship","1932-2259","西文","2007.06-present(已延遲 1 年)","ProQuest 【電子期刊】"
"49682","Journal of Cancer Survivorship","1932-2259","西文","2007-present","Springer 【電子期刊】"
"49113","Journal of Cannabis Research","2522-5782","西文","1/1/2019+","ProQuest 【電子期刊】"
"49114","Journal of Cardiac Arrhythmias","2674-7081","西文","1/1/1988-1/1/2021","ProQuest 【電子期刊】"
"38151","Journal of Cardiac Failure","1071-9164","西文","2007/02-present","ClinicalKey 【電子期刊&電子書】"
"51067","Journal of Cardiac Failure - Intersections","3050-6611","西文","2025-present","ClinicalKey 【電子期刊&電子書】"
"18954","Journal of cardiac surgery","0886-0440","西文","20030101-","MEDLINE電子期刊"
"51352","Journal of Cardiac Surgery","0886-0440","西文","1/1/2025+","ProQuest 【電子期刊】"
"38152","Journal of Cardiology","0914-5087","西文","2008/02-present","ClinicalKey 【電子期刊&電子書】"
"38153","Journal of Cardiology Cases","1878-5409","西文","2010/02-present","ClinicalKey 【電子期刊&電子書】"
"37681","Journal of Cardiopulmonary Rehabilitation & Prevention","1932-7501","西文","2007.01-present","OVID 【電子期刊】"
"38154","Journal of Cardiothoracic and Vascular Anesthesia","1053-0770","西文","2007/02-present","ClinicalKey 【電子期刊&電子書】"
"46064","Journal of Cardiothoracic Surgery","1749-8090","西文","2009-present","ProQuest 【電子期刊】"
"47636","Journal of Cardiovascular and Thoracic Research","2008-5117","西文","2013-present","ProQuest 【電子期刊】"
"38155","Journal of Cardiovascular Computed Tomography","1934-5925","西文","2007/07-present","ClinicalKey 【電子期刊&電子書】"
"49115","Journal of Cardiovascular Development and Disease","2308-3425","西文","1/1/2021+","ProQuest 【電子期刊】"
"47637","Journal of Cardiovascular Disease Research","0975-3583","西文","2010-2012","ProQuest 【電子期刊】"
"6585","Journal of Cardiovascular Electrophysiology","1045-3873","西文","1997-present","Wiley Online Library(電子期刊)"
"19227","Journal of cardiovascular electrophysiology","1045-3873","西文","19930201-","MEDLINE電子期刊"
"51353","Journal of Cardiovascular Imaging","2586-7210","西文","12/1/2025+","ProQuest 【電子期刊】"
"38768","Journal of Cardiovascular Magnetic Resonance","1097-6647","西文","2012-present","ClinicalKey 【電子期刊&電子書】"
"46065","Journal of Cardiovascular Magnetic Resonance","1532-429X","西文","2009-present","ProQuest 【電子期刊】"
"19228","Journal of cardiovascular magnetic resonance: official journal of the Society for Cardiovascular Magnetic Resonance","1097-6647","西文","20010101-","MEDLINE電子期刊"
"37682","Journal of Cardiovascular Medicine","1558-2027","西文","2006.01-present","OVID 【電子期刊】"
"37683","Journal of Cardiovascular Nursing","0889-4655","西文","1998.01-present","OVID 【電子期刊】"
"37684","Journal of Cardiovascular Pharmacology","0160-2446","西文","1996-present","OVID 【電子期刊】"
"19229","Journal of cardiovascular pharmacology and therapeutics","1074-2484","西文","20000301-20160601","MEDLINE電子期刊"
"46066","Journal of Cardiovascular Surgery","0021-9509","西文","1998.02-2010.06","ProQuest 【電子期刊】"
"49683","Journal of Cardiovascular Translational Research","1937-5387","西文","2008-present","Springer 【電子期刊】"
"51354","Journal of Cardiovascular Translational Research","1937-5387","西文","2/1/2023+","ProQuest 【電子期刊】"
"48304","Journal of Caring Sciences","2251-9920","西文","3/1/2013+","ProQuest 【電子期刊】"
"38614","Journal of Cartilage & Joint Preservation","2667-2545","西文","2021-present","ClinicalKey 【電子期刊&電子書】"
"37130","Journal of Case Reports in Medicine","2090-5343","西文","20121201-20161201","Airiti Library 【華藝中文電子期刊】"
"38156","Journal of Cataract and Refractive Surgery","0886-3350","西文","2007/01-present","ClinicalKey 【電子期刊&電子書】"
"37131","Journal of Cell Death","1179-0660","西文","20111201-20151201","Airiti Library 【華藝中文電子期刊】"
"18956","Journal of cellular and molecular medicine","1582-1838","西文","20070101-","MEDLINE電子期刊"
"46067","Journal of Cellular and Molecular Medicine","1582-1838","西文","2005.01-2006.01","ProQuest 【電子期刊】"
"47431","Journal of Cellular and Molecular Medicine (Online)","1582-4934","西文","2000-present","ProQuest 【電子期刊】"
"18957","Journal of cellular physiology","0021-9541","西文","20050601-","MEDLINE電子期刊"
"37132","Journal of Central Nervous System Disease","1179-5735","西文","20111201-","Airiti Library 【華藝中文電子期刊】"
"46068","Journal of Cerebral Blood Flow and Metabolism","0271-678X","西文","2000-2015","ProQuest 【電子期刊】"
"46069","Journal of Chemical Ecology","0098-0331","西文","1997.02-present(已延遲 1 年)","ProQuest 【電子期刊】"
"47086","Journal of Chemical Education","0021-9584","西文","1994-2000","ProQuest 【電子期刊】"
"47029","Journal of Cheminformatics","1758-2946","西文","2009-present","ProQuest 【電子期刊】"
"46070","Journal of Chemotherapy","1120-009X","西文","2011-2015","ProQuest 【電子期刊】"
"46074","Journal of Child and Adolescent Psychiatric Nursing","1073-6077","西文","1998-2010.11","ProQuest 【電子期刊】"
"46075","Journal of Child and Adolescent Psychopharmacology","1044-5463","西文","2000-2021","ProQuest 【電子期刊】"
"46071","Journal of Child Language","0305-0009","西文","2001.02-present(已延遲 1 年)","ProQuest 【電子期刊】"
"46072","Journal of Child Neurology","0883-0738","西文","1996.11-2000.10","ProQuest 【電子期刊】"
"6923","Journal of Child Neurology(停訂,全文到2012年,限院內IP)","","","","南醫單本訂購期刊"
"19175","Journal of child psychology and psychiatry, and allied disciplines","0021-9630","西文","19660601-","MEDLINE電子期刊"
"18871","Journal of child sexual abuse","1053-8712","西文","20010101-","MEDLINE電子期刊"
"46073","Journal of Child Sexual Abuse; Binghamton","1053-8712","西文","1995- 1997","ProQuest 【電子期刊】"
"49116","Journal of Children's Orthopaedics","1863-2521","西文","3/1/2007-10/1/2021","ProQuest 【電子期刊】"
"47432","Journal of Chinese Medicine, The","0143-8042","西文","2008-2014","ProQuest 【電子期刊】"
"37685","Journal of Christian Nursing","0743-2550","西文","Spring 1984-present","OVID 【電子期刊】"
"47433","Journal of Circadian Rhythms","1740-3391","西文","2009-2014","ProQuest 【電子期刊】"
"38157","Journal of Clinical & Translational Endocrinology","2214-6237","西文","2014-present","ClinicalKey 【電子期刊&電子書】"
"38165","Journal of Clinical and Experimental Hepatology","0973-6883","西文","2011/03-present","ClinicalKey 【電子期刊&電子書】"
"37414","Journal of Clinical and Experimental Medicine","2521-0084","西文","20170601-20181201","Airiti Library 【華藝中文電子期刊】"
"18862","Journal of clinical and experimental neuropsychology","1380-3395","西文","19980201-","MEDLINE電子期刊"
"47434","Journal of Clinical and Preventive Cardiology","2250-3528","西文","2018-present","ProQuest 【電子期刊】"
"38166","Journal of Clinical and Translational Endocrinology: Case Reports","2214-6245","西文","2015.07-present","ClinicalKey 【電子期刊&電子書】"
"38158","Journal of Clinical Anesthesia","0952-8180","西文","2007/02-present","ClinicalKey 【電子期刊&電子書】"
"46076","Journal of Clinical Anesthesia","0952-8180","西文","2003-present","ProQuest 【電子期刊】"
"19176","Journal of clinical child and adolescent psychology: the official journal for the Society of Clinical Child and Adolescent Psychology, American...","1537-4416","西文","20020201-","MEDLINE電子期刊"
"19177","Journal of clinical child psychology","0047-228X","西文","19970301-20020101","MEDLINE電子期刊"
"38159","Journal of Clinical Densitometry","1094-6950","西文","2007/01-present","ClinicalKey 【電子期刊&電子書】"
"51355","Journal of Clinical Endocrinology and Metabolism, The","0021-972X","西文","1/1/2017+","ProQuest 【電子期刊】"
"37686","Journal of Clinical Engineering","0363-8855","西文","Winter 2002-present","OVID 【電子期刊】"
"38160","Journal of Clinical Epidemiology","0895-4356","西文","2007/01-present","ClinicalKey 【電子期刊&電子書】"
"46077","Journal of Clinical Epidemiology","0895-4356","西文","2003-present","ProQuest 【電子期刊】"
"37687","Journal of Clinical Gastroenterology","0192-0790","西文","1996.01-present","OVID 【電子期刊】"
"49117","Journal of Clinical Hypertension, The","1524-6175","西文","4/1/2021+","ProQuest 【電子期刊】"
"46078","Journal of Clinical Immunology","0271-9142","西文","1997-present(已延遲 1 年)","ProQuest 【電子期刊】"
"46079","Journal of Clinical Investigation","0021-9738","西文","2002.07-present","ProQuest 【電子期刊】"
"49118","Journal of Clinical Laboratory Analysis","0887-8013","西文","3/1/2019+","ProQuest 【電子期刊】"
"38161","Journal of Clinical Lipidology","1933-2874","西文","2007/03-present","ClinicalKey 【電子期刊&電子書】"
"49119","Journal of Clinical Medicine","2077-0383","西文","1/1/2016+","ProQuest 【電子期刊】"
"10432","Journal of Clinical Microbiology","0095-1137","西文","2018.01-2026.12","彰秀單本期刊"
"46080","Journal of Clinical Monitoring and Computing","1387-1307","西文","2004-present(已延遲 1 年)","ProQuest 【電子期刊】"
"48553","Journal of Clinical Movement Disorders","2054-7072","西文","2015-2022","ProQuest 【電子期刊】"
"37688","Journal of Clinical Neuromuscular Disease","1522-0443","西文","2000.03-present","OVID 【電子期刊】"
"37689","Journal of Clinical Neurophysiology","0736-0258","西文","1996.01-present","OVID 【電子期刊】"
"38162","Journal of Clinical Neuroscience","0967-5868","西文","2007/01-present","ClinicalKey 【電子期刊&電子書】"
"6929","Journal of Clinical Oncology(南醫2026年起停訂)","0732-183X","英文","1990-present","南醫單本訂購期刊"
"8710","Journal of Clinical Orthodontics","0022-3875","西文","1968-present訂購年份:2016-2026","彰濱單本期刊"
"38163","Journal of Clinical Orthopaedics and Trauma","0976-5662","西文","2011-present","ClinicalKey 【電子期刊&電子書】"
"49120","Journal of Clinical Pathology","0021-9746","西文","11/1/1947+","ProQuest 【電子期刊】"
"6924","Journal of Clinical Pediatric Dentistry(南醫2018年起停訂,彰秀有訂)","1053-4628","西文","2000-present","南醫單本訂購期刊"
"51356","Journal of Clinical Pediatric Dentistry, The","1053-4628","西文","9/1/2014-1/1/2022","ProQuest 【電子期刊】"
"10431","Journal of Clinical Periodontology","1600-051X","西文","訂購年份:2026-2030(五年約)","彰秀單本期刊"
"17446","Journal of Clinical Periodontology","0303-6979","西文","1997-present","Wiley Online Library(電子期刊)"
"19127","Journal of clinical pharmacy and therapeutics","0269-4727","西文","19980201-","MEDLINE電子期刊"
"49121","Journal of Clinical Pharmacy and Therapeutics","0269-4727","西文","1/1/2023+","ProQuest 【電子期刊】"
"49122","Journal of Clinical Practice & Research","2980-2156","西文","1/1/1979+","ProQuest 【電子期刊】"
"19158","Journal of clinical psychology","0021-9762","西文","19651001-","MEDLINE電子期刊"
"49123","Journal of Clinical Psychology in Medical Settings","1068-9583","西文","3/1/1997+","ProQuest 【電子期刊】"
"49685","Journal of Clinical Psychology in Medical Settings","1068-9583","西文","1997-present","Springer 【電子期刊】"
"37690","Journal of Clinical Psychopharmacology","0271-0749","西文","1995.02-present","OVID 【電子期刊】"
"46082","Journal of Clinical Research in Pediatric Endocrinology; Istanbul","1308-5727","西文","2015-2021","ProQuest 【電子期刊】"
"38512","Journal of Clinical Tuberculosis and Other Mycobacterial Diseases","2405-5794","西文","2015.01-present","ClinicalKey 【電子期刊&電子書】"
"38164","Journal of Clinical Virology","1386-6532","西文","2007/01-present","ClinicalKey 【電子期刊&電子書】"
"38615","Journal of Clinical Virology Plus","2667-0380","西文","2021-present","ClinicalKey 【電子期刊&電子書】"
"49124","Journal of CME","2833-8073","西文","1/1/2012-12/1/2022","ProQuest 【電子期刊】"
"48276","Journal of Coagulation Disorders, The","2041-7969","西文","1/1/2009-1/1/2011","ProQuest 【電子期刊】"
"18859","Journal of cognitive neuroscience","0898-929X","西文","19980101-","MEDLINE電子期刊"
"48045","Journal of Cognitive Psychotherapy","0889-8391","西文","1987-2016","ProQuest 【電子期刊】"
"38167","Journal of Coloproctology","2237-9363","西文","2013-2020","ClinicalKey 【電子期刊&電子書】"
"38168","Journal of Communication Disorders","0021-9924","西文","2007/01-present","ClinicalKey 【電子期刊&電子書】"
"19170","Journal of community & applied social psychology","1052-9284","西文","19910401-20030801","MEDLINE電子期刊"
"51357","Journal of Community Genetics","1868-310X","西文","2/1/2023+","ProQuest 【電子期刊】"
"49686","Journal of Community Health","0094-5145","西文","1997-present","Springer 【電子期刊】"
"47188","Journal of Community Hospital Internal Medicine Perspectives","2000-9666","西文","2013-2021","ProQuest 【電子期刊】"
"48305","Journal of Community Nursing","0263-4465","西文","5/1/2004+","ProQuest 【電子期刊】"
"48155","Journal of Community Positive Practices","1582-8344","西文","2012-present","ProQuest 【電子期刊】"
"49126","Journal of Comparative Effectiveness Research","2042-6305","西文","1/1/2019-4/1/2021","ProQuest 【電子期刊】"
"46085","Journal of Comparative Physiology","0340-7594","西文","2003-present(已延遲 1 年)","ProQuest 【電子期刊】"
"46084","Journal of Comparative Physiology. B, Biochemical, Systemic, and Environmental Physiology","0174-1578","西文","2003.02-present(已延遲 1 年)","ProQuest 【電子期刊】"
"19343","Journal of comparative physiology. A, Neuroethology, sensory, neural, and behavioral physiology","0340-7594","西文","20011201-","MEDLINE電子期刊"
"18903","Journal of comparative physiology. A, Sensory, neural, and behavioral physiology","","西文","20000101-20011101","MEDLINE電子期刊"
"19344","Journal of comparative physiology. B, Biochemical, systemic, and environmental physiology","0174-1578","西文","20000101-","MEDLINE電子期刊"
"47436","Journal of Compassionate Healthcare","2053-2393","西文","2015-2018","ProQuest 【電子期刊】"
"46086","Journal of Computational Neuroscience","0929-5313","西文","1999-present(已延遲 1 年)","ProQuest 【電子期刊】"
"46087","Journal of Computer - Aided Molecular Design","0920-654X","西文","1997-present(已延遲 1 年)","ProQuest 【電子期刊】"
"37691","Journal of Computer Assisted Tomography","0363-8715","西文","1996.01-present","OVID 【電子期刊】"
"18884","Journal of computer-aided molecular design","0920-654X","西文","20030101-","MEDLINE電子期刊"
"49127","Journal of Concussion","2059-7002","西文","1/1/2017+","ProQuest 【電子期刊】"
"49128","Journal of Congenital Cardiology","2056-7251","西文","1/1/2017-1/1/2021","ProQuest 【電子期刊】"
"51358","Journal of Conservative Dentistry and Endodontics","2950-4716","西文","1/1/2008-5/1/2023","ProQuest 【電子期刊】"
"47830","Journal of Contemporary Athletics","1554-9933","西文","2011-2021","ProQuest 【電子期刊】"
"48623","Journal of Contemporary Brachytherapy","1689-832X","西文","1/1/2009+","ProQuest 【電子期刊】"
"48046","Journal of Contemporary Psychotherapy","0022-0116","西文","1999-present(已延遲 1 年)","ProQuest 【電子期刊】"
"49687","Journal of Contemporary Psychotherapy","0022-0116","西文","1997-present","Springer 【電子期刊】"
"46089","Journal of Continuing Education in Nursing, The","0022-0124","西文","1970.07-present","ProQuest 【電子期刊】"
"37835","Journal of Continuing Education in the Health Professions","0894-1912","西文","1988-present","OVID 【電子期刊】"
"47080","Journal of Continuing Education in the Health Professions","0894-1912","西文","1998-2001","ProQuest 【電子期刊】"
"18971","Journal of cosmetic and laser therapy: official publication of the European Society for Laser Dermatology","1476-4172","西文","20010901-","MEDLINE電子期刊"
"18964","Journal of cosmetic dermatology","1473-2130","西文","20020901-","MEDLINE電子期刊"
"49129","Journal of Cosmetic Dermatology","1473-2130","西文","1/1/2023+","ProQuest 【電子期刊】"
"38169","Journal of Cranio-Maxillo-Facial Surgery","1010-5182","西文","2007/01-present","ClinicalKey 【電子期刊&電子書】"
"37692","Journal of Craniofacial Surgery","1049-2275","西文","2001.01-present","OVID 【電子期刊】"
"48442","Journal of Craniovertebral Junction & Spine","0974-8237","西文","1/1/2010+","ProQuest 【電子期刊】"
"45719","Journal of Critical and Intensive Care","1309-1689","西文","2010-present","ProQuest 【電子期刊】"
"38170","Journal of Critical Care","0883-9441","西文","2007/03-present","ClinicalKey 【電子期刊&電子書】"
"46090","Journal of Critical Care","0883-9441","西文","2003.03-present","ProQuest 【電子期刊】"
"46091","Journal of Cross-Cultural Gerontology","0169-3816","西文","1997.03-present(已延遲 1 年)","ProQuest 【電子期刊】"
"18828","Journal of cultural diversity","1071-5568","西文","20030301-","MEDLINE電子期刊"
"46092","Journal of Cultural Diversity","1071-5568","西文","1998-2021","ProQuest 【電子期刊】"
"48411","Journal of Current Ophthalmology","2452-2325","西文","2010-present","ProQuest 【電子期刊】"
"47932","Journal of Current Pharma Research","2230-7834","西文","2010-present","ProQuest 【電子期刊】"
"47851","Journal of Cutaneous and Aesthetic Surgery","0974-2077","西文","2008-present","ProQuest 【電子期刊】"
"49130","Journal of Cutaneous Immunology and Allergy","2574-4593","西文","8/1/2019+","ProQuest 【電子期刊】"
"18912","Journal of cutaneous laser therapy","1462-883X","西文","19990101-20010801","MEDLINE電子期刊"
"19300","Journal of cutaneous medicine and surgery","1203-4754","西文","20120101-20160601","MEDLINE電子期刊"
"18945","Journal of cutaneous pathology","0303-6987","西文","19740201-","MEDLINE電子期刊"
"38171","Journal of Cystic Fibrosis","1569-1993","西文","2007/01-present","ClinicalKey 【電子期刊&電子書】"
"46895","Journal of Cytology","0970-9371","西文","2008-present","ProQuest 【電子期刊】"
"46093","Journal of Dairy Research, The","0022-0299","西文","2001.02-present(已延遲 1 年)","ProQuest 【電子期刊】"
"46094","Journal of Dairy Science","0022-0302","西文","2002.03-2010.02","ProQuest 【電子期刊】"
"47726","Journal of Dental & Allied Sciences","2277-4696","西文","2015-2018","ProQuest 【電子期刊】"
"46095","Journal of Dental Hygiene","1043-254X","西文","2010.01-2010.10","ProQuest 【電子期刊】"
"46096","Journal of Dental Hygiene (Online)","1553-0205","西文","2011.01-present","ProQuest 【電子期刊】"
"49131","Journal of Dental Implants","0974-6781","西文","7/1/2011-7/1/2023","ProQuest 【電子期刊】"
"46097","Journal of Dental Research","0022-0345","西文","1996.11-2010.10","ProQuest 【電子期刊】"
"19795","Journal of Dental Research(JDR)(南醫2025年起停訂)","0022-0345","英文","1959-present","南醫單本訂購期刊"
"47727","Journal of Dental Research, Dental Clinics, Dental Prospects","2008-210X","西文","2013-present","ProQuest 【電子期刊】"
"35987","Journal of Dental Sciences","1991-7902","西文","20050301-","Airiti Library 【華藝中文電子期刊】"
"38172","Journal of Dental Sciences","1991-7902","西文","2009.03-present","ClinicalKey 【電子期刊&電子書】"
"38173","Journal of Dentistry","0300-5712","西文","2007/01-present","ClinicalKey 【電子期刊&電子書】"
"6673","Journal of Dentistry for Children","1935-5068","西文","1998.1-2025.12","彰秀單本期刊"
"47728","Journal of Dentofacial Anomalies and Orthodontics","2110-5715","西文","2012-present","ProQuest 【電子期刊】"
"47768","Journal of Dermatological Case Reports","1898-7249","西文","2008-2017","ProQuest 【電子期刊】"
"38174","Journal of Dermatological Science","0923-1811","西文","2007/01-present","ClinicalKey 【電子期刊&電子書】"
"8675","Journal of Dermatology, The","0385-2407","西文","1997-present","Wiley Online Library(電子期刊)"
"37693","Journal of Developmental & Behavioral Pediatrics","0196-206X","西文","2000.02-present","OVID 【電子期刊】"
"49132","Journal of Developmental and Physical Disabilities","1056-263X","西文","3/1/1997+","ProQuest 【電子期刊】"
"47437","Journal of Developmental Origins of Health and Disease","2040-1744","西文","2009-present(已延遲 1 年)","ProQuest 【電子期刊】"
"49133","Journal of Diabetes","1753-0393","西文","1/1/2022+","ProQuest 【電子期刊】"
"47797","Journal of Diabetes & Metabolic Disorders","2251-6581","西文","2010-2017","ProQuest 【電子期刊】"
"49792","Journal of Diabetes & Metabolic Disorders","","西文","2012-present","Springer 【電子期刊】"
"38175","Journal of Diabetes and Its Complications","1056-8727","西文","2007/01-present","ClinicalKey 【電子期刊&電子書】"
"46099","Journal of Diabetes and its Complications","1056-8727","西文","2003-present","ProQuest 【電子期刊】"
"47798","Journal of Diabetes Investigation","2040-1116","西文","2014-present","ProQuest 【電子期刊】"
"49134","Journal of Diabetes Research","2314-6745","西文","1/1/2013+","ProQuest 【電子期刊】"
"19077","Journal of dietary supplements","1939-0211","西文","20080301-","MEDLINE電子期刊"
"18994","Journal of digestive diseases","1751-2972","西文","20070301-","MEDLINE電子期刊"
"19188","Journal of digital imaging","0897-1889","西文","20030301-","MEDLINE電子期刊"
"46100","Journal of Digital Imaging","0897-1889","西文","1997.02-present(已延遲 1 年)","ProQuest 【電子期刊】"
"47066","Journal of Drug Addiction, Education, and Eradication","","西文","2011-2015","ProQuest 【電子期刊】"
"37134","Journal of Drug and Alcohol Research","2090-8334","西文","20121201-20151201","Airiti Library 【華藝中文電子期刊】"
"37135","Journal of Drug Delivery","2090-3014","西文","20141201-20141201","Airiti Library 【華藝中文電子期刊】"
"19144","Journal of drug education","0047-2379","西文","19980901-20160601","MEDLINE電子期刊"
"47438","Journal of Drug Evaluation","1479-1137","西文","2003-2004","ProQuest 【電子期刊】"
"47067","Journal of Drug Issues","0022-0426","西文","1971-2018","ProQuest 【電子期刊】"
"47068","Journal of Drug Policy Analysis","2194-6337","西文","2013-2017","ProQuest 【電子期刊】"
"19128","Journal of drug targeting","1061-186X","西文","20020101-","MEDLINE電子期刊"
"37136","Journal of e-Health Management","2165-9478","西文","20100101-20121230","Airiti Library 【華藝中文電子期刊】"
"49135","Journal of Ear Nose Throat and Head Neck Surgery","1300-6525","西文","1/1/2003+","ProQuest 【電子期刊】"
"47090","Journal of Early Intervention","1053-8151","西文","2000-2017","ProQuest 【電子期刊】"
"48047","Journal of Eating Disorders","2050-2974","西文","2015-present","ProQuest 【電子期刊】"
"49688","Journal of Echocardiography","1349-0222","西文","2009-present","Springer 【電子期刊】"
"51359","Journal of Echocardiography","1349-0222","西文","3/1/2023+","ProQuest 【電子期刊】"
"46900","Journal of Economic Entomology","0022-0493","西文","2014-present(已延遲 1 年)","ProQuest 【電子期刊】"
"46977","Journal of Economic Perspectives, The","0895-3309","西文","1997-2019","ProQuest 【電子期刊】"
"49136","Journal of Ecophysiology and Occupational Health","0972-4397","西文","6/1/2009-6/1/2018","ProQuest 【電子期刊】"
"37694","Journal of ECT","1095-0680","西文","2000.03-present","OVID 【電子期刊】"
"49137","Journal of Education & Teaching in Emergency Medicine","2474-1949","西文","1/1/2019+","ProQuest 【電子期刊】"
"47729","Journal of Education and Ethics in Dentistry","0974-7761","西文","2011-2017","ProQuest 【電子期刊】"
"47081","Journal of Education and Health Promotion","2277-9531","西文","2012-present","ProQuest 【電子期刊】"
"49138","Journal of Educational Evaluation for Health Professions","1975-5937","西文","1/1/2006+","ProQuest 【電子期刊】"
"46101","Journal of Elder Abuse & Neglect","0894-6566","西文","1995 - 1998","ProQuest 【電子期刊】"
"38176","Journal of Electrocardiology","0022-0736","西文","2007/01-present","ClinicalKey 【電子期刊&電子書】"
"46102","Journal of Electrocardiology","0022-0736","西文","2009-2009.11","ProQuest 【電子期刊】"
"38177","Journal of Electromyography and Kinesiology","1050-6411","西文","2007/02-present","ClinicalKey 【電子期刊&電子書】"
"19436","Journal of electron microscopy","0022-0744","西文","","MEDLINE電子期刊"
"48554","Journal of EMDR Practice and Research","1933-3196","西文","1/1/2008-7/1/2016","ProQuest 【電子期刊】"
"48443","Journal of Emergencies, Trauma and Shock","0974-2700","西文","1/1/2008+","ProQuest 【電子期刊】"
"38178","Journal of Emergency Medicine","0736-4679","西文","2007/01-present","ClinicalKey 【電子期刊&電子書】"
"49139","Journal of Emergency Medicine Case Reports","2149-9934","西文","1/1/2012+","ProQuest 【電子期刊】"
"35989","Journal of Emergency Medicine, Taiwan","1562-3386","西文","20040730-20111103","Airiti Library 【華藝中文電子期刊】"
"8728","Journal of Emergency Nursing","1354-5752","西文","2010-present訂購年份：2016","ScienceDirect(SDOL)"
"46103","Journal of Emergency Nursing; JEN","0099-1767","西文","2007-present","ProQuest 【電子期刊】"
"48048","Journal of Emotional and Behavioral Disorders","1063-4266","西文","1998-2010","ProQuest 【電子期刊】"
"46104","Journal of Empirical Research on Human Research Ethics","1556-2646","西文","2006.03-2012.12","ProQuest 【電子期刊】"
"47439","Journal of Enabling Technologies","2398-6263","西文","2007-present(已延遲 1 年)","ProQuest 【電子期刊】"
"51360","Journal of Endocrinological Investigation","0391-4097","西文","1/1/2023+","ProQuest 【電子期刊】"
"38179","Journal of Endodontics","0099-2399","西文","2007/01-present","ClinicalKey 【電子期刊&電子書】"
"38705","Journal of Endometriosis and Uterine Disorders","2949-8384","西文","2023-present","ClinicalKey 【電子期刊&電子書】"
"18913","Journal of endotoxin research","0968-0519","西文","20030201-20061201","MEDLINE電子期刊"
"47880","Journal of Endourology Case Reports","2379-9889","西文","2015-2018","ProQuest 【電子期刊】"
"46105","Journal of Endovascular Therapy","1526-6028","西文","2004-2014","ProQuest 【電子期刊】"
"37428","Journal of Environmental and Public Health","1687-9805","西文","20091201-20161201","Airiti Library 【華藝中文電子期刊】"
"46109","Journal of Environmental and Public Health","1687-9805","西文","2009-present","ProQuest 【電子期刊】"
"46106","Journal of Environmental Biology","0254-8704","西文","2011.05-present","ProQuest 【電子期刊】"
"19257","Journal of environmental health","0022-0892","西文","20010101-","MEDLINE電子期刊"
"46107","Journal of Environmental Health","0022-0892","西文","1994-present","ProQuest 【電子期刊】"
"48101","Journal of Environmental Health Science & Engineering","2052-336X","西文","2013-2017","ProQuest 【電子期刊】"
"46108","Journal of Environmental Quality","0047-2425","西文","1997-2015","ProQuest 【電子期刊】"
"19256","Journal of environmental science and health. Part. B, Pesticides, food contaminants, and agricultural wastes","0360-1234","西文","20010101-","MEDLINE電子期刊"
"19259","Journal of environmental sciences (China)","1001-0742","西文","20010101-20060701","MEDLINE電子期刊"
"18857","Journal of enzyme inhibition and medicinal chemistry","1475-6366","西文","20020201-","MEDLINE電子期刊"
"46852","Journal of Enzyme Inhibition and Medicinal Chemistry","1475-6366","西文","2017-present","ProQuest 【電子期刊】"
"46110","Journal of Epidemiology","0917-5040","西文","2009.03-present","ProQuest 【電子期刊】"
"46111","Journal of Epidemiology and Community Health","0143-005X","西文","1979-present (已延遲 6 個月)","ProQuest 【電子期刊】"
"48223","Journal of Epidemiology and Community Health (1978)","0141-7681","西文","1978","ProQuest 【電子期刊】"
"38180","Journal of Epidemiology and Global Health","2210-6006","西文","2011/12-present","ClinicalKey 【電子期刊&電子書】"
"6821","Journal of Esthetic and Restorative Dentistry","1496-4155","西文","1997-present 訂購年份:2026-2030(五年約)","彰秀單本期刊"
"17450","Journal of Esthetic and Restorative Dentistry","1496-4155","西文","1997-present","Wiley Online Library(電子期刊)"
"51361","Journal of Esthetic and Restorative Dentistry","1496-4155","西文","1/1/1998-1/1/2001","ProQuest 【電子期刊】"
"46113","Journal of Ethnobiology and Ethnomedicine","1746-4269","西文","2009-present","ProQuest 【電子期刊】"
"18829","Journal of evaluation in clinical practice","1356-1294","西文","19980201-","MEDLINE電子期刊"
"38181","Journal of Evidence-Based Dental Practice","1532-3382","西文","2007/03-present","ClinicalKey 【電子期刊&電子書】"
"46956","Journal of Evolutionary Biochemistry and Physiology","0022-0930","西文","2000-2018","ProQuest 【電子期刊】"
"37138","Journal of Evolutionary Medicine","2090-7915","西文","20121201-20161201","Airiti Library 【華藝中文電子期刊】"
"38182","Journal of Exercise Science & Fitness","1728-869X","西文","2009/01-present","ClinicalKey 【電子期刊&電子書】"
"37139","Journal of Exercise Science and Physiotherapy","0973-2020","西文","20050601-20160601","Airiti Library 【華藝中文電子期刊】"
"38183","Journal of Experimental & Clinical Medicine","1878-3317","西文","2009-2014","ClinicalKey 【電子期刊&電子書】"
"46114","Journal of Experimental and Clinical Cancer Research","1756-9966","西文","2009-present","ProQuest 【電子期刊】"
"37140","Journal of Experimental Neuroscience","1179-0695","西文","20111201-","Airiti Library 【華藝中文電子期刊】"
"47440","Journal of Experimental Orthopaedics","2197-1153","西文","2014-present","ProQuest 【電子期刊】"
"49141","Journal of Experimental Psychopathology","2043-8087","西文","4/1/2016+","ProQuest 【電子期刊】"
"47441","Journal of Experimental Stroke & Translational Medicine","1939-067X","西文","2009-2015","ProQuest 【電子期刊】"
"19084","Journal of experimental therapeutics & oncology","1359-4117","西文","20030101-","MEDLINE電子期刊"
"19258","Journal of exposure analysis and environmental epidemiology","1053-4245","西文","19990201-20051101","MEDLINE電子期刊"
"18979","Journal of exposure science & environmental epidemiology","1559-0631","西文","20060101-20151101","MEDLINE電子期刊"
"46115","Journal of Exposure Science and Environmental Epidemiology","1559-0631","西文","2000-present(已延遲 1 年)","ProQuest 【電子期刊】"
"48337","Journal of Family & Reproductive Health","1735-8949","西文","3/1/2009+","ProQuest 【電子期刊】"
"6922","Journal of family practice(免費)","","西文","","南醫單本訂購期刊"
"49689","Journal of Family Violence","0885-7482","西文","1997-present","Springer 【電子期刊】"
"49142","Journal of Feline Medicine and Surgery Open Reports","2055-1169","西文","1/1/2016+","ProQuest 【電子期刊】"
"46117","Journal of Food and Drug Analysis","1021-9498","西文","1996-2020","ProQuest 【電子期刊】"
"49143","Journal of Food Protection","0362-028X","西文","8/1/1988-12/1/2022","ProQuest 【電子期刊】"
"46118","Journal of Foot and Ankle Research","1757-1146","西文","2009-present","ProQuest 【電子期刊】"
"38499","Journal of Foot and Ankle Surgery, The","1067-2516","西文","2007-present","ClinicalKey 【電子期刊&電子書】"
"38184","Journal of Forensic and Legal Medicine","1752-928X","西文","2007/01-present","ClinicalKey 【電子期刊&電子書】"
"35990","Journal of Forensic Biomechanics","2090-2689","西文","20050628-20110228","Airiti Library 【華藝中文電子期刊】"
"48242","Journal of Forensic Dental Sciences","0975-1475","西文","2009-2019","ProQuest 【電子期刊】"
"37695","Journal of Forensic Nursing","1556-3693","西文","2005.03-present","OVID 【電子期刊】"
"48243","Journal of Forensic Nursing","1556-3693","西文","4/1/2005-3/1/2009","ProQuest 【電子期刊】"
"48244","Journal of Forensic Practice","2050-8794","西文","11/1/2003+","ProQuest 【電子期刊】"
"48245","Journal of Forensic Science and Medicine","2349-5014","西文","1/1/2015+","ProQuest 【電子期刊】"
"49144","Journal of Frailty & Aging, The","2260-1341","西文","1/1/2018+","ProQuest 【電子期刊】"
"51073","Journal of Frailty & Aging, The","2260-1341","西文","2018-present","ClinicalKey 【電子期刊&電子書】"
"49145","Journal of Functional Morphology and Kinesiology","2411-5142","西文","1/1/2021+","ProQuest 【電子期刊】"
"46119","Journal of Gambling Studies","1050-5350","西文","1998-2004","ProQuest 【電子期刊】"
"49690","Journal of Gambling Studies","1573-3602","西文","1997-present","Springer 【電子期刊】"
"18995","Journal of gastroenterology","0944-1174","西文","19980201-","MEDLINE電子期刊"
"46120","Journal of Gastroenterology","0944-1174","西文","1997-present (已延遲 1 年)","ProQuest 【電子期刊】"
"49691","Journal of Gastroenterology","0944-1174","西文","2000-present","Springer 【電子期刊】"
"49692","Journal of Gastrointestinal Cancer","1941-6628","西文","1997-present","Springer 【電子期刊】"
"51362","Journal of Gastrointestinal Cancer","1941-6628","西文","3/1/2023+","ProQuest 【電子期刊】"
"46121","Journal of Gastrointestinal Surgery","1091-255X","西文","1997-present(已延遲 1 年)","ProQuest 【電子期刊】"
"46122","Journal of Gene Medicine","1099-498X","西文","1999-2007.12","ProQuest 【電子期刊】"
"49146","Journal of General and Family Medicine","2189-6577","西文","7/1/2000+","ProQuest 【電子期刊】"
"19028","Journal of general internal medicine","0884-8734","西文","19980101-","MEDLINE電子期刊"
"46123","Journal of General Internal Medicine","0884-8734","西文","1997-present(已延遲 1 年)","ProQuest 【電子期刊】"
"49693","Journal of General Internal Medicine","0884-8734","西文","1997-present","Springer 【電子期刊】"
"46880","Journal of General Plant Pathology : JGPP","1345-2630","西文","2002-2019","ProQuest 【電子期刊】"
"49147","Journal of General Procedural Dermatology & Venereology Indonesia","2460-7991","西文","8/1/2015-6/1/2022","ProQuest 【電子期刊】"
"46124","Journal of General Psychology, The","0022-1309","西文","1994-2010.10","ProQuest 【電子期刊】"
"47442","Journal of Genes and Cells","2410-6887","西文","2016-2020","ProQuest 【電子期刊】"
"46125","Journal of Genetic Counseling","1059-7700","西文","1998-2018","ProQuest 【電子期刊】"
"46126","Journal of Genetic Psychology, The","0022-1325","西文","1994.03-2010.10","ProQuest 【電子期刊】"
"46127","Journal of Genetics","0022-1333","西文","1997-2018","ProQuest 【電子期刊】"
"35992","Journal of Genetics and Molecular Biology","1016-6203","西文","20060228-20091130","Airiti Library 【華藝中文電子期刊】"
"38185","Journal of Geriatric Oncology","1879-4068","西文","2010/06-present","ClinicalKey 【電子期刊&電子書】"
"37696","Journal of Geriatric Physical Therapy","1539-8412","西文","2001-present","OVID 【電子期刊】"
"46128","Journal of Geriatric Physical Therapy","1539-8412","西文","2002-2012.07","ProQuest 【電子期刊】"
"46129","Journal of Gerontological Nursing","0098-9134","西文","1977-present","ProQuest 【電子期刊】"
"37697","Journal of Glaucoma","1057-0829","西文","2001.02-present","OVID 【電子期刊】"
"38616","Journal of Global Antimicrobial Resistance","2213-7165","西文","2015-present","ClinicalKey 【電子期刊&電子書】"
"47194","Journal of Global Health","2047-2978","西文","2015-present","ProQuest 【電子期刊】"
"47675","Journal of Global Infectious Diseases","0974-777X","西文","2009-present","ProQuest 【電子期刊】"
"47179","Journal of GXP Compliance","1552-5791","西文","2009-2012","ProQuest 【電子期刊】"
"48338","Journal of Gynecological Endoscopy and Surgery","0974-1216","西文","1/1/2009-7/1/2011","ProQuest 【電子期刊】"
"51084","Journal of Gynecology Obstetrics and Human Reproduction","2468-7847","西文","2017-present","ClinicalKey 【電子期刊&電子書】"
"38792","Journal of Hand and Microsurgery","0974-3227","西文","2019-present","ClinicalKey 【電子期刊&電子書】"
"38186","Journal of Hand Surgery","0363-5023","西文","2007-present","ClinicalKey 【電子期刊&電子書】"
"51140","Journal of Hand Surgery (European Volume)","2043-6289","西文","1969-present訂購年份:2026","彰濱單本期刊"
"38573","Journal of Hand Surgery Global Online","2589-5141","西文","2019-present","ClinicalKey 【電子期刊&電子書】"
"38187","Journal of Hand Therapy","0894-1130","西文","2007/01-present","ClinicalKey 【電子期刊&電子書】"
"46131","Journal of Hand Therapy","0894-1130","西文","2001.04-present","ProQuest 【電子期刊】"
"37698","Journal of Head Trauma Rehabilitation","0885-9701","西文","1999.02-present","OVID 【電子期刊】"
"46132","Journal of Headache and Pain, The; Official Journal of the Italian Society for the Study of Headaches","1129-2369","西文","2000.07-present","ProQuest 【電子期刊】"
"18821","Journal of health & social policy","0897-7186","西文","20000301-20061201","MEDLINE電子期刊"
"46133","Journal of Health Administration Education, The","0735-6722","西文","2007-present","ProQuest 【電子期刊】"
"19012","Journal of health and human services administration","1079-3739","西文","20010601-","MEDLINE電子期刊"
"46138","Journal of Health and Human Services Administration","1079-3739","西文","2000.12-present","ProQuest 【電子期刊】"
"46139","Journal of Health and Social Behavior","0022-1465","西文","1992.03-2013.06","ProQuest 【電子期刊】"
"47443","Journal of Health Care Compliance","1520-8303","西文","2002-present","ProQuest 【電子期刊】"
"46134","Journal of Health Care for the Poor and Underserved","1049-2089","西文","1996-present(已延遲 1 年)","ProQuest 【電子期刊】"
"18830","Journal of health care marketing","0737-3252","西文","19801201-19961201","MEDLINE電子期刊"
"47444","Journal of Health Education Teaching Techniques","2332-0990","西文","2014-2015","ProQuest 【電子期刊】"
"46135","Journal of Health Organization and Management","1477-7266","西文","1992-present(已延遲 1 年)","ProQuest 【電子期刊】"
"19032","Journal of health politics, policy and law","0361-6878","西文","19970201-","MEDLINE電子期刊"
"46136","Journal of Health Politics, Policy and Law; Durham","0361-6878","西文","1997- 2000","ProQuest 【電子期刊】"
"49148","Journal of Health Research","2586-940X","西文","1/1/2018-1/1/2022","ProQuest 【電子期刊】"
"47445","Journal of Health Research and Reviews in Developing Countries","2394-2010","西文","2014-2022","ProQuest 【電子期刊】"
"47446","Journal of Health Sciences","2232-7576","西文","2011-present","ProQuest 【電子期刊】"
"49149","Journal of Health Service Psychology","2662-2645","西文","4/1/2017+","ProQuest 【電子期刊】"
"19013","Journal of health services research & policy","1355-8196","西文","20010101-20150601","MEDLINE電子期刊"
"46137","Journal of Health Services Research & Policy","1355-8196","西文","2003.10-2006.07","ProQuest 【電子期刊】"
"46140","Journal of Health, Population and Nutrition","1606-0997","西文","2000.06-present","ProQuest 【電子期刊】"
"19075","Journal of health, population, and nutrition","1606-0997","西文","20071201-","MEDLINE電子期刊"
"37836","Journal of Healthcare Management","1096-9012","西文","2013-present","OVID 【電子期刊】"
"46141","Journal of Healthcare Management","1096-9012","西文","1987.02-present","ProQuest 【電子期刊】"
"19014","Journal of healthcare management / American College of Healthcare Executives","1096-9012","西文","20000101-20161201","MEDLINE電子期刊"
"38188","Journal of Heart and Lung Transplantation","1053-2498","西文","2007/01-present","ClinicalKey 【電子期刊&電子書】"
"46142","Journal of Helminthology","0022-149X","西文","2001-present(已延遲 1 年)","ProQuest 【電子期刊】"
"46143","Journal of Hematology & Oncology","1756-8722","西文","2009-present","ProQuest 【電子期刊】"
"49694","Journal of Hematopathology","1868-9256","西文","2008-present","Springer 【電子期刊】"
"51363","Journal of Hematopathology","1868-9256","西文","3/1/2023+","ProQuest 【電子期刊】"
"49150","Journal of Hepatocellular Carcinoma","2253-5969","西文","1/1/2014+","ProQuest 【電子期刊】"
"38189","Journal of Hepatology","0168-8278","西文","2007/01-present","ClinicalKey 【電子期刊&電子書】"
"19129","Journal of herbal pharmacotherapy","1522-8940","西文","20040301-20070901","MEDLINE電子期刊"
"51364","Journal of Hip Preservation Surgery","2054-8397","西文","7/1/2021+","ProQuest 【電子期刊】"
"37699","Journal of Hospice & Palliative Nursing","1522-2179","西文","2002.01-present","OVID 【電子期刊】"
"38190","Journal of Hospital Infection","0195-6701","西文","2007/01-present","ClinicalKey 【電子期刊&電子書】"
"19020","Journal of hospital marketing & public relations","1539-0942","西文","20031201-20100701","MEDLINE電子期刊"
"19001","Journal of human genetics","1434-5161","西文","19980101-20151001","MEDLINE電子期刊"
"46923","Journal of Human Genetics","1434-5161","西文","2000-present (已延遲 1 年)","ProQuest 【電子期刊】"
"49151","Journal of Human Growth and Development","0104-1282","西文","1/1/2019+","ProQuest 【電子期刊】"
"19240","Journal of human hypertension","0950-9240","西文","19970101-20151201","MEDLINE電子期刊"
"46144","Journal of Human Hypertension","0950-9240","西文","2000-present(已延遲 1 年)","ProQuest 【電子期刊】"
"47447","Journal of Human Reproductive Sciences","0974-1208","西文","2008-present","ProQuest 【電子期刊】"
"46996","Journal of Human Resources, The","0022-166X","西文","1987-1998","ProQuest 【電子期刊】"
"37700","Journal of Hypertension","0263-6352","西文","1997.01-present","OVID 【電子期刊】"
"49809","Journal of Imaging Informatics in Medicine","2948-2925","西文","1988-present","Springer 【電子期刊】"
"46145","Journal of Immigrant and Minority Health","1557-1912","西文","1999-present(已延遲 1 年)","ProQuest 【電子期刊】"
"49695","Journal of Immigrant and Minority Health","1557-1912","西文","1999-present","Springer 【電子期刊】"
"47595","Journal of Immune Based Therapies and Vaccines","1476-8518","西文","2009-2011","ProQuest 【電子期刊】"
"18795","Journal of immunoassay & immunochemistry","1532-1819","西文","20010201-","MEDLINE電子期刊"
"18914","Journal of immunology research","2314-8861","西文","20140101-","MEDLINE電子期刊"
"46146","Journal of Immunology Research","2314-8861","西文","2008.01-present","ProQuest 【電子期刊】"
"37701","Journal of Immunotherapy","1524-9557","西文","2000.01-present","OVID 【電子期刊】"
"47596","Journal of Immunotoxicology","1547-691X","西文","2017-present","ProQuest 【電子期刊】"
"49152","Journal of Inborn Errors of Metabolism and Screening (JIEMS)","2326-4594","西文","1/1/2018-1/1/2019","ProQuest 【電子期刊】"
"47731","Journal of Indian Academy of Oral Medicine and Radiology","0972-1363","西文","2010-present","ProQuest 【電子期刊】"
"48486","Journal of Indian Association of Pediatric Surgeons","0971-9261","西文","1/1/2008+","ProQuest 【電子期刊】"
"49153","Journal of Indian Orthodontic Society, The","0301-5742","西文","3/1/2019+","ProQuest 【電子期刊】"
"47732","Journal of Indian Prosthodontic Society","0972-4052","西文","2010-present","ProQuest 【電子期刊】"
"47733","Journal of Indian Society of Periodontology","0972-124X","西文","2008-present","ProQuest 【電子期刊】"
"18815","Journal of industrial microbiology & biotechnology","1367-5435","西文","19970101-","MEDLINE電子期刊"
"46147","Journal of Industrial Microbiology & Biotechnology","1367-5435","西文","1997-2020","ProQuest 【電子期刊】"
"38191","Journal of Infection","0163-4453","西文","2007/01-present","ClinicalKey 【電子期刊&電子書】"
"38192","Journal of Infection and Chemotherapy","1341-321X","西文","2007/01-present","ClinicalKey 【電子期刊&電子書】"
"38193","Journal of Infection and Public Health","1876-0341","西文","2008/01-present","ClinicalKey 【電子期刊&電子書】"
"18915","Journal of inflammation","","西文","20040101-","MEDLINE電子期刊"
"47852","Journal of Inflammation","1476-9255","西文","2009-present","ProQuest 【電子期刊】"
"37702","Journal of Infusion Nursing","1533-1458","西文","2001.07-present","OVID 【電子期刊】"
"46148","Journal of Inherited Metabolic Disease","0141-8955","西文","1999-2018","ProQuest 【電子期刊】"
"46149","Journal of Injury and Violence Research","2008-2053","西文","2010.01-present","ProQuest 【電子期刊】"
"46150","Journal of Innate Immunity","1662-811X","西文","2008-2015","ProQuest 【電子期刊】"
"48164","Journal of Integrated Care","1476-9018","西文","2003-present(已延遲 1 年)","ProQuest 【電子期刊】"
"46151","Journal of Intellectual & Developmental Disability","1366-8250","西文","1997 - 2000","ProQuest 【電子期刊】"
"47054","Journal of Intellectual Disabilities and Offending Behaviour","2050-8824","西文","2010-present(已延遲 1 年)","ProQuest 【電子期刊】"
"19301","Journal of intellectual disability research: JIDR","0964-2633","西文","19920201-","MEDLINE電子期刊"
"47448","Journal of Intensive Care","2052-0492","西文","2015-present","ProQuest 【電子期刊】"
"38617","Journal of Intensive Medicine","2667-100X","西文","2021-present","ClinicalKey 【電子期刊&電子書】"
"47734","Journal of Interdisciplinary Dentistry","2229-5194","西文","2011-present","ProQuest 【電子期刊】"
"46152","Journal of Interferon & Cytokine Research","1079-9907","西文","1998-2018","ProQuest 【電子期刊】"
"6587","Journal of Internal Medicine","0954-6820","西文","1997-present","Wiley Online Library(電子期刊)"
"46153","Journal of International Advanced Otology; Ankara","1308-7649","西文","2010 - present","ProQuest 【電子期刊】"
"35993","Journal of International Dental and Medical Research","1309-100x","西文","20080901-20180701","Airiti Library 【華藝中文電子期刊】"
"47735","Journal of International Dental and Medical Research","1309-100X","西文","2011-present","ProQuest 【電子期刊】"
"49154","Journal of International Medical Research","0300-0605","西文","3/1/1979+","ProQuest 【電子期刊】"
"47736","Journal of International Oral Health","0976-1799","西文","2011-present","ProQuest 【電子期刊】"
"49155","Journal of International Society of Preventive & Community Dentistry","2231-0762","西文","7/1/2013-1/1/2024","ProQuest 【電子期刊】"
"18946","Journal of interprofessional care","1356-1820","西文","20010201-","MEDLINE電子期刊"
"48556","Journal of Interprofessional Care","1356-1820","西文","5/1/1998-11/1/2000","ProQuest 【電子期刊】"
"38194","Journal of Interprofessional Education & Practice","2405-4526","西文","2015.03-present","ClinicalKey 【電子期刊&電子書】"
"46154","Journal of Interventional Cardiac Electrophysiology","1383-875X","西文","1997.07-present(已延遲 1 年)","ProQuest 【電子期刊】"
"49696","Journal of Interventional Cardiac Electrophysiology","1383-875X","西文","1997-present","Springer 【電子期刊】"
"19230","Journal of interventional cardiology","0896-4327","西文","20030201-","MEDLINE電子期刊"
"49156","Journal of Interventional Cardiology","0896-4327","西文","1/1/2019-1/1/2020","ProQuest 【電子期刊】"
"47769","Journal of Invasive Fungal Infections, The","1753-3783","西文","2011","ProQuest 【電子期刊】"
"38618","Journal of Investigative Dermatology Innovations","2667-0267","西文","2021-present","ClinicalKey 【電子期刊&電子書】"
"46155","Journal of Investigative Dermatology, The","0022-202X","西文","2000-2015","ProQuest 【電子期刊】"
"46156","Journal of Investigative Dermatology. Symposium Proceedings, The","1087-0024","西文","1999-2015","ProQuest 【電子期刊】"
"37703","Journal of Investigative Medicine","1081-5589","西文","2010-2016","OVID 【電子期刊】"
"49157","Journal of Investigative Medicine High Impact Case Reports","2324-7096","西文","1/1/2016+","ProQuest 【電子期刊】"
"18831","Journal of investigative medicine: the official publication of the American Federation for Clinical Research","1081-5589","西文","20040101-20071201","MEDLINE電子期刊"
"46157","Journal of Investigative Medicine; London","1081-5589","西文","2001-2022","ProQuest 【電子期刊】"
"19199","Journal of investigative surgery: the official journal of the Academy of Surgical Research","0894-1939","西文","19990101-","MEDLINE電子期刊"
"38619","Journal of ISAKOS","2059-7754","西文","2016-present","ClinicalKey 【電子期刊&電子書】"
"38694","Journal of Joint Surgery and Research","2949-7051","西文","2023-present","ClinicalKey 【電子期刊&電子書】"
"48380","Journal of Kidney Cancer and VHL","2203-5826","西文","1/1/2014+","ProQuest 【電子期刊】"
"47449","Journal of King Abdulaziz University","1319-1004","西文","2010-2021","ProQuest 【電子期刊】"
"48234","Journal of Laboratory Physicians","0974-2727","西文","2009-2019","ProQuest 【電子期刊】"
"49158","Journal of Language, Speech and Swallowing Research","2651-2548","西文","4/1/2021+","ProQuest 【電子期刊】"
"46158","Journal of Laryngology and Otology, The","0022-2151","西文","2001-present(已延遲 1 年)","ProQuest 【電子期刊】"
"49159","Journal of Lasers in Medical Sciences","2008-9783","西文","10/1/2010-4/1/2020","ProQuest 【電子期刊】"
"46159","Journal of Law and Health (Online)","","西文","2012.01-present","ProQuest 【電子期刊】"
"46160","Journal of Law, Medicine & Ethics, The","1073-1105","西文","1993-present(已延遲 1 年)","ProQuest 【電子期刊】"
"46161","Journal of Learning Disabilities","0022-2194","西文","1997.05-2010.05","ProQuest 【電子期刊】"
"37142","Journal of Lipids","2090-3030","西文","20141201-20141201","Airiti Library 【華藝中文電子期刊】"
"18856","Journal of liposome research","0898-2104","西文","20020201-","MEDLINE電子期刊"
"38709","Journal of Liquid Biopsy, The","2950-1954","西文","2023-present","ClinicalKey 【電子期刊&電子書】"
"38620","Journal of Liver Transplantation","2666-9676","西文","2021-present","ClinicalKey 【電子期刊&電子書】"
"37704","Journal of Lower Genital Tract Disease","1089-2591","西文","2001.01-present","OVID 【電子期刊】"
"6588","Journal of Magnetic Resonance Imaging","1053-1807","西文","1999-present","Wiley Online Library(電子期刊)"
"46966","Journal of Mammalogy","0022-2372","西文","1997-2015","ProQuest 【電子期刊】"
"46162","Journal of Mammary Gland Biology and Neoplasia","1083-3021","西文","1997-present(已延遲 1 年)","ProQuest 【電子期刊】"
"37363","Journal of Marine Biology","1687-9481","西文","20091201-20171201","Airiti Library 【華藝中文電子期刊】"
"19183","Journal of marital and family therapy","0194-472X","西文","20060101-","MEDLINE電子期刊"
"47189","Journal of Market Access & Health Policy","2001-6689","西文","2013-present","ProQuest 【電子期刊】"
"46164","Journal of Materials Science : Materials in Medicine","0957-4530","西文","1997.02-present(已延遲 1 年)","ProQuest 【電子期刊】"
"46165","Journal of Maternal - Fetal & Neonatal Medicine","1476-7058","西文","2003.04-2007.12","ProQuest 【電子期刊】"
"18933","Journal of mathematical biology","0303-6812","西文","20050101-","MEDLINE電子期刊"
"46166","Journal of Mathematical Biology","0303-6812","西文","1997-present(已延遲 1 年)","ProQuest 【電子期刊】"
"49160","Journal of Maxillofacial and Oral Surgery","0972-8279","西文","3/1/2009+","ProQuest 【電子期刊】"
"49697","Journal of Maxillofacial and Oral Surgery","0972-8279","西文","2009-present","Springer 【電子期刊】"
"46167","Journal of Medical & Allied Sciences","2231-1696","西文","2011 - present","ProQuest 【電子期刊】"
"35997","Journal of Medical and Biological Engineering","1609-0985","西文","20030301-20141201","Airiti Library 【華藝中文電子期刊】"
"51365","Journal of Medical and Biological Engineering","1609-0985","西文","2/1/2015+","ProQuest 【電子期刊】"
"46853","Journal of Medical Biochemistry","1452-8258","西文","2007-2019","ProQuest 【電子期刊】"
"46168","Journal of Medical Biography","0967-7720","西文","2003.03-2006.08","ProQuest 【電子期刊】"
"47450","Journal of Medical Case Reports","1752-1947","西文","2015-present","ProQuest 【電子期刊】"
"47451","Journal of Medical Discovery","2476-129X","西文","2016-present","ProQuest 【電子期刊】"
"37450","Journal of Medical Education","1028-2424","西文","19970301-present","Airiti Library 【華藝中文電子期刊】"
"49161","Journal of Medical Education and Curricular Development","2382-1205","西文","1/1/2016+","ProQuest 【電子期刊】"
"18824","Journal of medical engineering & technology","0309-1902","西文","19980701-","MEDLINE電子期刊"
"46901","Journal of Medical Entomology","0022-2585","西文","2016-present(已延遲 1 年)","ProQuest 【電子期刊】"
"49162","Journal of Medical Ethics","0306-6800","西文","4/1/1975+","ProQuest 【電子期刊】"
"47452","Journal of Medical Ethics and History of Medicine","2008-0387","西文","2009-present","ProQuest 【電子期刊】"
"49163","Journal of Medical Genetics","0022-2593","西文","1/1/1994+","ProQuest 【電子期刊】"
"47453","Journal of Medical Hypotheses and Ideas","2251-7294","西文","2010-2015","ProQuest 【電子期刊】"
"51366","Journal of Medical Imaging and Interventional Radiology","3004-8613","西文","12/1/2025+","ProQuest 【電子期刊】"
"19189","Journal of medical imaging and radiation oncology","1754-9477","西文","20080201-","MEDLINE電子期刊"
"38197","Journal of Medical Imaging and Radiation Sciences","1939-8654","西文","2008/03-present","ClinicalKey 【電子期刊&電子書】"
"19302","Journal of medical Internet research","1439-4456","西文","20050101-","MEDLINE電子期刊"
"49164","Journal of Medical Internet Research","1438-8871","西文","1/1/2001+","ProQuest 【電子期刊】"
"49165","Journal of Medical Physics","0971-6203","西文","1/1/2008-10/1/2023","ProQuest 【電子期刊】"
"46171","Journal of Medical Practice Management : MPM, The","8755-0229","西文","2008.01-present","ProQuest 【電子期刊】"
"18909","Journal of medical primatology","0047-2565","西文","19980201-","MEDLINE電子期刊"
"49166","Journal of Medical Radiation Sciences","2051-3895","西文","4/1/2004+","ProQuest 【電子期刊】"
"35995","Journal of Medical Sciences","1011-4564","西文","20001201-present","Airiti Library 【華藝中文電子期刊】"
"18819","Journal of medical screening","0969-1413","西文","19980301-20150601","MEDLINE電子期刊"
"46172","Journal of Medical Screening","0969-1413","西文","2003.10-2006.04","ProQuest 【電子期刊】"
"18832","Journal of medical systems","0148-5598","西文","20000201-","MEDLINE電子期刊"
"46173","Journal of Medical Systems","0148-5598","西文","1997.02-present(已延遲 1 年)","ProQuest 【電子期刊】"
"49698","Journal of Medical Systems","0148-5598","西文","1977-present","Springer 【電子期刊】"
"46174","Journal of Medical Toxicology","1556-9039","西文","2005.12-present (已延遲 1 年)","ProQuest 【電子期刊】"
"49167","Journal of Medical Ultrasonics","1346-4523","西文","3/1/2001+","ProQuest 【電子期刊】"
"49699","Journal of Medical Ultrasonics","1346-4523","西文","2001-present","Springer 【電子期刊】"
"35996","Journal of Medical Ultrasound","0929-6441","西文","19981201-20100301","Airiti Library 【華藝中文電子期刊】"
"47454","Journal of Medicine","1997-9797","西文","2006-2021","ProQuest 【電子期刊】"
"46175","Journal of Medicine and Life","1844-122X","西文","2010.01-present","ProQuest 【電子期刊】"
"51113","Journal of Medicine and Life Sciences","3078-7734","西文","20250426-","Airiti Library 【華藝中文電子期刊】"
"48624","Journal of Medicine, Radiology, Pathology and Surgery","2395-2075","西文","2015-2019","ProQuest 【電子期刊】"
"38734","Journal of Medicine, Surgery, and Public Health","2949-916X","西文","2023-present","ClinicalKey 【電子期刊&電子書】"
"46176","Journal of Membrane Biology","0022-2631","西文","1997-present(已延遲 1 年)","ProQuest 【電子期刊】"
"19182","Journal of mental deficiency research","0022-264X","西文","19650901-19911201","MEDLINE電子期刊"
"48557","Journal of Mental Health","0963-8237","西文","10/1/1997-10/1/2000","ProQuest 【電子期刊】"
"48558","Journal of Mental Health Training, Education, and Practice, The","1755-6228","西文","2006-present (已延遲 1 年)","ProQuest 【電子期刊】"
"38198","Journal of Microbiology, Immunology and Infection","1684-1182","西文","2010/02-present","ClinicalKey 【電子期刊&電子書】"
"46177","Journal of Microbiology, The","1225-8873","西文","2008-2019","ProQuest 【電子期刊】"
"18858","Journal of microencapsulation","0265-2048","西文","19990101-","MEDLINE電子期刊"
"18898","Journal of microscopy","0022-2720","西文","19980101-","MEDLINE電子期刊"
"38586","Journal of Migration and Health","2666-6235","西文","2020-present","ClinicalKey 【電子期刊&電子書】"
"47853","Journal of Minimal Access Surgery","0972-9941","西文","2005-present","ProQuest 【電子期刊】"
"38199","Journal of Minimally Invasive Gynecology, The","1553-4650","西文","2007/01-present","ClinicalKey 【電子期刊&電子書】"
"38201","Journal of Molecular and Cellular Cardiology","0022-2828","西文","2007/01-present","ClinicalKey 【電子期刊&電子書】"
"38677","Journal of Molecular and Cellular Cardiology Plus","2772-9761","西文","2022-present","ClinicalKey 【電子期刊&電子書】"
"38200","Journal of Molecular Diagnostics, The","1525-1578","西文","2007/02-present","ClinicalKey 【電子期刊&電子書】"
"18883","Journal of molecular evolution","0022-2844","西文","20000101-","MEDLINE電子期刊"
"46178","Journal of Molecular Evolution","0022-2844","西文","1997-present(已延遲 1 年)","ProQuest 【電子期刊】"
"46179","Journal of Molecular Histology","1567-2379","西文","1997-present(已延遲 1 年)","ProQuest 【電子期刊】"
"46180","Journal of Molecular Medicine","0946-2716","西文","1997-present (已延遲 1 年)","ProQuest 【電子期刊】"
"18797","Journal of molecular medicine: official organ of the 'Gesellschaft Deutscher Naturforscher und Arzte'","0946-2716","西文","20000301-","MEDLINE電子期刊"
"18951","Journal of molecular microbiology and biotechnology","1464-1801","西文","20030301-20111201","MEDLINE電子期刊"
"46181","Journal of Molecular Microbiology and Biotechnology","1464-1801","西文","2003-2015","ProQuest 【電子期刊】"
"46182","Journal of Molecular Neuroscience; MN","0895-8696","西文","1997.02-present(已延遲 1 年)","ProQuest 【電子期刊】"
"46825","Journal of Molecular Psychiatry","2049-9256","西文","2015-2016","ProQuest 【電子期刊】"
"46957","Journal of Molecular Signaling","1750-2187","西文","2009-2014","ProQuest 【電子期刊】"
"38696","Journal of Mood and Anxiety Disorders","2950-0044","西文","2023-present","ClinicalKey 【電子期刊&電子書】"
"46902","Journal of Mosquito Research","1927-646X","西文","2011-2018","ProQuest 【電子期刊】"
"51367","Journal of Mother and Child","2719-6488","西文","1/1/2017+","ProQuest 【電子期刊】"
"46183","Journal of Motor Behavior","0022-2895","西文","1998.03-2010.11","ProQuest 【電子期刊】"
"48306","Journal of Multicultural Nursing & Health","1526-8233","西文","10/1/1998-4/1/2007","ProQuest 【電子期刊】"
"51368","Journal of Multimorbidity and Comorbidity","2633-5565","西文","1/1/2016+","ProQuest 【電子期刊】"
"46184","Journal of Muscle Research and Cell Motility","0142-4319","西文","1997-present","ProQuest 【電子期刊】"
"47816","Journal of Musculoskeletal Medicine (Online), The","","西文","2012-2013","ProQuest 【電子期刊】"
"47817","Journal of Musculoskeletal Medicine, The","0899-2517","西文","2007-2012","ProQuest 【電子期刊】"
"46185","Journal of Music Therapy","0022-2917","西文","2000-2016","ProQuest 【電子期刊】"
"46186","Journal of Nanobiotechnology","1477-3155","西文","2009-present","ProQuest 【電子期刊】"
"48007","Journal of Nanoparticle Research","1388-0764","西文","1999-present","ProQuest 【電子期刊】"
"49168","Journal of Nanotheranostics","2624-845X","西文","1/1/2021+","ProQuest 【電子期刊】"
"49169","Journal of Natural Science, Biology and Medicine","0976-9668","西文","1/1/2011-7/1/2021","ProQuest 【電子期刊】"
"18947","Journal of negative results in biomedicine","","西文","20020101-","MEDLINE電子期刊"
"46187","Journal of Negative Results in Biomedicine","1477-5751","西文","2009-2017","ProQuest 【電子期刊】"
"19313","Journal of nephrology","1121-8428","西文","20080101-","MEDLINE電子期刊"
"51369","Journal of Nephrology","1121-8428","西文","2/1/2014-12/1/2025","ProQuest 【電子期刊】"
"37143","Journal of Nephrology and Urology Research","","西文","20131130-20140401","Airiti Library 【華藝中文電子期刊】"
"37705","Journal of Nervous & Mental Disease","0022-3018","西文","1996.01-present","OVID 【電子期刊】"
"19048","Journal of neural transmission","0300-9564","西文","20000101-","MEDLINE電子期刊"
"49700","Journal of Neural Transmission","0300-9564","西文","1997-present","Springer 【電子期刊】"
"46188","Journal of Neuro - Oncology","0167-594X","西文","1997-present(已延遲 1 年)","ProQuest 【電子期刊】"
"49701","Journal of Neuro-Oncology","0167-594X","西文","1997-present","Springer 【電子期刊】"
"37706","Journal of Neuro-Ophthalmology","1070-8022","西文","2003-present","OVID 【電子期刊】"
"48560","Journal of Neurodevelopmental Disorders","1866-1947","西文","2014-present","ProQuest 【電子期刊】"
"18974","Journal of neuroendocrinology","0953-8194","西文","19980101-","MEDLINE電子期刊"
"46189","Journal of Neuroengineering and Rehabilitation","1743-0003","西文","2009-present","ProQuest 【電子期刊】"
"19002","Journal of neurogenetics","0167-7063","西文","20020101-","MEDLINE電子期刊"
"19190","Journal of neuroimaging: official journal of the American Society of Neuroimaging","1051-2284","西文","20060101-","MEDLINE電子期刊"
"47951","Journal of Neuroimmune Pharmacology","1557-1890","西文","2006-present(已延遲 1 年)","ProQuest 【電子期刊】"
"38202","Journal of Neuroimmunology","0165-5728","西文","2007-present","ClinicalKey 【電子期刊&電子書】"
"46190","Journal of Neuroinflammation","1742-2094","西文","2009-present","ProQuest 【電子期刊】"
"48561","Journal of NeuroInterventional Surgery","1759-8478","西文","2009-present(已延遲 6 個月)","ProQuest 【電子期刊】"
"37707","Journal of Neurologic Physical Therapy","1557-0576","西文","2001.03-present","OVID 【電子期刊】"
"46191","Journal of Neurologic Physical Therapy","1557-0576","西文","1999.03-2010.12","ProQuest 【電子期刊】"
"19049","Journal of neurology","0340-5354","西文","20000101-","MEDLINE電子期刊"
"46192","Journal of Neurology","0340-5354","西文","1997-present(已延遲 1 年)","ProQuest 【電子期刊】"
"49702","Journal of Neurology","0340-5354","西文","1997-present","Springer 【電子期刊】"
"48224","Journal of Neurology and Psychiatry","0368-329X","西文","1938-1943","ProQuest 【電子期刊】"
"48225","Journal of Neurology and Psychopathology, The","","西文","1920-1937","ProQuest 【電子期刊】"
"6713","Journal of neurology, neurosurgery & psychiatry","1468-330X","西文","2001.10-2026.12","彰秀單本期刊"
"49170","Journal of Neurology, Neurosurgery and Psychiatry","0022-3050","西文","7/1/1944+","ProQuest 【電子期刊】"
"35999","Journal of Neuroparasitology","2090-2344","西文","20100930-20110730","Airiti Library 【華藝中文電子期刊】"
"37708","Journal of Neuropathology & Experimental Neurology","0022-3069","西文","2010-2015","OVID 【電子期刊】"
"46194","Journal of Neuropathology and Experimental Neurology","0022-3069","西文","1997-present(已延遲 1 年)","ProQuest 【電子期刊】"
"38203","Journal of Neuroradiology","0150-9861","西文","2007/03-present","ClinicalKey 【電子期刊&電子書】"
"37709","Journal of Neuroscience Nursing","0888-0395","西文","1969.10-present","OVID 【電子期刊】"
"49171","Journal of Neuroscience Nursing","0888-0395","西文","2/1/1999-12/1/2009","ProQuest 【電子期刊】"
"48562","Journal of Neurosciences in Rural Practice","0976-3147","西文","2010-2019","ProQuest 【電子期刊】"
"6682","Journal of Neurosurgery(JNS)","0022-3085","英文","1944-present","南醫單本訂購期刊"
"37710","Journal of Neurosurgical Anesthesiology","0898-4921","西文","2000.01-present","OVID 【電子期刊】"
"46196","Journal of Neurosurgical Sciences","0390-5616","西文","1998.03-2010.03","ProQuest 【電子期刊】"
"46197","Journal of Neurotrauma","0897-7151","西文","2000-2021","ProQuest 【電子期刊】"
"19050","Journal of neurovirology","1355-0284","西文","20010201-","MEDLINE電子期刊"
"51370","Journal of Neurovirology","1355-0284","西文","1/1/2001+","ProQuest 【電子期刊】"
"46198","Journal of Nuclear Cardiology","1071-3581","西文","1997-2019","ProQuest 【電子期刊】"
"46199","Journal of Nuclear Medicine Technology","0091-4916","西文","1999.03-2012.12","ProQuest 【電子期刊】"
"46200","Journal of Nuclear Medicine, The","0161-5505","西文","1996-2012.12","ProQuest 【電子期刊】"
"37144","Journal of Nucleic Acids","2090-021X","西文","20141201-20141201","Airiti Library 【華藝中文電子期刊】"
"37712","Journal of Nursing Care Quality","1057-3631","西文","1998.02-present","OVID 【電子期刊】"
"46201","Journal of Nursing Education","0148-4834","西文","1962.12-present","ProQuest 【電子期刊】"
"46202","Journal of Nursing Law","1073-7472","西文","2005.04-2012.07","ProQuest 【電子期刊】"
"49172","Journal of Nursing Management","0966-0429","西文","1/1/2023+","ProQuest 【電子期刊】"
"46203","Journal of Nursing Measurement","1061-3749","西文","2005-2016","ProQuest 【電子期刊】"
"37713","Journal of Nursing Research","1682-3141","西文","2001.06-present","OVID 【電子期刊】"
"46204","Journal of Nursing Scholarship","1527-6546","西文","1998-present","ProQuest 【電子期刊】"
"38529","Journal of Nutrition & Intermediary Metabolism","2352-3859","西文","2014-present","ClinicalKey 【電子期刊&電子書】"
"37145","Journal of Nutrition and Metabolism","2090-0724","西文","20141201-20141201","Airiti Library 【華藝中文電子期刊】"
"19078","Journal of nutrition education","0022-3182","西文","20010101-20011201","MEDLINE電子期刊"
"19081","Journal of nutrition education and behavior","1499-4046","西文","20020101-20051101","MEDLINE電子期刊"
"38204","Journal of Nutrition Education and Behavior","1499-4046","西文","2007/01-present","ClinicalKey 【電子期刊&電子書】"
"49173","Journal of Nutrition Education and Behavior","1499-4046","西文","3/1/1997-11/1/2001","ProQuest 【電子期刊】"
"46205","Journal of Nutrition, Health & Aging, The","1279-7707","西文","2006-present","ProQuest 【電子期刊】"
"38778","Journal of Nutrition, Health and Aging, The","1279-7707","西文","2012-present","ClinicalKey 【電子期刊&電子書】"
"49174","Journal of Nutritional & Environmental Medicine","1359-0847","西文","9/1/1997-9/1/2000","ProQuest 【電子期刊】"
"49175","Journal of Nutritional Science","2048-6790","西文","1/1/2015+","ProQuest 【電子期刊】"
"37429","Journal of Obesity","2090-0708","西文","20101201-20171201","Airiti Library 【華藝中文電子期刊】"
"46207","Journal of Obesity","2090-0708","西文","2014 - present","ProQuest 【電子期刊】"
"38205","Journal of Obsessive-Compulsive and Related Disorders","2211-3649","西文","2012/01-present","ClinicalKey 【電子期刊&電子書】"
"38206","Journal of Obstetrics and Gynaecology Canada (JOGC)","1701-2163","西文","2007.01-present","ClinicalKey 【電子期刊&電子書】"
"46208","Journal of Obstetrics and Gynaecology; Bristol","0144-3615","西文","1997 - 2000","ProQuest 【電子期刊】"
"51371","Journal of Obstetrics and Gynecology of India, The","0971-9202","西文","2/1/2023+","ProQuest 【電子期刊】"
"37714","Journal of Occupational & Environmental Medicine","1076-2752","西文","1996.01-present","OVID 【電子期刊】"
"47455","Journal of Occupational Medicine and Toxicology","1745-6673","西文","2009-present","ProQuest 【電子期刊】"
"46209","Journal of Occupational Rehabilitation","1053-0487","西文","1997.12-present(已延遲 1 年)","ProQuest 【電子期刊】"
"49703","Journal of Occupational Rehabilitation","1053-0487","西文","1997-present","Springer 【電子期刊】"
"37146","Journal of Oncology","1687-8450","西文","20081201-20141201","Airiti Library 【華藝中文電子期刊】"
"49176","Journal of Oncology","1687-8450","西文","1/1/2013+","ProQuest 【電子期刊】"
"46210","Journal of Oncology Pharmacy Practice","1078-1552","西文","1999-2015","ProQuest 【電子期刊】"
"48381","Journal of OncoPathology, The","2052-5931","西文","3/1/2014-3/1/2014","ProQuest 【電子期刊】"
"51372","Journal of Operational Research Society, The","0160-5682","西文","1/1/1999-12/1/2017","ProQuest 【電子期刊】"
"48412","Journal of Ophthalmic & Vision Research","2008-2010","西文","2009-2019","ProQuest 【電子期刊】"
"48413","Journal of Ophthalmic Inflammation and Infection","1869-5760","西文","1/1/2013+","ProQuest 【電子期刊】"
"48307","Journal of Ophthalmic Nursing & Technology","0744-7132","西文","1/1/1999-11/1/2000","ProQuest 【電子期刊】"
"37147","Journal of Ophthalmology","2090-004X","西文","20141201-20141201","Airiti Library 【華藝中文電子期刊】"
"49177","Journal of Ophthalmology","2090-004X","西文","1/1/2013+","ProQuest 【電子期刊】"
"38207","Journal of Optometry","1888-4296","西文","2008.01-present","ClinicalKey 【電子期刊&電子書】"
"47737","Journal of Oral and Maxillofacial Pathology : JOMFP","0973-029X","西文","2008-present","ProQuest 【電子期刊】"
"38209","Journal of Oral and Maxillofacial Surgery","0278-2391","西文","2007/01-present","ClinicalKey 【電子期刊&電子書】"
"8729","Journal of Oral and Maxillofacial Surgery, Medicine, and Pathology","","西文","2012-present，訂購年份：2018","ScienceDirect(SDOL)"
"38208","Journal of Oral Biology and Craniofacial Research","2212-4268","西文","2011.10-present","ClinicalKey 【電子期刊&電子書】"
"6685","Journal of Oral Implantology","0160-6972","西文","1998.01-2026.12","彰秀單本期刊"
"46211","Journal of Oral Implantology, The","0160-6972","西文","2005-2023","ProQuest 【電子期刊】"
"49178","Journal of Oral Medicine and Oral Surgery","2608-1326","西文","1/1/2015+","ProQuest 【電子期刊】"
"46944","Journal of Oral Microbiology","2000-2297","西文","2013-present","ProQuest 【電子期刊】"
"49704","Journal of Orofacial Orthopedics / Fortschritte der Kieferorthop?die","1434-5293","西文","1997-present","Springer 【電子期刊】"
"49179","Journal of Orthodontic Science","2278-1897","西文","1/1/2012-1/1/2024","ProQuest 【電子期刊】"
"20206","Journal of Orthopaedic & Sports Physical Therapy(JOSPT)(南醫2025年起停訂)","0190-6011","英文","1970-present","南醫單本訂購期刊"
"38678","Journal of Orthopaedic Reports","2773-157X","西文","2022-present","ClinicalKey 【電子期刊&電子書】"
"46212","Journal of Orthopaedic Research","0736-0266","西文","1997-2005.11","ProQuest 【電子期刊】"
"38210","Journal of Orthopaedic Science","0949-2658","西文","2010/01-present","ClinicalKey 【電子期刊&電子書】"
"46213","Journal of Orthopaedic Science","0949-2658","西文","1997-2015","ProQuest 【電子期刊】"
"19099","Journal of orthopaedic surgery","1022-5536","西文","20061201-20170901","MEDLINE電子期刊"
"46214","Journal of Orthopaedic Surgery","1022-5536","西文","1997-2018","ProQuest 【電子期刊】"
"46215","Journal of Orthopaedic Surgery and Research","1749-799X","西文","2009-present","ProQuest 【電子期刊】"
"36001","Journal of Orthopaedic Surgery Taiwan","1011-6923","西文","20050101-20100530","Airiti Library 【華藝中文電子期刊】"
"37715","Journal of Orthopaedic Trauma","0890-5339","西文","1996.01-present","OVID 【電子期刊】"
"38211","Journal of Orthopaedics","0972-978X","西文","2013/03-present","ClinicalKey 【電子期刊&電子書】"
"48445","Journal of Orthopaedics and Spine","2319-2585","西文","2013-2019","ProQuest 【電子期刊】"
"37148","Journal of Orthopaedics and Trauma","2090-2921","西文","20111201-20151201","Airiti Library 【華藝中文電子期刊】"
"46216","Journal of Orthopaedics and Traumatology; Milan","1590-9921","西文","2000 - present","ProQuest 【電子期刊】"
"49180","Journal of Osteopathic Medicine","2702-3648","西文","1/1/2012+","ProQuest 【電子期刊】"
"37149","Journal of Osteoporosis","2042-0064","西文","20141201-20141201","Airiti Library 【華藝中文電子期刊】"
"49181","Journal of Osteoporosis","2090-8059","西文","1/1/2013+","ProQuest 【電子期刊】"
"46217","Journal of Otolaryngology - Head & Neck Surgery","1916-0208","西文","1998-present","ProQuest 【電子期刊】"
"19100","Journal of otolaryngology - head & neck surgery = Le Journal d'oto-rhino-laryngologie et de chirurgie cervico-faciale","1916-0208","西文","20080201-","MEDLINE電子期刊"
"38547","Journal of Otology","1672-2930","西文","2014-present","ClinicalKey 【電子期刊&電子書】"
"46732","Journal of Ovarian Research","1757-2215","西文","2009 - present","ProQuest 【電子期刊】"
"19130","Journal of pain & palliative care pharmacotherapy","1536-0288","西文","20020301-","MEDLINE電子期刊"
"38213","Journal of Pain and Symptom Management","0885-3924","西文","2007/01-present","ClinicalKey 【電子期刊&電子書】"
"47456","Journal of Pain Management","1939-5914","西文","2011-present","ProQuest 【電子期刊】"
"46218","Journal of Palliative Care","0825-8597","西文","1998-2017","ProQuest 【電子期刊】"
"48382","Journal of Pancreatic Cancer","2475-3246","西文","2015-2021","ProQuest 【電子期刊】"
"48049","Journal of Parapsychology, The","0022-3387","西文","1995-present","ProQuest 【電子期刊】"
"49705","Journal of Parasitic Diseases","0971-7196","西文","2009-present","Springer 【電子期刊】"
"37150","Journal of Parasitology Research","2090-0023","西文","20141201-20141201","Airiti Library 【華藝中文電子期刊】"
"46219","Journal of Parasitology, The","0022-3395","西文","2000-2023","ProQuest 【電子期刊】"
"49182","Journal of Participatory Medicine","2152-7202","西文","1/1/2017+","ProQuest 【電子期刊】"
"37151","Journal of Pathogens","2090-3057","西文","20141201-20141201","Airiti Library 【華藝中文電子期刊】"
"38665","Journal of Pathology Informatics","2153-3539","西文","2012-present","ClinicalKey 【電子期刊&電子書】"
"49183","Journal of Pathology Informatics","2229-5089","西文","1/1/2013-1/1/2022","ProQuest 【電子期刊】"
"49184","Journal of Pathology: Clinical Research, The","2056-4538","西文","1/1/2015+","ProQuest 【電子期刊】"
"49185","Journal of Patient Experience","2374-3735","西文","3/1/2016+","ProQuest 【電子期刊】"
"37716","Journal of Patient Safety","1549-8417","西文","2005.05-present","OVID 【電子期刊】"
"38217","Journal of Pediatric and Adolescent Gynecology","1083-3188","西文","2007/02-present","ClinicalKey 【電子期刊&電子書】"
"46733","Journal of Pediatric Endocrinology & Metabolism","2191-0251","西文","2014-2017","ProQuest 【電子期刊】"
"51373","Journal of Pediatric Endoscopic Surgery","2524-7875","西文","6/1/2019+","ProQuest 【電子期刊】"
"37717","Journal of Pediatric Gastroenterology & Nutrition","0277-2116","西文","1996-2024","OVID 【電子期刊】"
"51051","Journal of Pediatric Gastroenterology & Nutrition","0277-2116","西文","2000-present","Wiley Online Library(電子期刊)"
"38214","Journal of Pediatric Health Care","0891-5245","西文","2007/01-present","ClinicalKey 【電子期刊&電子書】"
"37718","Journal of Pediatric Hematology/Oncology","1077-4114","西文","1996.02-present","OVID 【電子期刊】"
"48487","Journal of Pediatric Neurology","1304-2580","西文","2004-2018","ProQuest 【電子期刊】"
"48488","Journal of Pediatric Neurosciences","1817-1745","西文","2008-present","ProQuest 【電子期刊】"
"19113","Journal of pediatric ophthalmology and strabismus","0191-3913","西文","20030101-20101201","MEDLINE電子期刊"
"46220","Journal of Pediatric Ophthalmology and Strabismus","0191-3913","西文","1964.01.01-present","ProQuest 【電子期刊】"
"37719","Journal of Pediatric Orthopaedics","0271-6798","西文","1996.01-present","OVID 【電子期刊】"
"37720","Journal of Pediatric Orthopaedics B","1060-152X","西文","2000.01-present","OVID 【電子期刊】"
"48489","Journal of Pediatric Research, The","2147-9445","西文","3/1/2016+","ProQuest 【電子期刊】"
"38215","Journal of Pediatric Surgery","0022-3468","西文","2007/01-present","ClinicalKey 【電子期刊&電子書】"
"38513","Journal of Pediatric Surgery Case Reports","2213-5766","西文","2013.01-present","ClinicalKey 【電子期刊&電子書】"
"38685","Journal of Pediatric Surgery Open","2949-7116","西文","2023-present","ClinicalKey 【電子期刊&電子書】"
"37721","Journal of Pediatric Surgical Nursing","2332-0249","西文","2014-2024","OVID 【電子期刊】"
"38216","Journal of Pediatric Urology","1477-5131","西文","2007/02-present","ClinicalKey 【電子期刊&電子書】"
"38500","Journal of Pediatrics, The","0022-3476","西文","2007-present","ClinicalKey 【電子期刊&電子書】"
"46997","Journal of Pension Benefits","1069-4064","西文","2002-present","ProQuest 【電子期刊】"
"37722","Journal of Perinatal & Neonatal Nursing","0893-2190","西文","1999.03-present","OVID 【電子期刊】"
"46221","Journal of Perinatology","0743-8346","西文","2000-present(已延遲 1 年)","ProQuest 【電子期刊】"
"49901","Journal of Periodontics and Implant Dentistry","2616-3403","西文","20180601-present","Airiti Library 【華藝中文電子期刊】"
"6688","Journal of Periodontology","0022-3492","西文","訂購年份:2026-2030(五年約)","彰秀單本期刊"
"47738","Journal of Periodontology & Implant Dentistry","2008-7748","西文","2013-present","ProQuest 【電子期刊】"
"46222","Journal of Perioperative Practice, The","1750-4589","西文","1999-2013.12","ProQuest 【電子期刊】"
"19159","Journal of personality","0022-3506","西文","19650901-","MEDLINE電子期刊"
"18865","Journal of personality assessment","0022-3891","西文","19750201-","MEDLINE電子期刊"
"46223","Journal of Personality Disorders","0885-579X","西文","1987-2017","ProQuest 【電子期刊】"
"47952","Journal of Pharmaceutical Health Care and Sciences","2055-0294","西文","2015-present","ProQuest 【電子期刊】"
"51374","Journal of Pharmaceutical Innovation","1872-5120","西文","9/1/2006+","ProQuest 【電子期刊】"
"51375","Journal of Pharmaceutical Investigation","2093-5552","西文","4/1/2012+","ProQuest 【電子期刊】"
"47953","Journal of Pharmaceutical Policy and Practice","2052-3211","西文","2015-present","ProQuest 【電子期刊】"
"19135","Journal of pharmaceutical sciences","0022-3549","西文","20050601-20151201","MEDLINE電子期刊"
"47954","Journal of Pharmaceutical Sciences and Research","0975-1459","西文","2009-present","ProQuest 【電子期刊】"
"46224","Journal of Pharmacokinetics and Pharmacodynamics","1567-567X","西文","1997.02-present(已延遲 1 年)","ProQuest 【電子期刊】"
"49186","Journal of Pharmacology and Pharmacotherapeutics","0976-500X","西文","1/1/2010-10/1/2021","ProQuest 【電子期刊】"
"49187","Journal of Pharmacy and Bioallied Sciences","0976-4879","西文","1/1/2009-1/1/2024","ProQuest 【電子期刊】"
"48182","Journal of Physical Education and Sport","2247-8051","西文","2011-present","ProQuest 【電子期刊】"
"48000","Journal of Physical Education, Recreation & Dance","0730-3084","西文","1988-2016","ProQuest 【電子期刊】"
"37829","Journal of Physical Therapy Education","0899-1855","西文","2013-present","OVID 【電子期刊】"
"46734","Journal of Physiological Anthropology; Tokyo","1880-6791","西文","2012- present","ProQuest 【電子期刊】"
"49188","Journal of Physiological Sciences, The","1880-6546","西文","1/1/2019+","ProQuest 【電子期刊】"
"51376","Journal of Physiology and Biochemistry","1138-7548","西文","6/1/1998+","ProQuest 【電子期刊】"
"38218","Journal of Physiotherapy","1836-9553","西文","2011.01-present","ClinicalKey 【電子期刊&電子書】"
"18818","Journal of pineal research","0742-3098","西文","20020801-","MEDLINE電子期刊"
"37152","Journal of pioneering medical sciences","2309-7981","西文","20110601-20160901","Airiti Library 【華藝中文電子期刊】"
"47457","Journal of Pioneering Medical Sciences","2309-7981","西文","2011-2018","ProQuest 【電子期刊】"
"19381","Journal of plant growth regulation","0721-7595","西文","19970301-20020601","MEDLINE電子期刊"
"46225","Journal of Plant Growth Regulation","0721-7595","西文","1997.03-present(已延遲 1 年)","ProQuest 【電子期刊】"
"49189","Journal of Plant Physiology","0176-1617","西文","3/1/2002-5/1/2005","ProQuest 【電子期刊】"
"19382","Journal of plant research","0918-9440","西文","20030201-","MEDLINE電子期刊"
"46227","Journal of Plant Research","0918-9440","西文","1997.03-present","ProQuest 【電子期刊】"
"19124","Journal of plastic surgery and hand surgery","2000-656X","西文","20100201-","MEDLINE電子期刊"
"38219","Journal of Plastic, Reconstructive & Aesthetic Surgery","1748-6815","西文","2007/01-present","ClinicalKey 【電子期刊&電子書】"
"6927","Journal of Plastic, Reconstructive & Aesthetic Surgery(停訂,全文到2012年,CK資料庫有)","","","","南醫單本訂購期刊"
"48069","Journal of Policy Analysis and Management","0276-8739","西文","1999-2005","ProQuest 【電子期刊】"
"48070","Journal of Policy Analysis and Management (1986-1998)","0276-8739","西文","1986-1999","ProQuest 【電子期刊】"
"48071","Journal of Policy Analysis and Management (pre-1986)","0276-8739","西文","1981-1985","ProQuest 【電子期刊】"
"18833","Journal of postgraduate medicine","0022-3859","西文","20030701-","MEDLINE電子期刊"
"46228","Journal of Postgraduate Medicine","0022-3859","西文","2004-present","ProQuest 【電子期刊】"
"46229","Journal of Practical Nursing","0022-3867","西文","2004-2016","ProQuest 【電子期刊】"
"49190","Journal of Pre-Clinical and Clinical Research","1898-2395","西文","1/1/2007-1/1/2022","ProQuest 【電子期刊】"
"51078","Journal of Precision Medicine: Health and Disease, The","3050-6328","西文","2025-present","ClinicalKey 【電子期刊&電子書】"
"37153","Journal of Pregnancy","2090-2727","西文","20141201-20141201","Airiti Library 【華藝中文電子期刊】"
"46735","Journal of Pregnancy; New York","2090-2727","西文","2014 - present","ProQuest 【電子期刊】"
"48339","Journal of Prenatal & Perinatal Psychology & Health","1097-8003","西文","1986-present (已延遲 6 個月)","ProQuest 【電子期刊】"
"48340","Journal of Prenatal Diagnosis and Therapy","0976-1756","西文","1/1/2010-1/1/2010","ProQuest 【電子期刊】"
"48341","Journal of Prenatal Medicine","1971-3282","西文","2012-2017","ProQuest 【電子期刊】"
"49774","Journal of Prevention","0278-095X","西文","1997-present","Springer 【電子期刊】"
"51082","Journal of Prevention of Alzheimer's Disease, The","2274-5807","西文","2018-present","ClinicalKey 【電子期刊&電子書】"
"51377","Journal of Primary Health Care (JPHC)","1172-6164","西文","1/1/2009+","ProQuest 【電子期刊】"
"46230","Journal of Primary Prevention","0278-095X","西文","1997-present(已延遲 1 年)","ProQuest 【電子期刊】"
"38220","Journal of Prosthetic Dentistry","0022-3913","西文","2007/01-present","ClinicalKey 【電子期刊&電子書】"
"37410","Journal of Prosthodontics and Implantology","2304-5418","西文","20120401-present","Airiti Library 【華藝中文電子期刊】"
"47184","Journal of Psychiatric Administration and Management","2163-3878","西文","2012-2017","ProQuest 【電子期刊】"
"51378","Journal of Psychiatric Intensive Care","1742-6464","西文","9/1/2005-12/1/2015","ProQuest 【電子期刊】"
"51379","Journal of Psychiatric Intensive Care","1742-6464","西文","4/1/2016-1/1/2022","ProQuest 【電子期刊】"
"37723","Journal of Psychiatric Practice","1527-4160","西文","2000.01-present","OVID 【電子期刊】"
"38221","Journal of Psychiatric Research","0022-3956","西文","2007/01-present","ClinicalKey 【電子期刊&電子書】"
"48563","Journal of Psychiatry & Law","0093-1853","西文","4/1/2006-7/1/2012","ProQuest 【電子期刊】"
"46231","Journal of Psychiatry & Neuroscience : JPN","1180-4882","西文","1999.03-present","ProQuest 【電子期刊】"
"19071","Journal of psychiatry & neuroscience: JPN","1180-4882","西文","19990901-","MEDLINE電子期刊"
"38501","Journal of Psychiatry and Mental Health (Revista de Psiquiatría y Salud Mental, English Edition)","2173-5050","西文","2011-present","ClinicalKey 【電子期刊&電子書】"
"38222","Journal of Psychiatry and Neuroscience","1180-4882","西文","2007-present","ClinicalKey 【電子期刊&電子書】"
"19186","Journal of psychoactive drugs","0279-1072","西文","20050301-","MEDLINE電子期刊"
"46232","Journal of Psychoactive Drugs","0279-1072","西文","1998.07-2010.12","ProQuest 【電子期刊】"
"47231","Journal of Psychohistory, The","0145-3378","西文","2005-present","ProQuest 【電子期刊】"
"46233","Journal of Psycholinguistic Research","0090-6905","西文","1997-present(已延遲 1 年)","ProQuest 【電子期刊】"
"46234","Journal of Psychology, The","0022-3980","西文","1994-2010.11","ProQuest 【電子期刊】"
"46235","Journal of Psychosocial Nursing & Mental Health Services","0279-3695","西文","1963.01.01-present","ProQuest 【電子期刊】"
"49192","Journal of Psychosocial Rehabilitation and Mental Health","2198-9834","西文","6/1/2014+","ProQuest 【電子期刊】"
"19323","Journal of psychosomatic obstetrics and gynaecology","0167-482X","西文","20040301-","MEDLINE電子期刊"
"46236","Journal of Psychosomatic Obstetrics and Gynecology","0167-482X","西文","2003.03-2007.12","ProQuest 【電子期刊】"
"38223","Journal of Psychosomatic Research","0022-3999","西文","2007/01-present","ClinicalKey 【電子期刊&電子書】"
"48102","Journal of Public Health","2198-1833","西文","1997-present","ProQuest 【電子期刊】"
"49706","Journal of Public Health","0943-1853","西文","1997-present","Springer 【電子期刊】"
"37724","Journal of Public Health Management & Practice","1078-4659","西文","2002.01-present","OVID 【電子期刊】"
"19346","Journal of public health policy","0197-5897","西文","20060301-20101201","MEDLINE電子期刊"
"46237","Journal of Public Health Policy","0197-5897","西文","2001-present(已延遲 1 年)","ProQuest 【電子期刊】"
"48050","Journal of Public Mental Health","1746-5729","西文","2003-present(已延遲 1 年)","ProQuest 【電子期刊】"
"19041","Journal of quality in clinical practice","1320-5455","西文","19980301-20011201","MEDLINE電子期刊"
"49193","Journal of Racial and Ethnic Health Disparities","2197-3792","西文","3/1/2014+","ProQuest 【電子期刊】"
"51380","Journal of Radiation Research","0449-3060","西文","1/1/1996+","ProQuest 【電子期刊】"
"37440","Journal of Radiological Science","2521-3334","西文","20110301-present","Airiti Library 【華藝中文電子期刊】"
"48625","Journal of Radiotherapy in Practice","1460-3969","西文","3/1/2002+","ProQuest 【電子期刊】"
"51381","Journal of Rare Diseases","2731-085X","西文","12/1/2025+","ProQuest 【電子期刊】"
"48051","Journal of Rational - Emotive & Cognitive - Behavior Therapy","0894-9085","西文","1999-present(延遲)","ProQuest 【電子期刊】"
"18807","Journal of receptor and signal transduction research","1079-9893","西文","20021101-","MEDLINE電子期刊"
"8730","Journal of Reconstructive and Aesthetic Surgery","1748-6815","西文","2006-present","ScienceDirect(SDOL)"
"19331","Journal of refractive surgery","1081-597X","西文","20030101-20101201","MEDLINE電子期刊"
"46238","Journal of Refractive Surgery","1081-597X","西文","1985.03-present","ProQuest 【電子期刊】"
"49194","Journal of Refractive Surgery Case Reports","2768-1599","西文","6/1/2021+","ProQuest 【電子期刊】"
"48165","Journal of Rehabilitation","0022-4154","西文","1995-present","ProQuest 【電子期刊】"
"46239","Journal of Rehabilitation Research and Development","0748-7711","西文","1990-2016","ProQuest 【電子期刊】"
"48052","Journal of Relationships Research","1838-0956","西文","2011-2020","ProQuest 【電子期刊】"
"46240","Journal of Religion and Health","0022-4197","西文","1997.03-present","ProQuest 【電子期刊】"
"49707","Journal of Religion and Health","0022-4197","西文","1997-present","Springer 【電子期刊】"
"49195","Journal of Renal and Hepatic Disorders","2207-3744","西文","1/1/2017+","ProQuest 【電子期刊】"
"38224","Journal of Renal Nutrition","1051-2276","西文","2007/01-present","ClinicalKey 【電子期刊&電子書】"
"48342","Journal of Reproduction & Infertility","2228-5482","西文","1/1/2000+","ProQuest 【電子期刊】"
"48053","Journal of Reproductive and Infant Psychology","0264-6838","西文","1997-2000","ProQuest 【電子期刊】"
"38225","Journal of Reproductive Immunology","0165-0378","西文","2007/02-present","ClinicalKey 【電子期刊&電子書】"
"37154","Journal of Research and Practice in Dentistry","2333-3650","西文","20131220-20151201","Airiti Library 【華藝中文電子期刊】"
"37155","Journal of Research in Diabetes","2372-0654","西文","20131231-20151201","Airiti Library 【華藝中文電子期刊】"
"47458","Journal of Research in Medical Sciences","1735-1995","西文","2010-2019","ProQuest 【電子期刊】"
"37156","Journal of Research in Obesity","2333-3707","西文","20131227-20140430","Airiti Library 【華藝中文電子期刊】"
"47261","Journal of Risk and Insurance","0022-4367","西文","1997-2013","ProQuest 【電子期刊】"
"49196","Journal of Robotic Surgery","1863-2483","西文","3/1/2007+","ProQuest 【電子期刊】"
"49708","Journal of Robotic Surgery","1863-2483","西文","2007-present","Springer 【電子期刊】"
"47050","Journal of Scheduling","1094-6136","西文","2003-present","ProQuest 【電子期刊】"
"46241","Journal of School Health, The","0022-4391","西文","1992-2008.12","ProQuest 【電子期刊】"
"46242","Journal of School Nursing, The","1059-8405","西文","2005-2016","ProQuest 【電子期刊】"
"51382","Journal of Science and Cycling","2254-7053","西文","1/1/2012+","ProQuest 【電子期刊】"
"38226","Journal of Science and Medicine in Sport","1440-2440","西文","2007/02-present","ClinicalKey 【電子期刊&電子書】"
"49197","Journal of Science and Medicine in Sport","1440-2440","西文","8/1/2007+","ProQuest 【電子期刊】"
"49198","Journal of Science in Sport and Exercise","2096-6709","西文","5/1/2019+","ProQuest 【電子期刊】"
"18867","Journal of sex & marital therapy","0092-623X","西文","19990401-","MEDLINE電子期刊"
"18873","Journal of sex research","0022-4499","西文","19750201-","MEDLINE電子期刊"
"46244","Journal of Sex Research, The","0022-4499","西文","1994-2006.11","ProQuest 【電子期刊】"
"51383","Journal of Sex- and Gender-Specific Medicine","2974-8194","西文","7/1/2015+","ProQuest 【電子期刊】"
"49199","Journal of Shoulder and Elbow Arthroplasty","2471-5492","西文","1/1/2017+","ProQuest 【電子期刊】"
"38227","Journal of Shoulder and Elbow Surgery","1058-2746","西文","2007/01-present","ClinicalKey 【電子期刊&電子書】"
"37157","Journal of Signal Transduction","2090-1739","西文","20141201-20141201","Airiti Library 【華藝中文電子期刊】"
"37433","Journal of Skin Cancer","2090-2905","西文","20111201-20171201","Airiti Library 【華藝中文電子期刊】"
"49200","Journal of Skin Cancer","2090-2905","西文","1/1/2013+","ProQuest 【電子期刊】"
"51384","Journal of Smoking Cessation","1834-2612","西文","6/1/2011-12/1/2020","ProQuest 【電子期刊】"
"51385","Journal of Smoking Cessation","1834-2612","西文","1/1/2021-1/1/2023","ProQuest 【電子期刊】"
"48054","Journal of Social Behavior and Personality","0886-1641","西文","2005","ProQuest 【電子期刊】"
"48178","Journal of Social Policy","0047-2794","西文","2001-present(已延遲 1 年)","ProQuest 【電子期刊】"
"46245","Journal of Social Psychology, The","0022-4545","西文","1994.02-2010.11","ProQuest 【電子期刊】"
"49201","Journal of Social, Behavioral and Health Sciences","1948-3260","西文","1/1/2007+","ProQuest 【電子期刊】"
"47091","Journal of Special Education, The","0022-4669","西文","1997-2010","ProQuest 【電子期刊】"
"19224","Journal of speech and hearing research","0022-4685","西文","19920201-19970101","MEDLINE電子期刊"
"46246","Journal of Speech, Language and Hearing Research (Online)","1558-9102","西文","2010-2022","ProQuest 【電子期刊】"
"46247","Journal of Speech, Language, and Hearing Research","1092-4388","西文","1997.04-2009.12","ProQuest 【電子期刊】"
"19225","Journal of speech, language, and hearing research: JSLHR","1092-4388","西文","19970201-","MEDLINE電子期刊"
"37725","Journal of Spinal Disorders & Techniques","1536-0652","西文","2002-2015","OVID 【電子期刊】"
"38546","Journal of Sport and Health Science","2095-2546","西文","2014-present","ClinicalKey 【電子期刊&電子書】"
"46248","Journal of Sports Medicine and Physical Fitness","0022-4707","西文","1999.03-2010.03","ProQuest 【電子期刊】"
"49202","Journal of Sports Science & Medicine","1303-2968","西文","3/1/2002+","ProQuest 【電子期刊】"
"46736","Journal of Stem Cells; Hauppauge","1556-8539","西文","2011-2021","ProQuest 【電子期刊】"
"49203","Journal of Stomal Therapy Australia","1030-5823","西文","3/1/2019-12/1/2019","ProQuest 【電子期刊】"
"37726","Journal of Strength & Conditioning Research","1064-8011","西文","2004.02-present","OVID 【電子期刊】"
"46249","Journal of Strength and Conditioning Research","1064-8011","西文","2005.02-2011.06","ProQuest 【電子期刊】"
"49204","Journal of Stress Physiology & Biochemistry","1997-0838","西文","1/1/2005-1/1/2022","ProQuest 【電子期刊】"
"38228","Journal of Stroke and Cerebrovascular Diseases","1052-3057","西文","2007/01-present","ClinicalKey 【電子期刊&電子書】"
"46250","Journal of Structural and Functional Genomics","1345-711X","西文","2000-2016","ProQuest 【電子期刊】"
"38229","Journal of Substance Abuse Treatment","0740-5472","西文","2007/01-present","ClinicalKey 【電子期刊&電子書】"
"38816","Journal of Substance Use and Addiction Treatment","2949-8759","西文","2023-present","ClinicalKey 【電子期刊&電子書】"
"37404","Journal of Suicidology","2790-1645","西文","20220301-present","Airiti Library 【華藝中文電子期刊】"
"51386","Journal of Surgical Case Reports","2042-8812","西文","3/1/2010+","ProQuest 【電子期刊】"
"38230","Journal of Surgical Education","1931-7204","西文","2007/01-present","ClinicalKey 【電子期刊&電子書】"
"51387","Journal of Surgical Protocols and Research Methodologies","2752-616X","西文","1/1/2022+","ProQuest 【電子期刊】"
"38231","Journal of Surgical Research","0022-4804","西文","2007-present","ClinicalKey 【電子期刊&電子書】"
"47854","Journal of Surgical Technique and Case Report","0976-2825","西文","2009-2015","ProQuest 【電子期刊】"
"51388","Journal of Synchrotron Radiation","0909-0495","西文","1/1/2022+","ProQuest 【電子期刊】"
"49902","Journal of Taiwan Society of Cardiovascular Interventions","","西文","20230101-present","Airiti Library 【華藝中文電子期刊】"
"47182","Journal of Tehran University Heart Center","1735-8620","西文","2010-present","ProQuest 【電子期刊】"
"46251","Journal of Telemedicine and Telecare","1357-633X","西文","2003-2006","ProQuest 【電子期刊】"
"38556","Journal of the Academy of Consultation-Liaison Psychiatry","2667-2960","西文","2021-present","ClinicalKey 【電子期刊&電子書】"
"38240","Journal of the Academy of Nutrition and Dietetics","2212-2672","西文","2012/01-present","ClinicalKey 【電子期刊&電子書】"
"46263","Journal of the Academy of Nutrition and Dietetics","2212-2672","西文","1995-2003.11","ProQuest 【電子期刊】"
"46264","Journal of the Air & Waste Management Association","1096-2247","西文","2002-2012.12","ProQuest 【電子期刊】"
"38788","Journal of the Air Transport Research Society","2941-198X","西文","2024-present","ClinicalKey 【電子期刊&電子書】"
"38241","Journal of the American Academy of Child & Adolescent Psychiatry","0890-8567","西文","2007/01-present","ClinicalKey 【電子期刊&電子書】"
"38242","Journal of the American Academy of Dermatology","0190-9622","西文","2007/01-present","ClinicalKey 【電子期刊&電子書】"
"46265","Journal of the American Academy of Nurse Practitioners","1041-2972","西文","1999.06-2009.02","ProQuest 【電子期刊】"
"37733","Journal of the American Academy of Orthopaedic Surgeons","1067-151X","西文","1993.09-present","OVID 【電子期刊】"
"37734","Journal of the American Academy of Physician Assistants","1547-1896","西文","2005.01-present","OVID 【電子期刊】"
"19386","Journal of the American Animal Hospital Association","0587-2871","西文","20070101-","MEDLINE電子期刊"
"51389","Journal of the American Animal Hospital Association","0587-2871","西文","1/1/2002-9/1/2003","ProQuest 【電子期刊】"
"37828","Journal of the American Association of Nurse Practitioners","2327-6866","西文","2013-present","OVID 【電子期刊】"
"38243","Journal of the American College of Certified Wound Specialists, The","1876-4983","西文","2009-2011","ClinicalKey 【電子期刊&電子書】"
"38244","Journal of the American College of Clinical Wound Specialists","2213-5103","西文","2011-2017","ClinicalKey 【電子期刊&電子書】"
"49205","Journal of the American College of Emergency Physicians Open","2688-1152","西文","6/1/2021+","ProQuest 【電子期刊】"
"38245","Journal of the American College of Radiology","1546-1440","西文","2007/01-present","ClinicalKey 【電子期刊&電子書】"
"38247","Journal of the American Dental Association, The (JADA)","0002-8177","西文","2007-present","ClinicalKey 【電子期刊&電子書】"
"38248","Journal of the American Dietetic Association","0002-8223","西文","2007-2011","ClinicalKey 【電子期刊&電子書】"
"38249","Journal of the American Medical Directors Association","1525-8610","西文","2007/01-present","ClinicalKey 【電子期刊&電子書】"
"46268","Journal of the American Medical Informatics Association","1067-5027","西文","2001.07-2006.03","ProQuest 【電子期刊】"
"18986","Journal of the American Mosquito Control Association","8756-971X","西文","20050301-","MEDLINE電子期刊"
"46269","Journal of the American Mosquito Control Association","8756-971X","西文","2012-present(已延遲 6 個月)","ProQuest 【電子期刊】"
"38250","Journal of the American Pharmacists Association","1544-3191","西文","2010/09-present","ClinicalKey 【電子期刊&電子書】"
"47146","Journal of the American Society for Information Science (1986-1998)","0002-8231","西文","1986-1998","ProQuest 【電子期刊】"
"47145","Journal of the American Society for Information Science (pre-1986)","0002-8231","西文","1970-1985","ProQuest 【電子期刊】"
"48011","Journal of the American Society for Mass Spectrometry","1044-0305","西文","1997-2019","ProQuest 【電子期刊】"
"38251","Journal of the American Society of Cytopathology","2213-2945","西文","2012-present","ClinicalKey 【電子期刊&電子書】"
"38252","Journal of the American Society of Echocardiography","0894-7317","西文","2007/01-present","ClinicalKey 【電子期刊&電子書】"
"28001","Journal of the American Society of Nephrology","1533-3450","西文","2006-present訂購年份:2024-2026","彰濱單本期刊"
"27998","Journal of the American Society of Nephrology(JASN)","1046-6673","西文","2006-present","南醫單本訂購期刊"
"48187","Journal of the American Statistical Association","0162-1459","西文","1992-2005","ProQuest 【電子期刊】"
"49711","Journal of the Association for Research in Otolaryngology","1525-3961","西文","2000-present","Springer 【電子期刊】"
"19101","Journal of the Association for Research in Otolaryngology: JARO","1525-3961","西文","20030201-","MEDLINE電子期刊"
"46270","Journal of the Association for Research in Otolaryngology; JARO","1525-3961","西文","2000-2018","ProQuest 【電子期刊】"
"49206","Journal of the Association for Vascular Access","1552-8855","西文","7/1/2008-12/1/2017","ProQuest 【電子期刊】"
"51390","Journal of the Canadian Association of Gastroenterology","2515-2084","西文","2/1/2018+","ProQuest 【電子期刊】"
"38255","Journal of the Chinese Medical Association","1726-4901","西文","2007-2018","ClinicalKey 【電子期刊&電子書】"
"37735","Journal of the Dermatology Nurses' Association","1945-760X","西文","2009.01-present","OVID 【電子期刊】"
"49207","Journal of the Egyptian National Cancer Institute","1110-0362","西文","12/1/2019+","ProQuest 【電子期刊】"
"51391","Journal of the Endocrine Society","2472-1972","西文","1/1/2017+","ProQuest 【電子期刊】"
"46273","Journal of the Experimental Analysis of Behavior","0022-5002","西文","2005-2014","ProQuest 【電子期刊】"
"36005","Journal of the Formosan Medical Association臺灣醫學會雜誌","0929-6646","西文","20030101-20100301","Airiti Library 【華藝中文電子期刊】"
"38256","Journal of the Formosan Medical Association臺灣醫誌","0929-6646","西文","2007-present","ClinicalKey 【電子期刊&電子書】"
"46274","Journal of the History of Biology","0022-5010","西文","1997.03-present(已延遲 1 年)","ProQuest 【電子期刊】"
"47210","Journal of the History of Ideas","0022-5037","西文","2002-present(已延遲 1 年)","ProQuest 【電子期刊】"
"18860","Journal of the history of the behavioral sciences","0022-5061","西文","19890101-","MEDLINE電子期刊"
"19051","Journal of the history of the neurosciences","0964-704X","西文","20000401-","MEDLINE電子期刊"
"46275","Journal of the Indian Society of Pedodontics and Preventive Dentistry","0970-4388","西文","2008.01-present","ProQuest 【電子期刊】"
"46276","Journal of the International AIDS Society","1758-2652","西文","2004-present","ProQuest 【電子期刊】"
"49208","Journal of the International Association of Providers of AIDS Care","2325-9574","西文","1/1/2002+","ProQuest 【電子期刊】"
"49209","Journal of the International Clinical Dental Research Organization.","2231-0754","西文","1/1/2013-7/1/2023","ProQuest 【電子期刊】"
"46277","Journal of the International Neuropsychological Society : JINS","1355-6177","西文","2001-present(已延遲 1 年)","ProQuest 【電子期刊】"
"46737","Journal of the International Society of Sports Nutrition","1550-2783","西文","2009-2021","ProQuest 【電子期刊】"
"46278","Journal of the Medical Library Association","1536-5050","西文","2003-present","ProQuest 【電子期刊】"
"19305","Journal of the Medical Library Association: JMLA","1536-5050","西文","20030101-","MEDLINE電子期刊"
"38621","Journal of the National Cancer Center","2667-0054","西文","2021-present","ClinicalKey 【電子期刊&電子書】"
"38257","Journal of the National Medical Association","0027-9684","西文","2008.01-present","ClinicalKey 【電子期刊&電子書】"
"46279","Journal of the National Medical Association","0027-9684","西文","1998-present","ProQuest 【電子期刊】"
"47459","Journal of the National Society of Allied Health","1945-3361","西文","2008-2018","ProQuest 【電子期刊】"
"38258","Journal of the Neurological Sciences","0022-510X","西文","2007-present","ClinicalKey 【電子期刊&電子書】"
"38771","Journal of the Pediatric Orthopaedic Society of North America","2768-2765","西文","2019-present","ClinicalKey 【電子期刊&電子書】"
"19052","Journal of the peripheral nervous system: JPNS","1085-9489","西文","20010301-","MEDLINE電子期刊"
"49210","Journal of the Renin-Angiotensin-Aldosterone System : JRAAS","1470-3203","西文","1/1/2017+","ProQuest 【電子期刊】"
"19200","Journal of the Royal College of Surgeons of Edinburgh","0035-8835","西文","19980201-20021201","MEDLINE電子期刊"
"18893","Journal of the Royal Society of Medicine","0141-0768","西文","19820101-20150601","MEDLINE電子期刊"
"49211","Journal of the Scientific Society","0974-5009","西文","1/1/2012-1/1/2024","ProQuest 【電子期刊】"
"38666","Journal of the Society for Cardiovascular Angiography & Interventions","2772-9303","西文","2022-present","ClinicalKey 【電子期刊&電子書】"
"46280","Journal of the South African Veterinary Association","1019-9128","西文","2012-2021","ProQuest 【電子期刊】"
"49212","Journal of the Turkish Academy of Dermatology","1307-394X","西文","3/1/2007-3/1/2022","ProQuest 【電子期刊】"
"48343","Journal of The Turkish German Gynecological Association","1309-0399","西文","3/1/2010+","ProQuest 【電子期刊】"
"38259","Journal of the World Federation of Orthodontists","2212-4438","西文","2012/03-present","ClinicalKey 【電子期刊&電子書】"
"48626","Journal of Therapeutic Ultrasound","2050-5736","西文","2015-2018","ProQuest 【電子期刊】"
"38232","Journal of Thoracic and Cardiovascular Surgery, The","0022-5223","西文","2007/01-present","ClinicalKey 【電子期刊&電子書】"
"37727","Journal of Thoracic Imaging","0883-5993","西文","2000.01-present","OVID 【電子期刊】"
"37728","Journal of Thoracic Oncology","1556-0864","西文","2010-2015","OVID 【電子期刊】"
"6835","Journal of Thrombosis and Haemostasis","1538-7836","西文","2003.01-2026.12","彰秀單本期刊"
"46252","Journal of Thrombosis and Thrombolysis","0929-5305","西文","1998-present(已延遲 1 年)","ProQuest 【電子期刊】"
"49709","Journal of Thrombosis and Thrombolysis","0929-5305","西文","1997-present","Springer 【電子期刊】"
"37158","Journal of Thyroid Research","2042-0072","西文","20141201-20141201","Airiti Library 【華藝中文電子期刊】"
"49213","Journal of Thyroid Research","","西文","1/1/2013+","ProQuest 【電子期刊】"
"49214","Journal of Tissue Engineering","2041-7314","西文","1/1/2016+","ProQuest 【電子期刊】"
"49215","Journal of Tissue Engineering and Regenerative Medicine","1932-6254","西文","1/1/2023+","ProQuest 【電子期刊】"
"38233","Journal of Tissue Viability","0965-206X","西文","2008/05-present","ClinicalKey 【電子期刊&電子書】"
"37159","Journal of Toxicology","1867-8191","西文","20141201-20141201","Airiti Library 【華藝中文電子期刊】"
"19370","Journal of toxicology. Clinical toxicology","0731-3810","西文","19990101-20041201","MEDLINE電子期刊"
"49216","Journal of Trace Elements in Medicine and Biology","0946-672X","西文","10/1/2001-7/1/2004","ProQuest 【電子期刊】"
"37412","Journal of Traditional and Complementary Medicine","2225-4110","西文","20111001-20230901","Airiti Library 【華藝中文電子期刊】"
"51074","Journal of Translational Autoimmunity","2589-9090","西文","2019-present","ClinicalKey 【電子期刊&電子書】"
"46254","Journal of Translational Medicine","1479-5876","西文","2009-present","ProQuest 【電子期刊】"
"37160","Journal of Transplantation","2090-0007","西文","20090101-20171201","Airiti Library 【華藝中文電子期刊】"
"19160","Journal of trauma & dissociation: the official journal of the International Society for the Study of Dissociation (ISSD)","1529-9732","西文","20050301-","MEDLINE電子期刊"
"37730","Journal of Trauma and Acute Care Surgery","2163-0755","西文","2012.01-present","OVID 【電子期刊】"
"48446","Journal of Trauma Management & Outcomes","1752-2897","西文","1/1/2015-1/1/2016","ProQuest 【電子期刊】"
"37729","Journal of Trauma Nursing","1078-7496","西文","2000.01-present","OVID 【電子期刊】"
"46255","Journal of Trauma Nursing","1078-7496","西文","1998.04-2010.04","ProQuest 【電子期刊】"
"19373","Journal of traumatic stress","0894-9867","西文","19970101-","MEDLINE電子期刊"
"18987","Journal of travel medicine","1195-1982","西文","20010101-20050501","MEDLINE電子期刊"
"47461","Journal of Travel Medicine","1195-1982","西文","1998-present(已延遲 1 年)","ProQuest 【電子期刊】"
"37161","Journal of Tropical Medicine","1687-9686","西文","20091201-20161201","Airiti Library 【華藝中文電子期刊】"
"48055","Journal of Tropical Psychology","1838-9902","西文","2011-2017","ProQuest 【電子期刊】"
"48564","Journal of Turkish Sleep Medicine","2148-1504","西文","3/1/2016+","ProQuest 【電子期刊】"
"49217","Journal of Turkish Spinal Surgery, The","","西文","10/1/2019+","ProQuest 【電子期刊】"
"51392","Journal of Ultrasound","1971-3495","西文","3/1/2023+","ProQuest 【電子期刊】"
"46256","Journal of Urban Health","1099-3460","西文","1998.03-present(已延遲 1 年)","ProQuest 【電子期刊】"
"49710","Journal of Urban Health","1099-3460","西文","1998-present","Springer 【電子期刊】"
"18834","Journal of urban health: bulletin of the New York Academy of Medicine","1099-3460","西文","20060101-","MEDLINE電子期刊"
"47881","Journal of Urological Surgery","2148-9580","西文","2016-present","ProQuest 【電子期刊】"
"8731","Journal of Urology","0022-5347","西文","2015.01-2015.12","ScienceDirect(SDOL)"
"37842","Journal of Urology","0022-5347","西文","2001.01-present","OVID 【電子期刊】"
"47216","Journal of Validation Technology","1079-6630","西文","2006-2012","ProQuest 【電子期刊】"
"38237","Journal of Vascular and Interventional Radiology","1051-0443","西文","2007/01-present","ClinicalKey 【電子期刊&電子書】"
"49218","Journal of Vascular Diagnostics and Interventions","2463-5618","西文","1/1/2013-1/1/2020","ProQuest 【電子期刊】"
"46257","Journal of Vascular Research","1018-1172","西文","1996-2015","ProQuest 【電子期刊】"
"38235","Journal of Vascular Surgery","0741-5214","西文","2007/01-present","ClinicalKey 【電子期刊&電子書】"
"38514","Journal of Vascular Surgery Cases","2352-667X","西文","2015-2016","ClinicalKey 【電子期刊&電子書】"
"38515","Journal of Vascular Surgery Cases and Innovative Techniques","2468-4287","西文","2016-present","ClinicalKey 【電子期刊&電子書】"
"38708","Journal of Vascular Surgery: Vascular Insights","2949-9127","西文","2023-present","ClinicalKey 【電子期刊&電子書】"
"38545","Journal of Vascular Surgery: Vascular Science","2666-3503","西文","2020-present","ClinicalKey 【電子期刊&電子書】"
"38236","Journal of Vascular Surgery: Venous and Lymphatic Disorders","2213-333X","西文","2013/01-present","ClinicalKey 【電子期刊&電子書】"
"46258","Journal of Vector Borne Diseases","0972-9062","西文","2009.03-present","ProQuest 【電子期刊】"
"46259","Journal of Vector Ecology","1081-1710","西文","2009-2020","ProQuest 【電子期刊】"
"18880","Journal of vector ecology: journal of the Society for Vector Ecology","1081-1710","西文","20061201-","MEDLINE電子期刊"
"18875","Journal of vestibular research: equilibrium & orientation","0957-4271","西文","19990101-","MEDLINE電子期刊"
"48198","Journal of Veterinary Internal Medicine","0891-6640","西文","2015-present","ProQuest 【電子期刊】"
"19387","Journal of veterinary medicine. A, Physiology, pathology, clinical medicine","0931-184X","西文","20000201-20071201","MEDLINE電子期刊"
"19388","Journal of veterinary medicine. B, Infectious diseases and veterinary public health","0931-1793","西文","20000201-20061201","MEDLINE電子期刊"
"49219","Journal of Veterinary Research","2450-7393","西文","1/1/2014+","ProQuest 【電子期刊】"
"19389","Journal of veterinary science","1229-845X","西文","20050301-","MEDLINE電子期刊"
"19214","Journal of viral hepatitis","1352-0504","西文","19980101-","MEDLINE電子期刊"
"37162","Journal of Virology and Microbiology","2326-7011","西文","20120101-20151201","Airiti Library 【華藝中文電子期刊】"
"51077","Journal of Virus Eradication","2055-6640","西文","2015-present","ClinicalKey 【電子期刊&電子書】"
"38238","Journal of Visceral Surgery","1878-7886","西文","2010/02-present","ClinicalKey 【電子期刊&電子書】"
"19297","Journal of visual communication in medicine","1745-3054","西文","20050301-","MEDLINE電子期刊"
"46260","Journal of Visual Communication in Medicine","1745-3054","西文","2000.03-2000.12","ProQuest 【電子期刊】"
"38239","Journal of Voice","0892-1997","西文","2007/01-present","ClinicalKey 【電子期刊&電子書】"
"48208","Journal of Water and Health","1477-8920","西文","2003-present(已延遲 1 年)","ProQuest 【電子期刊】"
"19287","Journal of women & aging","0895-2841","西文","20000101-","MEDLINE電子期刊"
"48211","Journal of Women & Aging","0895-2841","西文","1995-1998","ProQuest 【電子期刊】"
"37731","Journal of Women's Health Physical Therapy","1556-6803","西文","2005-2022","OVID 【電子期刊】"
"37732","Journal of Wound, Ostomy & Continence Nursing","1071-5754","西文","2000.01-present","OVID 【電子期刊】"
"8688","Journal of Wrist Surgery","2163-3916","西文","2012-present訂購年份:2016-2026","彰濱單本期刊"
"46261","Journal of Youth and Adolescence","0047-2891","西文","1992.02-present(已延遲 1 年)","ProQuest 【電子期刊】"
"51393","Journal of Zhejiang University","1673-1581","西文","4/1/2005+","ProQuest 【電子期刊】"
"51394","Journal of Zhejiang University. Science. A","1673-565X","西文","2/1/2023+","ProQuest 【電子期刊】"
"48056","Journal on Developmental Disabilities","1188-9136","西文","2008-present","ProQuest 【電子期刊】"
"46028","JPEN: Journal of Parenteral and Enteral Nutrition","0148-6071","西文","1996.09-2008.11","ProQuest 【電子期刊】"
"49810","JPEN: Journal of Parenteral and Enteral Nutrition","0148-6071","西文","2011-present","Wiley Online Library(電子期刊)"
"37673","JPO Journal of Prosthetics & Orthotics","1040-8800","西文","2001.03-present","OVID 【電子期刊】"
"38544","JPRAS Open","2352-5878","西文","2014-present","ClinicalKey 【電子期刊&電子書】"
"49220","JRSM Cardiovascular Disease","2048-0040","西文","1/1/2016+","ProQuest 【電子期刊】"
"38692","JSAMS Plus","2772-6967","西文","2022-present","ClinicalKey 【電子期刊&電子書】"
"38735","JSES International","2666-6383","西文","2020-present","ClinicalKey 【電子期刊&電子書】"
"38587","JSES Reviews, Reports, and Techniques","2666-6391","西文","2021-present","ClinicalKey 【電子期刊&電子書】"
"38551","JTCVS Open","2666-2736","英文","2020-present","ClinicalKey 【電子期刊&電子書】"
"49496","JTCVS Structural and Endovascular","2950-6050","西文","2024-present","ClinicalKey 【電子期刊&電子書】"
"38543","JTCVS Techniques","2666-2507","西文","2020-present","ClinicalKey 【電子期刊&電子書】"
"38574","JTO Clinical and Research Reports","2666-3643","西文","2020-present","ClinicalKey 【電子期刊&電子書】"
"46826","Jundishapur Journal of Microbiology","2008-3645","西文","2008-present","ProQuest 【電子期刊】"
"47462","Jurnal Medical Brasovean","1841-0782","西文","2011-present","ProQuest 【電子期刊】"
"19174","The Journal of analytical psychology","0021-8774","西文","19660101-","MEDLINE電子期刊"
"19145","The Journal of antibiotics","0021-8820","西文","20090101-20151001","MEDLINE電子期刊"
"18827","The Journal of audiovisual media in medicine","0140-511X","西文","19990301-20041201","MEDLINE電子期刊"
"19147","The journal of behavioral health services & research","1094-3412","西文","19980201-","MEDLINE電子期刊"
"49772","The Journal of Behavioral Health Services & Research","1094-3412","西文","1997-present","Springer 【電子期刊】"
"19238","The Journal of cardiovascular management: the official journal of the American College of Cardiovascular Administrators","1053-5330","西文","20040101-20051201","MEDLINE電子期刊"
"18963","The Journal of cell biology","0021-9525","西文","20050301-20110901","MEDLINE電子期刊"
"38746","The Journal of Climate Change and Health","2667-2782","西文","2021-present","ClinicalKey 【電子期刊&電子書】"
"47435","The Journal of Clinical Endocrinology and Metabolism","0021-972X","西文","2017-present(已延遲 1 年)","ProQuest 【電子期刊】"
"27370","The Journal of Clinical Endocrinology and Metabolism(JCEM)","0021-972X","英文","1980-present","南醫單本訂購期刊"
"18949","The Journal of clinical investigation","0021-9738","西文","20020101-","MEDLINE電子期刊"
"46650","The Journal of Clinical Pediatric Dentistry","1053-4628","西文","2014-2022","ProQuest 【電子期刊】"
"18967","The Journal of dermatologic surgery","0097-9716","西文","19750301-19761201","MEDLINE電子期刊"
"18972","The Journal of dermatologic surgery and oncology","0148-0812","西文","19770101-19941201","MEDLINE電子期刊"
"18968","The Journal of dermatological treatment","0954-6634","西文","20010301-","MEDLINE電子期刊"
"18969","The Journal of dermatology","0385-2407","西文","20060101-","MEDLINE電子期刊"
"19045","The Journal of eukaryotic microbiology","1066-5234","西文","20040901-","MEDLINE電子期刊"
"19278","The Journal of experimental medicine","0022-1007","西文","20050301-20110901","MEDLINE電子期刊"
"18992","The Journal of family practice","0094-3509","西文","20000101-","MEDLINE電子期刊"
"19345","The Journal of general physiology","0022-1295","西文","20050901-20110901","MEDLINE電子期刊"
"19167","The Journal of general psychology","0022-1309","西文","19750101-","MEDLINE電子期刊"
"19146","The Journal of genetic psychology","0022-1325","西文","19750301-","MEDLINE電子期刊"
"19095","The journal of hand surgery Asian-Pacific volume","2424-8355","西文","20160201-","MEDLINE電子期刊"
"19220","The journal of headache and pain","1129-2369","西文","20050201-","MEDLINE電子期刊"
"19098","The journal of knee surgery","1538-8506","西文","20030101-20091201","MEDLINE電子期刊"
"51139","The journal of knee surgery","1538-8506","西文","2004-present訂購年份:2026","彰濱單本期刊"
"19034","The Journal of legal medicine","0194-7648","西文","19990301-","MEDLINE電子期刊"
"18886","The Journal of medical humanities","1041-3545","西文","20040301-20110601","MEDLINE電子期刊"
"19039","The Journal of medicine and philosophy","0360-5310","西文","19960201-","MEDLINE電子期刊"
"18937","The Journal of membrane biology","0022-2631","西文","20000101-","MEDLINE電子期刊"
"36065","The Journal of Nursing Research","1682-3141","西文","20010601-present","Airiti Library 【華藝中文電子期刊】"
"49773","The Journal of Obstetrics and Gynecology of India","0971-9202","西文","2010-present","Springer 【電子期刊】"
"19015","The Journal of oncology management: the official journal of the American College of Oncology Administrators","1061-9364","西文","20040101-20051201","MEDLINE電子期刊"
"19104","The Journal of otolaryngology","0381-6605","西文","19970101-20071201","MEDLINE電子期刊"
"19339","The Journal of parasitology","0022-3395","西文","20070601-","MEDLINE電子期刊"
"38806","The Journal of Pediatrics: Clinical Practice","2950-5410","西文","2024-present","ClinicalKey 【電子期刊&電子書】"
"18844","The journal of peptide research: official journal of the American Peptide Society","1397-002X","西文","19990101-20051201","MEDLINE電子期刊"
"37840","The Journal of Physician Assistant Education","1941-9430","西文","2009-present","OVID 【電子期刊】"
"19264","The Journal of rural health: official journal of the American Rural Health Association and the National Rural Health Care Association","0890-765X","西文","20060101-","MEDLINE電子期刊"
"19173","The Journal of social psychology","0022-4545","西文","19651001-","MEDLINE電子期刊"
"8734","The Journal of the American Dental Association","0002-8177","西文","2015.01-2015.12","ScienceDirect(SDOL)"
"19326","The journal of the British Menopause Society","1362-1807","西文","20030301-20070201","MEDLINE電子期刊"
"19371","The Journal of toxicological sciences","0388-1350","西文","20061001-","MEDLINE電子期刊"
"48875","Die Kardiologie","1864-9718","西文","7/1/2007+","ProQuest 【電子期刊】"
"49588","Die Kardiologie","2731-7129","西文","2007-present","Springer 【電子期刊】"
"46281","Kai Tiaki : Nursing New Zealand","1173-2032","西文","2011.04-present","ProQuest 【電子期刊】"
"46282","Kansas Nurse","0022-8710","西文","1999-present","ProQuest 【電子期刊】"
"38260","Kaohsiung Journal of Medical Sciences","1607-551X","西文","2007/01-present","ClinicalKey 【電子期刊&電子書】"
"49221","Kaohsiung Journal of Medical Sciences, The","1607-551X","西文","6/1/2014+","ProQuest 【電子期刊】"
"47638","Kardiochirurgia i Torakochirurgia Polska","1731-5530","西文","2014-present","ProQuest 【電子期刊】"
"47603","Karnataka Anesthesia Journal","2394-6954","西文","2015-2017","ProQuest 【電子期刊】"
"46283","Kennedy Institute of Ethics Journal","1054-6863","西文","2000.12-present(已延遲 1 年)","ProQuest 【電子期刊】"
"46284","Kentucky Nurse","0742-8367","西文","2003-present","ProQuest 【電子期刊】"
"19314","Kidney & blood pressure research","1420-4096","西文","20050101-","MEDLINE電子期刊"
"46285","Kidney & Blood Pressure Research","1420-4096","西文","1994.05-present","ProQuest 【電子期刊】"
"8732","Kidney International","","西文","1999-present，訂購年代：2018","ScienceDirect(SDOL)"
"8689","Kidney International","0085-2538","西文","1999-present訂購年代:2017-2026","彰濱單本期刊"
"49222","Kidney International","0085-2538","西文","1/1/2000-12/1/2015","ProQuest 【電子期刊】"
"38736","Kidney Medicine","2590-0595","西文","2019-present","ClinicalKey 【電子期刊&電子書】"
"48001","Kinesiologia Slovenica","1318-2269","西文","2010-present","ProQuest 【電子期刊】"
"47463","KLIMIK Dergisi","1301-143X","西文","2009-2019","ProQuest 【電子期刊】"
"49223","Knee Surgery & Related Research","2234-0726","西文","1/1/2019+","ProQuest 【電子期刊】"
"51053","Knee Surgery, Sports Traumatology, Arthroscopy","0942-2056","西文","1996-present","Wiley Online Library(電子期刊)"
"46287","Knee Surgery, Sports Traumatology, Arthroscopy","0942-2056","西文","1997-2023","ProQuest 【電子期刊】"
"38737","Knee, The","0968-0160","西文","2007-present","ClinicalKey 【電子期刊&電子書】"
"51395","Korean Journal of Radiology","1229-6929","西文","1/1/2002+","ProQuest 【電子期刊】"
"36066","The Kaohsiung Journal of Medical Sciences","1607-551X","西文","20090331-20100331","Airiti Library 【華藝中文電子期刊】"
"19279","The Keio journal of medicine","0022-9717","西文","20090301-","MEDLINE電子期刊"
"19340","The Korean journal of parasitology","0023-4001","西文","20061201-","MEDLINE電子期刊"
"48057","La Lettre des Therapies Innovantes","1969-9786","西文","2009-2010","ProQuest 【電子期刊】"
"46738","Lab Animal; New York","0093-7355","西文","2003 - present (delay 1 年)","ProQuest 【電子期刊】"
"46739","Labmedicine; Chicago","0007-5027","西文","2011- present (已延遲 1 年)","ProQuest 【電子期刊】"
"47250","Labor Law Journal","0023-6586","西文","2004-2021","ProQuest 【電子期刊】"
"19306","Laboratory animals","0023-6772","西文","20010101-20150601","MEDLINE電子期刊"
"46288","Laboratory Animals","0023-6772","西文","2003-2006","ProQuest 【電子期刊】"
"46289","Laboratory Investigation","0023-6837","西文","2000-2022","ProQuest 【電子期刊】"
"48309","Lamp, The","0047-3936","西文","12/1/2004-9/1/2007","ProQuest 【電子期刊】"
"19267","Lancet","0140-6736","西文","19980801-20061201","MEDLINE電子期刊"
"46293","Lancet","0140-6736","西文","1992-present (已延遲 3 個月)","ProQuest 【電子期刊】"
"38262","Lancet Diabetes & Endocrinology","2213-8587","西文","2013.09-present","ClinicalKey 【電子期刊&電子書】"
"38622","Lancet Digital Health, The","2589-7500","西文","2019-present","ClinicalKey 【電子期刊&電子書】"
"38263","Lancet Global Health","2214-109X","西文","2013-present","ClinicalKey 【電子期刊&電子書】"
"38265","Lancet Haematology","2352-3018","西文","2014-present","ClinicalKey 【電子期刊&電子書】"
"38623","Lancet Healthy Longevity, The","2666-7568","西文","2020-present","ClinicalKey 【電子期刊&電子書】"
"38264","Lancet HIV","2352-3026","西文","2014-present","ClinicalKey 【電子期刊&電子書】"
"38266","Lancet Infectious Diseases","1473-3099","西文","2007/01-present","ClinicalKey 【電子期刊&電子書】"
"46290","Lancet Infectious Diseases","1473-3099","西文","2001.08-present","ProQuest 【電子期刊】"
"38624","Lancet Microbe, The","2666-5247","西文","2020-present","ClinicalKey 【電子期刊&電子書】"
"38267","Lancet Neurology","1474-4422","西文","2007/01-present","ClinicalKey 【電子期刊&電子書】"
"46291","Lancet Neurology","1474-4422","西文","2002.05-present","ProQuest 【電子期刊】"
"38268","Lancet Oncology","1470-2045","西文","2007/01-present","ClinicalKey 【電子期刊&電子書】"
"46292","Lancet Oncology","1470-2045","西文","2000.09-present","ProQuest 【電子期刊】"
"38667","Lancet Planetary Health, The","2542-5196","西文","2017-present","ClinicalKey 【電子期刊&電子書】"
"51071","Lancet Primary Care, The","3050-5143","西文","2025-present","ClinicalKey 【電子期刊&電子書】"
"38269","Lancet Psychiatry","2215-0366","西文","2014-present","ClinicalKey 【電子期刊&電子書】"
"38625","Lancet Public Health, The","2468-2667","西文","2016-present","ClinicalKey 【電子期刊&電子書】"
"51736","Lancet Regional Health - Africa, The","3050-5011","西文","2026-present","ClinicalKey 【電子期刊&電子書】"
"38626","Lancet Regional Health - Americas, The","2667-193X","西文","2021-present","ClinicalKey 【電子期刊&電子書】"
"38627","Lancet Regional Health - Europe, The","2666-7762","西文","2021-present","ClinicalKey 【電子期刊&電子書】"
"38668","Lancet Regional Health - Southeast Asia, The","2772-3682","西文","2022-present","ClinicalKey 【電子期刊&電子書】"
"38628","Lancet Regional Health - Western Pacific, The","2666-6065","西文","2020-present","ClinicalKey 【電子期刊&電子書】"
"38271","Lancet Respiratory Medicine","2213-2600","西文","2013/03-present","ClinicalKey 【電子期刊&電子書】"
"38272","Lancet, The","0140-6736","西文","2007-present","ClinicalKey 【電子期刊&電子書】"
"51397","Langenbeck's Archives of Surgery","1435-2443","西文","12/1/2023+","ProQuest 【電子期刊】"
"19201","Langenbeck's archives of surgery / Deutsche Gesellschaft fur Chirurgie","1435-2443","西文","20000101-","MEDLINE電子期刊"
"46294","Language and Speech","0023-8309","西文","1998.04-present","ProQuest 【電子期刊】"
"46295","Language, Speech & Hearing Services in Schools","0161-1461","西文","1997.04-2009.10","ProQuest 【電子期刊】"
"46296","Language, Speech & Hearing Services in Schools (Online)","1558-9129","西文","2010-2022","ProQuest 【電子期刊】"
"49224","Laparoscopic Endoscopic Surgical Science","2587-0610","西文","1/1/2020+","ProQuest 【電子期刊】"
"49225","Laryngoscope Investigative Otolaryngology","2378-8038","西文","2/1/2016+","ProQuest 【電子期刊】"
"6872","Laryngoscope, the","1531-4995","西文","訂購年份:2026-2030(五年約)","彰秀單本期刊"
"49226","Lasers in Dental Science","2367-2587","西文","5/1/2017+","ProQuest 【電子期刊】"
"19193","Lasers in medical science","0268-8921","西文","20030501-","MEDLINE電子期刊"
"46297","Lasers in Medical Science","0268-8921","西文","2002-present","ProQuest 【電子期刊】"
"6590","Lasers in Surgery and Medicine","0196-8092","西文","1996-present","Wiley Online Library(電子期刊)"
"19161","Laterality","1357-650X","西文","20040101-","MEDLINE電子期刊"
"46298","Law and Human Behavior","0147-7307","西文","1999.02-2011.12","ProQuest 【電子期刊】"
"47162","Leadership in Health Services","1751-1879","西文","1999-present","ProQuest 【電子期刊】"
"46299","Learning & Behavior","1543-4494","西文","2011.03-present(已延遲 1 年)","ProQuest 【電子期刊】"
"46300","Learning & Behavior (pre-2011)","1543-4494","西文","2003.11-2010.11","ProQuest 【電子期刊】"
"47092","Learning Disability Practice (2014+)","1465-8712","西文","2014-present","ProQuest 【電子期刊】"
"47093","Learning Disability Practice (through 2013)","1465-8712","西文","2006-2013","ProQuest 【電子期刊】"
"49227","Learning Health Systems","2379-6146","西文","1/1/2017+","ProQuest 【電子期刊】"
"47055","Legal and Criminological Psychology","1355-3259","西文","2004-2006","ProQuest 【電子期刊】"
"38273","Legal Medicine","1344-6223","西文","2007/01-present","ClinicalKey 【電子期刊&電子書】"
"19265","Leprosy review","0305-7518","西文","20060901-","MEDLINE電子期刊"
"18896","Leukemia","0887-6924","西文","19970101-20151101","MEDLINE電子期刊"
"46301","Leukemia","0887-6924","西文","2000-present","ProQuest 【電子期刊】"
"19085","Leukemia & lymphoma","1042-8194","西文","19980101-","MEDLINE電子期刊"
"38274","Leukemia Research","0145-2126","西文","2007/01-present","ClinicalKey 【電子期刊&電子書】"
"37163","Leukemia Research and Treatment","2090-3219","西文","20141201-20141201","Airiti Library 【華藝中文電子期刊】"
"48383","Leukemia Research and Treatment","2090-3219","西文","1/1/2012-1/1/2017","ProQuest 【電子期刊】"
"38275","Leukemia Research Reports","2213-0489","西文","2012/01-present","ClinicalKey 【電子期刊&電子書】"
"48277","Leukemia Supplements","2044-5210","西文","5/1/2012-12/1/2014","ProQuest 【電子期刊】"
"47157","Library Journal","0363-0277","西文","1996-present","ProQuest 【電子期刊】"
"47211","Library Resources & Technical Services","0024-2527","西文","2003-present","ProQuest 【電子期刊】"
"47239","Library Technology Reports","0024-2586","西文","1998-present","ProQuest 【電子期刊】"
"46740","Libyan Journal of Medicine; Jarfalla","1819-6357","西文","2013 (Vol. 8) - present","ProQuest 【電子期刊】"
"51398","Life Medicine","2755-1733","西文","8/1/2022+","ProQuest 【電子期刊】"
"51399","Life Metabolism","2755-0230","西文","8/1/2022+","ProQuest 【電子期刊】"
"46924","Life Sciences, Society, and Policy","2195-7819","西文","2013-present","ProQuest 【電子期刊】"
"51400","Lifestyle Genomics","2504-3161","西文","1/1/2020+","ProQuest 【電子期刊】"
"18813","Lifetime data analysis","1380-7870","西文","20050301-","MEDLINE電子期刊"
"46302","Lifetime Data Analysis","1380-7870","西文","1999.03-present","ProQuest 【電子期刊】"
"48012","Light: Science and Applications","2047-7538","西文","2012-present","ProQuest 【電子期刊】"
"51401","Lin Chuang gan dan Bing Za Zhi = Journal of Clinical Hepatology","1001-5256","西文","1/1/2019+","ProQuest 【電子期刊】"
"37164","Lipid Insights","1178-6353","西文","20111201-20151201","Airiti Library 【華藝中文電子期刊】"
"46303","Lipids","0024-4201","西文","1997-present","ProQuest 【電子期刊】"
"18820","Lipids in health and disease","","西文","20020101-","MEDLINE電子期刊"
"46304","Lipids in Health and Disease","1476-511X","西文","2009-present","ProQuest 【電子期刊】"
"37736","Lippincott's Bone and Joint Newsletter","1543-9879","西文","2007-2023","OVID 【電子期刊】"
"46305","Literature and Medicine","0278-9671","西文","1996.04-present","ProQuest 【電子期刊】"
"18999","Liver","0106-9543","西文","20000201-20021201","MEDLINE電子期刊"
"49823","Liver Cancer","2235-1795","西文","1/1/2020+","ProQuest 【電子期刊】"
"49228","Liver Cancer International","2642-3561","西文","7/1/2020+","ProQuest 【電子期刊】"
"19000","Liver international: official journal of the International Association for the Study of the Liver","1478-3223","西文","20030201-","MEDLINE電子期刊"
"6930","Liver Transplantation","1527-6465","西文","1995-present(三院共享)","南醫單本訂購期刊"
"37343","Livestock Research Institute, Council of Agriculture, Executive Yuan Biennial Report","","西文","20201101-20201101","Airiti Library 【華藝中文電子期刊】"
"49229","Local and Regional Anesthesia","1178-7112","西文","1/1/2008+","ProQuest 【電子期刊】"
"49230","LocumLife","1934-5429","西文","12/1/2008-12/1/2010","ProQuest 【電子期刊】"
"47465","London Journal of Medicine","2041-9988","西文","1849-1852","ProQuest 【電子期刊】"
"19247","Lung","0341-2040","西文","19970101-","MEDLINE電子期刊"
"46306","Lung","0341-2040","西文","1997-present","ProQuest 【電子期刊】"
"49714","Lung","0341-2040","西文","1997-present","Springer 【電子期刊】"
"48633","Lung Cancer : Targets and Therapy","","西文","2010-present","ProQuest 【電子期刊】"
"37165","Lung Cancer International","2090-3197","西文","20111201-20171201","Airiti Library 【華藝中文電子期刊】"
"48384","Lung Cancer International","2090-3197","西文","1/1/2012-1/1/2017","ProQuest 【電子期刊】"
"49231","Lung Cancer Management","1758-1966","西文","3/1/2018-3/1/2021","ProQuest 【電子期刊】"
"47804","Lung India","0970-2113","西文","2008-present","ProQuest 【電子期刊】"
"18930","Lupus","0961-2033","西文","19980101-","MEDLINE電子期刊"
"46307","Lupus","0961-2033","西文","1998-present","ProQuest 【電子期刊】"
"47466","Lupus Science & Medicine","2053-8790","西文","2014-present","ProQuest 【電子期刊】"
"37166","Lymphoma","2090-309X","西文","20141201-20141201","Airiti Library 【華藝中文電子期刊】"
"37167","Lymphoma and Chronic Lymphocytic Leukemias","1179-2361","西文","20131201-20151201","Airiti Library 【華藝中文電子期刊】"
"48385","Lymphoma and Chronic Lymphocytic Leukemias","1179-2361","西文","1/1/2009-1/1/2017","ProQuest 【電子期刊】"
"17452","The Laryngoscope","0023-852X","西文","1997-present","Wiley Online Library(電子期刊)"
"49589","Die MKG-Chirurgie","2731-748X","西文","2008-present","Springer 【電子期刊】"
"46310","Magma","0968-5243","西文","2003.02-2010.09","ProQuest 【電子期刊】"
"38277","Magnetic Resonance Imaging","0730-725X","西文","2007/01-present","ClinicalKey 【電子期刊&電子書】"
"38278","Magnetic Resonance Imaging Clinics of North America","1064-9689","西文","2007/02-present","ClinicalKey 【電子期刊&電子書】"
"6591","Magnetic Resonance in Medicine","0740-3194","西文","1999-present","Wiley Online Library(電子期刊)"
"37168","Magnetic Resonance Insights","1178-623X","西文","20121201-20151202","Airiti Library 【華藝中文電子期刊】"
"49716","Magnetic Resonance Materials in Physics, Biology and Medicine","0968-5243","西文","1997-present","Springer 【電子期刊】"
"48310","Maine Nurse","0025-0767","西文","8/1/2003-8/1/2004","ProQuest 【電子期刊】"
"47467","Majallah-i pizishki-i Danishgah-i Ulum-i Pizishki va Khadamat-i Bihdashti-i Darmani-i Tabriz","1608-5671","西文","2013-present","ProQuest 【電子期刊】"
"18985","Malaria journal","","西文","20020101-","MEDLINE電子期刊"
"46311","Malaria Journal; London","1475-2875","西文","2009-present","ProQuest 【電子期刊】"
"37169","Malaria Research and Treatment","2044-4362","西文","20141201-20141201","Airiti Library 【華藝中文電子期刊】"
"49232","Malaria Research and Treatment","2044-4362","西文","1/1/2013-1/1/2019","ProQuest 【電子期刊】"
"49233","Malawi Medical Journal","1995-7262","西文","1/1/2019-1/1/2021","ProQuest 【電子期刊】"
"47469","Malaysian Family Physician","1985-2274","西文","2013-present","ProQuest 【電子期刊】"
"47470","Malaysian Journal of Medical Sciences, The","1394-195X","西文","2013-2016","ProQuest 【電子期刊】"
"46312","Malaysian Journal of Pathology, The","0126-8635","西文","2011.06-present","ProQuest 【電子期刊】"
"47955","Malaysian Journal of Pharmaceutical Sciences","1675-7319","西文","2013-2015","ProQuest 【電子期刊】"
"46313","Mammalian Genome","0938-8990","西文","1997-present","ProQuest 【電子期刊】"
"18916","Mammalian genome: official journal of the International Mammalian Genome Society","0938-8990","西文","20000101-","MEDLINE電子期刊"
"46314","Managed Care Quarterly","1064-5454","西文","1998-2006.10","ProQuest 【電子期刊】"
"47180","Managed Dental Care","1083-3641","西文","2009","ProQuest 【電子期刊】"
"47215","Managed Healthcare Executive","1533-9300","西文","1997-present","ProQuest 【電子期刊】"
"47150","Management of Environmental Quality","1477-7835","西文","1992-present(已延遲 1 年)","ProQuest 【電子期刊】"
"46998","Management Review","0025-1895","西文","1987-2000","ProQuest 【電子期刊】"
"47017","Management Today","0025-1925","西文","1991-2017","ProQuest 【電子期刊】"
"47018","Management World","0090-3825","西文","1987-1992","ProQuest 【電子期刊】"
"49234","Manipal Journal of Nursing and Health Sciences (MJNHS)","2395-1397","西文","1/1/2015+","ProQuest 【電子期刊】"
"49235","Manipal Journal of Pharmaceutical Sciences","2455-3735","西文","9/1/2015-9/1/2018","ProQuest 【電子期刊】"
"38279","Manual Therapy","1356-689X","西文","2007/02-present","ClinicalKey 【電子期刊&電子書】"
"48506","Manual Therapy, Posturology & Rehabilitation Journal = Revista Manual Therapy","1677-5937","西文","1/1/2014+","ProQuest 【電子期刊】"
"49236","Manuelle Medizin","0025-2514","西文","5/1/1997+","ProQuest 【電子期刊】"
"49717","Manuelle Medizin","0025-2514","西文","1997-present","Springer 【電子期刊】"
"19086","Marine biotechnology","1436-2228","西文","20030101-","MEDLINE電子期刊"
"46315","Marine Biotechnology","1436-2228","西文","2000.12-present","ProQuest 【電子期刊】"
"46741","Marine Drugs","1660-3397","西文","1999-present(已延遲 1 年)","ProQuest 【電子期刊】"
"18798","Marketing health services","1094-1304","西文","19970301-","MEDLINE電子期刊"
"46316","Marketing Health Services","1094-1304","西文","1987.03-2002.12","ProQuest 【電子期刊】"
"49237","Marler Blog","","西文","5/2/2018+","ProQuest 【電子期刊】"
"38782","Mass Gathering Medicine","3050-4562","西文","2024-present","ClinicalKey 【電子期刊&電子書】"
"18835","Materials management in health care","1059-4531","西文","19950101-20100601","MEDLINE電子期刊"
"46317","Materials Management in Health Care","1059-4531","西文","2004.06-2009.10","ProQuest 【電子期刊】"
"19114","Maternal and child health journal","1092-7875","西文","19971201-","MEDLINE電子期刊"
"46318","Maternal and Child Health Journal","1092-7875","西文","1997.03-present","ProQuest 【電子期刊】"
"49718","Maternal and Child Health Journal","1092-7875","西文","1997-present","Springer 【電子期刊】"
"49238","Maternal and Child Nutrition","1740-8695","西文","1/1/2020+","ProQuest 【電子期刊】"
"48344","Maternal Health, Neonatology and Perinatology","2054-958X","西文","1/1/2015+","ProQuest 【電子期刊】"
"38280","Maturitas","0378-5122","西文","2007/01-present","ClinicalKey 【電子期刊&電子書】"
"49239","Maxillofacial Plastic and Reconstructive Surgery","2288-8101","西文","12/1/2019+","ProQuest 【電子期刊】"
"49240","Mayo Clinic Health Information Library : Answers","","西文","8/18/2018+","ProQuest 【電子期刊】"
"49241","Mayo Clinic Health Information Library : Articles","","西文","2/19/2018+","ProQuest 【電子期刊】"
"49242","Mayo Clinic News Network","","西文","5/26/2015+","ProQuest 【電子期刊】"
"38281","Mayo Clinic Proceedings","0025-6196","西文","2007/01-present","ClinicalKey 【電子期刊&電子書】"
"46319","Mayo Clinic Proceedings","0025-6196","西文","1997-present","ProQuest 【電子期刊】"
"38704","Mayo Clinic Proceedings: Digital Health","2949-7612","西文","2023-present","ClinicalKey 【電子期刊&電子書】"
"38700","Mayo Clinic Proceedings: Innovations, Quality & Outcomes","2542-4548","西文","2017-present","ClinicalKey 【電子期刊&電子書】"
"49243","Mayo Clinic Videos","","西文","11/17/2000-4/1/2020","ProQuest 【電子期刊】"
"49244","Maze Engineers Blog","","西文","5/2/2018-8/1/2022","ProQuest 【電子期刊】"
"36006","MC-Transaction on Biotechnology","2225-5184","西文","20090101-present","Airiti Library 【華藝中文電子期刊】"
"37737","MCN, American Journal of Maternal Child Nursing","0361-929X","西文","1996.01-present","OVID 【電子期刊】"
"47739","Meandros Medical and Dental Journal","2149-9063","西文","2016-present","ProQuest 【電子期刊】"
"38749","Measurement and Evaluations in Cancer Care","2949-8775","西文","2023-present","ClinicalKey 【電子期刊&電子書】"
"48235","Mechanical Circulatory Support","2000-6993","西文","1/1/2012-1/1/2013","ProQuest 【電子期刊】"
"49245","Medcomm","2688-2663","西文","6/1/2020+","ProQuest 【電子期刊】"
"49246","MEDCOMM - Future Medicine","2769-6456","西文","6/1/2022+","ProQuest 【電子期刊】"
"49247","MEDCOMM - Oncology","2769-6448","西文","6/1/2022+","ProQuest 【電子期刊】"
"48447","Medecine Intensive Reanimation","2496-6142","西文","1/1/2017+","ProQuest 【電子期刊】"
"47473","Medeconomics","0144-4271","西文","2003-2015","ProQuest 【電子期刊】"
"49248","Medgadget [BLOG]","","西文","5/2/2018+","ProQuest 【電子期刊】"
"18917","Mediators of inflammation","0962-9351","西文","19980201-","MEDLINE電子期刊"
"37170","Mediators of Inflammation","0962-9351","西文","19971201-20141201","Airiti Library 【華藝中文電子期刊】"
"46742","Mediators of Inflammation; New York","0962-9351","西文","2014 - present","ProQuest 【電子期刊】"
"18811","Medical & biological engineering & computing","0140-0118","西文","20030101-","MEDLINE電子期刊"
"46331","Medical and Biological Engineering and Computing","0140-0118","西文","1997-present","ProQuest 【電子期刊】"
"19393","Medical and veterinary entomology","0269-283X","西文","19980101-","MEDLINE電子期刊"
"18888","Medical anthropology quarterly","0745-5194","西文","20080301-","MEDLINE電子期刊"
"46320","Medical Anthropology Quarterly","0745-5194","西文","2001.03-2007.12","ProQuest 【電子期刊】"
"46321","Medical Archives","0350-199X","西文","2009-present","ProQuest 【電子期刊】"
"47474","Medical Buyer","","西文","2009-present","ProQuest 【電子期刊】"
"37738","Medical Care","0025-7079","西文","1996.01-present","OVID 【電子期刊】"
"47475","Medical Channel","1681-5491","西文","2012","ProQuest 【電子期刊】"
"38282","Medical Clinics of North America","0025-7125","西文","2007/01-present","ClinicalKey 【電子期刊&電子書】"
"47476","Medical Design Technology","1096-1801","西文","2002-present","ProQuest 【電子期刊】"
"38283","Medical Dosimetry","0958-3947","西文","2007/03-present","ClinicalKey 【電子期刊&電子書】"
"19016","Medical economics","0025-7206","西文","20041201-","MEDLINE電子期刊"
"46322","Medical Economics","0025-7206","西文","1994.04.11-present","ProQuest 【電子期刊】"
"19298","Medical education","0308-0110","西文","19980101-","MEDLINE電子期刊"
"46743","Medical Education Online","1087-2981","西文","2013-present","ProQuest 【電子期刊】"
"18836","Medical electron microscopy: official journal of the Clinical Electron Microscopy Society of Japan","0918-4287","西文","20030301-20041201","MEDLINE電子期刊"
"38284","Medical Engineering and Physics","1350-4533","西文","2007/01-present","ClinicalKey 【電子期刊&電子書】"
"37427","Medical Equipment Insights","","西文","20121201-20151201","Airiti Library 【華藝中文電子期刊】"
"47479","Medical Ethics Advisor","0886-0653","西文","2008-present","ProQuest 【電子期刊】"
"49249","Medical Futility Blog","","西文","5/2/2018+","ProQuest 【電子期刊】"
"47604","Medical Gas Research","2045-9912","西文","2016-present","ProQuest 【電子期刊】"
"47480","Medical Group Management Journal","0899-8949","西文","2001","ProQuest 【電子期刊】"
"46323","Medical History","0025-7273","西文","2012.01-present","ProQuest 【電子期刊】"
"46324","Medical History (pre-2012)","0025-7273","西文","1997-2011.10","ProQuest 【電子期刊】"
"47481","Medical Humanities","1468-215X","西文","2000-present","ProQuest 【電子期刊】"
"38285","Medical Hypotheses","0306-9877","西文","2007/01-present","ClinicalKey 【電子期刊&電子書】"
"48414","Medical Hypothesis, Discovery & Innovation Ophthalmology Journal","2322-4436","西文","1/1/2012+","ProQuest 【電子期刊】"
"18918","Medical immunology","","西文","20060101-20060101","MEDLINE電子期刊"
"19303","Medical informatics and the Internet in medicine","1463-9238","西文","19990301-20071201","MEDLINE電子期刊"
"46896","Medical Journal of Cell Biology","2544-3577","西文","2018-present","ProQuest 【電子期刊】"
"47483","Medical Journal of Indonesia","0853-1773","西文","1994-present","ProQuest 【電子期刊】"
"46326","Medical Laboratory Observer; MLO","0580-7247","西文","1998.05-present","ProQuest 【電子期刊】"
"48236","Medical Laser Application","1615-1615","西文","4/1/2002-12/1/2004","ProQuest 【電子期刊】"
"47484","Medical Letter on Drugs & Therapeutics","0543-2766","西文","1962","ProQuest 【電子期刊】"
"10428","Medical Letter on Drugs and Therapeutics (需帳密,請見簡介)","0025-732X","西文","2019.01-2026.12","彰秀單本期刊"
"49250","Medical Letter on Drugs and Therapeutics, The","0253-8512","西文","1/9/2015-12/16/2022","ProQuest 【電子期刊】"
"47023","Medical Marketing and Media","0025-7354","西文","1988-present","ProQuest 【電子期刊】"
"18919","Medical microbiology and immunology","0300-8584","西文","20030201-","MEDLINE電子期刊"
"46327","Medical Microbiology and Immunology","0300-8584","西文","2003.03-present","ProQuest 【電子期刊】"
"18851","Medical molecular morphology","1860-1480","西文","20050301-","MEDLINE電子期刊"
"46328","Medical Molecular Morphology","1860-1480","西文","2003.03-present","ProQuest 【電子期刊】"
"49719","Medical Molecular Morphology","1860-1480","西文","1997-present","Springer 【電子期刊】"
"18906","Medical mycology","1369-3786","西文","20030201-","MEDLINE電子期刊"
"18907","Medical mycology journal","2185-6486","西文","20110301-","MEDLINE電子期刊"
"49720","Medical Oncology","1357-0560","西文","1997-present","Springer 【電子期刊】"
"46744","Medical Oncology; Middlesex","1357-0560","西文","1997 - present","ProQuest 【電子期刊】"
"19194","Medical physics","0094-2405","西文","20070101-","MEDLINE電子期刊"
"47485","Medical Post","0025-7435","西文","1996-2017","ProQuest 【電子期刊】"
"47486","Medical Principles and Practice","1011-7571","西文","2017-present","ProQuest 【電子期刊】"
"18837","Medical principles and practice: international journal of the Kuwait University, Health Science Centre","1011-7571","西文","20050101-","MEDLINE電子期刊"
"46329","Medical Problems of Performing Artists","0885-1158","西文","2007.03-2012.09","ProQuest 【電子期刊】"
"38790","Medical Reports","2949-9186","西文","2023-present","ClinicalKey 【電子期刊&電子書】"
"37406","Medical Research","2664-0333","西文","20191231-20211231","Airiti Library 【華藝中文電子期刊】"
"19299","Medical teacher","0142-159X","西文","20020101-","MEDLINE電子期刊"
"46745","Medical Teacher; London","0142-159X","西文","1997 - 2000","ProQuest 【電子期刊】"
"46330","Medical Ultrasonography","1844-4172","西文","2010.03-present","ProQuest 【電子期刊】"
"48002","Medical Update","0732-0183","西文","1988-2005","ProQuest 【電子期刊】"
"49251","MedicalResearch.com [BLOG]","","西文","7/6/2020+","ProQuest 【電子期刊】"
"49252","Medici Oggi","1721-0208","西文","1/16/2014-12/19/2022","ProQuest 【電子期刊】"
"19268","Medicina","0025-7680","西文","20081201-","MEDLINE電子期刊"
"49253","Medicina","1010-660X","西文","1/1/2018+","ProQuest 【電子期刊】"
"47487","Medicina U.P.B.","0120-4874","西文","1995-present","ProQuest 【電子期刊】"
"38286","Medicine","1357-3039","西文","2007/01-present","ClinicalKey 【電子期刊&電子書】"
"37739","Medicine","0025-7974","西文","1995.01-present","OVID 【電子期刊】"
"37740","Medicine & Science in Sports & Exercise","0195-9131","西文","1996.01-present","OVID 【電子期刊】"
"49824","Medicine 2.0","1923-2195","西文","1/1/2012-7/1/2015","ProQuest 【電子期刊】"
"49254","Medicine Access @ Point of Care","2399-2026","西文","1/1/2018+","ProQuest 【電子期刊】"
"19033","Medicine and law","0723-1393","西文","20060601-20150101","MEDLINE電子期刊"
"37171","Medicine with Humanity","","西文","20040601-20080501","Airiti Library 【華藝中文電子期刊】"
"19035","Medicine, health care, and philosophy","1386-7423","西文","20080601-","MEDLINE電子期刊"
"46333","Medicine, Health Care, and Philosophy","1386-7423","西文","1998-present","ProQuest 【電子期刊】"
"49255","Medicines","2305-6320","西文","1/1/2021+","ProQuest 【電子期刊】"
"49256","Medicni Perspektivi","2307-0404","西文","1/1/2013+","ProQuest 【電子期刊】"
"46945","Mediterranean Journal of Infection Microbes and Antimicrobials","2147-673X","西文","2014-present","ProQuest 【電子期刊】"
"49257","Mediterranean Journal of Rheumatology","2529-198X","西文","3/1/2016+","ProQuest 【電子期刊】"
"46334","Medizinhistorisches Journal","0025-8431","西文","2002-2004.10","ProQuest 【電子期刊】"
"49721","Medizinische Klinik - Intensivmedizin und Notfallmedizin","2193-6218","西文","1997-present","Springer 【電子期刊】"
"19252","Medizinische Klinik, Intensivmedizin und Notfallmedizin","2193-6218","西文","20110101-","MEDLINE電子期刊"
"49258","Medizinrecht","0723-8886","西文","1/1/1998+","ProQuest 【電子期刊】"
"51137","MedScience","3091-4973","西文","2007-present","Springer 【電子期刊】"
"46335","Medsurg Nursing","1092-0811","西文","1998.02-present","ProQuest 【電子期刊】"
"49259","Medycyna Nowozytna","1231-1960","西文","1/1/2019+","ProQuest 【電子期刊】"
"49260","Medycyna Ogólna i Nauki o Zdrowiu","","西文","1/1/2007-1/1/2022","ProQuest 【電子期刊】"
"47488","Medycyna Paliatywna","2081-0016","西文","2009-present","ProQuest 【電子期刊】"
"18891","Medycyna pracy","0465-5893","西文","20040101-","MEDLINE電子期刊"
"46336","Medycyna Pracy; Lodz","0465-5893","西文","2006-present","ProQuest 【電子期刊】"
"49261","Medycyna Środowiskowa = Environmental Medicine","1505-7054","西文","1/1/2010-1/1/2022","ProQuest 【電子期刊】"
"49262","Melanoma Management","2045-0885","西文","3/1/2017-12/1/2020","ProQuest 【電子期刊】"
"37741","Melanoma Research","0960-8931","西文","2000.08-present","OVID 【電子期刊】"
"47101","Membranes","2077-0375","西文","2011-present","ProQuest 【電子期刊】"
"49722","Memo - Magazine of European Medical Oncology","1865-5041","西文","2008-present","Springer 【電子期刊】"
"18846","Memory","0965-8211","西文","19960101-","MEDLINE電子期刊"
"46337","Memory & Cognition","0090-502X","西文","2011.01-present","ProQuest 【電子期刊】"
"47894","Men's Health","1054-4836","西文","1994-present","ProQuest 【電子期刊】"
"37742","Menopause","1072-3714","西文","2000.11-present","OVID 【電子期刊】"
"19325","Menopause international","1754-0453","西文","20070301-20131201","MEDLINE電子期刊"
"19040","Mental and physical disability law reporter","0883-7902","西文","20080101-20111201","MEDLINE電子期刊"
"46341","Mental and Physical Disability Law Reporter","0883-7902","西文","2007.09-2011.11","ProQuest 【電子期刊】"
"38287","Mental Health and Physical Activity","1755-2966","西文","2008/06-present","ClinicalKey 【電子期刊&電子書】"
"48166","Mental Health and Social Inclusion","2042-8308","西文","2003-present","ProQuest 【電子期刊】"
"48567","Mental Health Practice (2014+)","1465-8720","西文","2/1/2014+","ProQuest 【電子期刊】"
"48568","Mental Health Practice (through 2013)","1465-8720","西文","12/1/2006-12/1/2013","ProQuest 【電子期刊】"
"48569","Mental Health Review, The","1361-9322","西文","12/1/2003+","ProQuest 【電子期刊】"
"46339","Mental Health Services Research","1522-3434","西文","1999.03-2005.12","ProQuest 【電子期刊】"
"46340","Mental Health Today","1474-5186","西文","2004.03-2008.12","ProQuest 【電子期刊】"
"18879","Mental retardation and developmental disabilities research reviews","1080-4013","西文","20000201-20080101","MEDLINE電子期刊"
"33561","Merrill's Atlas of Radiographic Positioning and Procedures V.2(帳密請看簡介)","9780323832816","英文","","南醫單本訂購期刊"
"33562","Merrill's Atlas of Radiographic Positioning and Procedures V.3(帳密請看簡介)","9780323832823","英文","","南醫單本訂購期刊"
"46342","Metabolic Brain Disease","0885-7490","西文","1997.06-present","ProQuest 【電子期刊】"
"38288","Metabolism","0026-0495","西文","2007/01-present","ClinicalKey 【電子期刊&電子書】"
"38575","Metabolism Open","2589-9368","西文","2019-present","ClinicalKey 【電子期刊&電子書】"
"46958","Metabolomics","1573-3882","西文","2005-present","ProQuest 【電子期刊】"
"37172","Metagenomics","2090-5181","西文","20120501-20140601","Airiti Library 【華藝中文電子期刊】"
"49263","Metalloproteinases In Medicine","2324-2027","西文","1/1/2014-1/1/2020","ProQuest 【電子期刊】"
"46308","MGMA Connexion","1537-0240","西文","2003-2012.09","ProQuest 【電子期刊】"
"47225","Michigan Law Review","0026-2234","西文","1993-present","ProQuest 【電子期刊】"
"46876","Microbial Biotechnology","1751-7915","西文","2012-present","ProQuest 【電子期刊】"
"46343","Microbial Cell Factories","1475-2859","西文","2009-present","ProQuest 【電子期刊】"
"46344","Microbial Drug Resistance","1076-6294","西文","2000.06-present","ProQuest 【電子期刊】"
"19046","Microbial ecology","0095-3628","西文","20020201-","MEDLINE電子期刊"
"46345","Microbial Ecology","0095-3628","西文","2000.11-present","ProQuest 【電子期刊】"
"46346","Microbiological Research","0944-5013","西文","2002-2004.10","ProQuest 【電子期刊】"
"18920","Microbiology and immunology","0385-5600","西文","20080101-","MEDLINE電子期刊"
"37173","Microbiology Insights","1178-6361","西文","20111201-20151203","Airiti Library 【華藝中文電子期刊】"
"46916","Microbiology Resource Announcements","2169-8287","西文","2015-2018","ProQuest 【電子期刊】"
"46946","MicrobiologyOpen","2045-8827","西文","2012-present","ProQuest 【電子期刊】"
"46827","Microbiome","2049-2618","西文","2015-present","ProQuest 【電子期刊】"
"19241","Microcirculation: the official journal of the Microcirculatory Society, Inc.","1073-9688","西文","19990301-","MEDLINE電子期刊"
"47102","Microfluidics and Nanofluidics","1613-4982","西文","2004-present","ProQuest 【電子期刊】"
"46780","Microgravity Science and Technology","0938-0108","西文","2001-present","ProQuest 【電子期刊】"
"46347","Microscopy and Microanalysis","1431-9276","西文","2002.02-present","ProQuest 【電子期刊】"
"17453","Microsurgery","0738-1085","西文","1996-present","Wiley Online Library(電子期刊)"
"6841","Microsurgery","1098-2752","西文","1996-present訂購年份:2026-2030(五年約)","彰秀單本期刊"
"48008","Microsystems & Nanoengineering","2055-7434","西文","2015-present","ProQuest 【電子期刊】"
"36008","Mid-Taiwan Journal of Medicine","1029-3507","西文","20050820-20090220","Airiti Library 【華藝中文電子期刊】"
"46348","Middle East African Journal of Ophthalmology","0975-1599","西文","2008.01-present","ProQuest 【電子期刊】"
"49264","Middle East Current Psychiatry","2090-5408","西文","12/1/2019+","ProQuest 【電子期刊】"
"49265","Middle East Fertility Society Journal","1110-5690","西文","12/1/2019+","ProQuest 【電子期刊】"
"48263","Middle East Journal of Digestive Diseases","2008-5230","西文","1/1/2013+","ProQuest 【電子期刊】"
"48345","Midwifery Today","1551-8892","西文","1/30/1987+","ProQuest 【電子期刊】"
"46349","Midwives","1479-2915","西文","2011.07-present","ProQuest 【電子期刊】"
"47033","Mikrochimica Acta","0026-3672","西文","2016-present","ProQuest 【電子期刊】"
"47490","Military Medical Research","2054-9369","西文","2015-present","ProQuest 【電子期刊】"
"19260","Military medicine","0026-4075","西文","20030801-","MEDLINE電子期刊"
"46350","Military Medicine","0026-4075","西文","1998.09-present","ProQuest 【電子期刊】"
"47491","MIMER Medical Journal","2581-3072","西文","2017-present","ProQuest 【電子期刊】"
"48570","Mind & Brain","2042-4698","西文","1/1/2010-1/1/2012","ProQuest 【電子期刊】"
"37174","Minimally Invasive Surgery","2090-1445","西文","20141201-20141201","Airiti Library 【華藝中文電子期刊】"
"19208","Minimally invasive therapy & allied technologies: MITAT: official journal of the Society for Minimally Invasive Therapy","1364-5706","西文","20060201-","MEDLINE電子期刊"
"18838","Minnesota medicine","0026-556X","西文","20061101-","MEDLINE電子期刊"
"46351","Minority Nurse Newsletter","1071-9946","西文","1998.10-2004.10","ProQuest 【電子期刊】"
"46352","Mississippi RN, The","0026-6388","西文","2011.03-present","ProQuest 【電子期刊】"
"49266","Missouri Medicine","0026-6620","西文","1/1/2020+","ProQuest 【電子期刊】"
"48128","MIT Technology Review","1099-274X","西文","1987-present","ProQuest 【電子期刊】"
"47492","MJDYPU","0974-2743","西文","2010-2014","ProQuest 【電子期刊】"
"19307","MLO: medical laboratory observer","0580-7247","西文","20010901-","MEDLINE電子期刊"
"49267","MMW - Fortschritte der Medizin","1438-3276","西文","1/1/2006+","ProQuest 【電子期刊】"
"49715","MMW - Fortschritte der Medizin","1438-3276","西文","2012.01-present","Springer 【電子期刊】"
"19308","MMWR. Morbidity and mortality weekly report","0149-2195","西文","19960301-","MEDLINE電子期刊"
"46309","MMWR. Morbidity and Mortality Weekly Report","0149-2195","西文","1998-present","ProQuest 【電子期刊】"
"19309","MMWR. Recommendations and reports: Morbidity and mortality weekly report. Recommendations and reports / Centers for Disease Control","1057-5987","西文","20080301-","MEDLINE電子期刊"
"18839","MMWR. Surveillance summaries: Morbidity and mortality weekly report. Surveillance summaries / CDC","1546-0738","西文","20080101-","MEDLINE電子期刊"
"47493","Mobile DNA","1759-8753","西文","2015-present","ProQuest 【電子期刊】"
"19030","Modern healthcare","0160-7480","西文","19960701-","MEDLINE電子期刊"
"46353","Modern Healthcare","0160-7480","西文","1999.11.22-present","ProQuest 【電子期刊】"
"46354","Modern Pathology","0893-3952","西文","2000-present","ProQuest 【電子期刊】"
"49268","Modern Retina","2767-6722","西文","9/1/2020+","ProQuest 【電子期刊】"
"46355","Modern Rheumatology","1439-7595","西文","2002.03-2012.06","ProQuest 【電子期刊】"
"19364","Modern rheumatology / the Japan Rheumatism Association","1439-7595","西文","20060301-20131201","MEDLINE電子期刊"
"46369","Molecular and Cellular Biochemistry","0300-8177","西文","1997-present","ProQuest 【電子期刊】"
"46897","Molecular and Cellular Pediatrics","2194-7791","西文","2014-present","ProQuest 【電子期刊】"
"46854","Molecular and Cellular Therapies","2052-8426","西文","2015-2016","ProQuest 【電子期刊】"
"48386","Molecular and Clinical Oncology","2049-9450","西文","1/1/2013+","ProQuest 【電子期刊】"
"48571","Molecular Autism","2040-2392","西文","1/1/2015+","ProQuest 【電子期刊】"
"46855","Molecular Biology","0026-8933","西文","2000-2018","ProQuest 【電子期刊】"
"37373","Molecular Biology International","2090-2190","西文","20101201-20161201","Airiti Library 【華藝中文電子期刊】"
"46356","Molecular Biology Reports","0301-4851","西文","1997-present","ProQuest 【電子期刊】"
"49269","Molecular Biomedicine","2662-8651","西文","12/1/2020+","ProQuest 【電子期刊】"
"46357","Molecular Biotechnology","1073-6085","西文","1997.02-present","ProQuest 【電子期刊】"
"46358","Molecular Brain","1756-6606","西文","2009-present","ProQuest 【電子期刊】"
"19087","Molecular cancer","","西文","20020101-","MEDLINE電子期刊"
"46359","Molecular Cancer","1475-4598","西文","2009-present","ProQuest 【電子期刊】"
"46925","Molecular Cytogenetics","1755-8166","西文","2009-present","ProQuest 【電子期刊】"
"19131","Molecular diagnosis & therapy","1177-1062","西文","20060101-20150601","MEDLINE電子期刊"
"46360","Molecular Diagnosis & Therapy","1177-1062","西文","2008.05-present","ProQuest 【電子期刊】"
"46361","Molecular Diversity","1381-1991","西文","1997.03-present","ProQuest 【電子期刊】"
"46362","Molecular Genetics and Genomics","1617-4615","西文","2001.03-present","ProQuest 【電子期刊】"
"19003","Molecular genetics and genomics: MGG","1617-4615","西文","20050301-","MEDLINE電子期刊"
"18958","Molecular imaging","1535-3508","西文","20020101-20151201","MEDLINE電子期刊"
"49723","Molecular Imaging and Biology","1536-1632","西文","2005-present","Springer 【電子期刊】"
"46363","Molecular Imaging and Biology : MIB","1536-1632","西文","2005-present","ProQuest 【電子期刊】"
"48627","Molecular Imaging and Radionuclide Therapy","2146-1414","西文","4/1/2012+","ProQuest 【電子期刊】"
"18799","Molecular medicine","1076-1551","西文","20070901-","MEDLINE電子期刊"
"49270","Molecular Medicine","1076-1551","西文","1/1/2011+","ProQuest 【電子期刊】"
"46856","Molecular Medicine Reports","1791-2997","西文","2012-present","ProQuest 【電子期刊】"
"18800","Molecular membrane biology","0968-7688","西文","19990101-","MEDLINE電子期刊"
"38289","Molecular Metabolism","2212-8778","西文","2012/12-present","ClinicalKey 【電子期刊&電子書】"
"46364","Molecular Neurobiology","0893-7648","西文","1997.02-present","ProQuest 【電子期刊】"
"46365","Molecular Neurodegeneration","1750-1326","西文","2009-present","ProQuest 【電子期刊】"
"46366","Molecular Pain","1744-8069","西文","2009-present","ProQuest 【電子期刊】"
"46881","Molecular Plant-Microbe Interactions","0894-0282","西文","2002-2005","ProQuest 【電子期刊】"
"19149","Molecular psychiatry","1359-4184","西文","19970101-20151201","MEDLINE電子期刊"
"46367","Molecular Psychiatry","1359-4184","西文","2000-present","ProQuest 【電子期刊】"
"46926","Molecular Syndromology","1661-8769","西文","2010-2015","ProQuest 【電子期刊】"
"18801","Molecular systems biology","","西文","20051201-","MEDLINE電子期刊"
"46368","Molecular Systems Biology","1744-4292","西文","2005.03-2013.12","ProQuest 【電子期刊】"
"46746","Molecular Therapy","1525-0016","西文","2000-2017","ProQuest 【電子期刊】"
"46857","Molecular Therapy. Methods & Clinical Development","2329-0501","西文","2014-2019","ProQuest 【電子期刊】"
"46858","Molecular Therapy. Nucleic Acids","2162-2531","西文","2012-2019","ProQuest 【電子期刊】"
"48387","Molecular Therapy. Oncolytics","2372-7705","西文","12/1/2014-12/20/2019","ProQuest 【電子期刊】"
"51735","Molecular Therapy: Oncology","2950-3299","西文","2024-present","ClinicalKey 【電子期刊&電子書】"
"19004","Molecular therapy: the journal of the American Society of Gene Therapy","1525-0016","西文","20060101-20151001","MEDLINE電子期刊"
"47035","Molecules","1420-3049","西文","1997-present","ProQuest 【電子期刊】"
"46370","Molecules and Cells","1016-8478","西文","2000.02-present","ProQuest 【電子期刊】"
"49724","Monatsschrift Kinderheilkunde","0026-9298","西文","1997-present","Springer 【電子期刊】"
"19178","Monographs of the Society for Research in Child Development","0037-976X","西文","19650201-","MEDLINE電子期刊"
"49271","Montenegrin Journal of Sports Science and Medicine","1800-8755","西文","9/1/2012-3/1/2021","ProQuest 【電子期刊】"
"46999","Monthly Labor Review","0098-1818","西文","1987-present","ProQuest 【電子期刊】"
"47000","Monthly Labor Review (pre-1986)","0098-1818","西文","1918-1985","ProQuest 【電子期刊】"
"47956","Monthly Prescribing Reference","0883-0266","西文","2008-present","ProQuest 【電子期刊】"
"6594","Movement Disorders","0885-3185","西文","1999-present","Wiley Online Library(電子期刊)"
"51054","Movement Disorders Clinical Practice","2330-1619","西文","2014-present","Wiley Online Library(電子期刊)"
"48183","Movimento","0104-754X","西文","1994-present","ProQuest 【電子期刊】"
"49272","MR","1128-4935","西文","3/1/2019-6/1/2021","ProQuest 【電子期刊】"
"46947","mSphere","2379-5042","西文","2015-present","ProQuest 【電子期刊】"
"46948","MSystems","2379-5077","西文","2015-present","ProQuest 【電子期刊】"
"38679","Mucosal Immunology","1933-0219","西文","2012-present","ClinicalKey 【電子期刊&電子書】"
"47597","Mucosal Immunology","1933-0219","西文","2008-present","ProQuest 【電子期刊】"
"47805","Multidisciplinary Respiratory Medicine","1828-695X","西文","2015-present","ProQuest 【電子期刊】"
"49273","Multiple Sclerosis and Demyelinating Disorders","2056-6115","西文","1/1/2016-1/1/2019","ProQuest 【電子期刊】"
"38290","Multiple Sclerosis and Related Disorders","2211-0348","西文","2012/01-present","ClinicalKey 【電子期刊&電子書】"
"37175","Multiple Sclerosis International","2090-2654","西文","20141201-20141201","Airiti Library 【華藝中文電子期刊】"
"49274","Multiple Sclerosis International","2090-2654","西文","1/1/2013+","ProQuest 【電子期刊】"
"46371","Multiple Sclerosis Journal","1477-0970","西文","1998-present","ProQuest 【電子期刊】"
"49275","Multiple Sclerosis Journal - Experimental, Translational and Clinical","2055-2173","西文","1/1/2015+","ProQuest 【電子期刊】"
"38502","Musculoskeletal Science and Practice","2468-7812","西文","2017-present","ClinicalKey 【電子期刊&電子書】"
"46372","Musculoskeletal Surgery","2035-5106","西文","2008.01-present","ProQuest 【電子期刊】"
"49725","Musculoskeletal Surgery","2035-5106","西文","2008-present","Springer 【電子期刊】"
"49276","Mycology","2150-1203","西文","12/1/2019+","ProQuest 【電子期刊】"
"46374","Mycopathologia","0301-486X","西文","1997.04-present","ProQuest 【電子期刊】"
"46375","Mycorrhiza","0940-6360","西文","2003.03-present","ProQuest 【電子期刊】"
"18840","Mycoses","0933-7407","西文","19990101-","MEDLINE電子期刊"
"47110","Mycotoxin Research","0178-7888","西文","3/1/1997-12/1/2018","ProQuest 【電子期刊】"
"19111","The Malaysian journal of pathology","0126-8635","西文","20070601-","MEDLINE電子期刊"
"18993","The Milbank quarterly","0887-378X","西文","19970301-","MEDLINE電子期刊"
"19280","The Mount Sinai journal of medicine, New York","0027-2507","西文","20021001-20121201","MEDLINE電子期刊"
"49590","Die Nephrologie","2731-7463","西文","2006-present","Springer 【電子期刊】"
"46877","Nano Research","1998-0124","西文","2008-2019","ProQuest 【電子期刊】"
"49277","Nanobiomedicine","1849-5435","西文","1/1/2016-1/1/2022","ProQuest 【電子期刊】"
"48189","Nanoethics","1871-4757","西文","2007-present","ProQuest 【電子期刊】"
"46379","Nanomedicine","1743-5889","西文","2006.06-present","ProQuest 【電子期刊】"
"38291","Nanomedicine: Nanotechnology, Biology, and Medicine","1549-9634","西文","2007/03-present","ClinicalKey 【電子期刊&電子書】"
"47988","Narrative Inquiry in Bioethics","2157-1732","西文","2011-present","ProQuest 【電子期刊】"
"46376","NASN School Nurse","1942-602X","西文","2005.05-present","ProQuest 【電子期刊】"
"46979","Nation's Business (1986-1998)","0028-047X","西文","1986-1987","ProQuest 【電子期刊】"
"46980","Nation's Business (pre-1986)","0028-047X","西文","2012-1985","ProQuest 【電子期刊】"
"48003","Nation's Health, The","0028-0496","西文","1997-present","ProQuest 【電子期刊】"
"19347","National health statistics reports","2164-8344","西文","20080601-","MEDLINE電子期刊"
"48105","National Institutes of Health (NIH) Documents / FIND","","西文","2005-present","ProQuest 【電子期刊】"
"48013","National Journal","0360-4217","西文","1994-2015","ProQuest 【電子期刊】"
"47957","National Journal of Physiology, Pharmacy and Pharmacology","2231-3206","西文","2011-present","ProQuest 【電子期刊】"
"49278","National Library of Medicine - NLM in Focus [BLOG]","","西文","7/25/2018-1/27/2022","ProQuest 【電子期刊】"
"47494","National Medical Journal of India, The","0970-258X","西文","2016-present","ProQuest 【電子期刊】"
"19136","Natural product research","1478-6419","西文","20030201-","MEDLINE電子期刊"
"47495","Natural Solutions","1940-8153","西文","2010-present","ProQuest 【電子期刊】"
"19198","Nature","0028-0836","西文","19970601-20151101","MEDLINE電子期刊"
"46380","Nature","0028-0836","西文","1990.01.04-present","ProQuest 【電子期刊】"
"49279","Nature Aging","2662-8465","西文","1/1/2021+","ProQuest 【電子期刊】"
"49280","Nature and Science of Sleep","1179-1608","西文","1/1/2009+","ProQuest 【電子期刊】"
"18816","Nature biotechnology","1087-0156","西文","19981101-20151101","MEDLINE電子期刊"
"46381","Nature Biotechnology","1087-0156","西文","2000-present","ProQuest 【電子期刊】"
"18959","Nature cell biology","1465-7392","西文","19990501-20151101","MEDLINE電子期刊"
"46382","Nature Cell Biology","1465-7392","西文","2000-present","ProQuest 【電子期刊】"
"46383","Nature Chemical Biology","1552-4450","西文","2005.06-present","ProQuest 【電子期刊】"
"46384","Nature Chemistry","1755-4330","西文","2009.04-present","ProQuest 【電子期刊】"
"46385","Nature Communications","2041-1723","西文","2010.04-present","ProQuest 【電子期刊】"
"19005","Nature genetics","1061-4036","西文","19980601-20151101","MEDLINE電子期刊"
"46386","Nature Genetics","1061-4036","西文","2000-present","ProQuest 【電子期刊】"
"18921","Nature immunology","1529-2908","西文","20000701-20151201","MEDLINE電子期刊"
"46387","Nature Immunology","1529-2908","西文","2000.07-present(已延遲 1 年)","ProQuest 【電子期刊】"
"46388","Nature Materials","1476-1122","西文","2002.09-present","ProQuest 【電子期刊】"
"19269","Nature medicine","1078-8956","西文","19980901-20151101","MEDLINE電子期刊"
"46389","Nature Medicine","1078-8956","西文","2000-present","ProQuest 【電子期刊】"
"46390","Nature Methods","1548-7091","西文","2004.10-present","ProQuest 【電子期刊】"
"46391","Nature Nanotechnology","1748-3387","西文","2006.10-present","ProQuest 【電子期刊】"
"19053","Nature neuroscience","1097-6256","西文","19980501-20151101","MEDLINE電子期刊"
"46392","Nature Neuroscience","1097-6256","西文","2000-present","ProQuest 【電子期刊】"
"46393","Nature Protocols","1754-2189","西文","2006.06-present","ProQuest 【電子期刊】"
"6931","Nature Reviews Endocrinology(停訂,全文到2014年,限院內IP)","","","","南醫單本訂購期刊"
"19088","Nature reviews. Cancer","1474-175X","西文","20011001-20151101","MEDLINE電子期刊"
"46394","Nature Reviews. Cancer","1474-175X","西文","2001.10--present","ProQuest 【電子期刊】"
"47639","Nature Reviews. Cardiology","1759-5002","西文","2004-present","ProQuest 【電子期刊】"
"46395","Nature Reviews. Clinical Oncology","1759-4774","西文","2004.11-present","ProQuest 【電子期刊】"
"19137","Nature reviews. Drug discovery","1474-1776","西文","20020101-20151101","MEDLINE電子期刊"
"46396","Nature Reviews. Drug Discovery","1474-1776","西文","2002-present","ProQuest 【電子期刊】"
"48264","Nature Reviews. Endocrinology","1759-5029","西文","11/1/2005+","ProQuest 【電子期刊】"
"48265","Nature Reviews. Gastroenterology & Hepatology","1759-5045","西文","11/1/2004+","ProQuest 【電子期刊】"
"19006","Nature reviews. Genetics","1471-0056","西文","20001001-20151201","MEDLINE電子期刊"
"46397","Nature Reviews. Genetics","1471-0056","西文","2000.10-present","ProQuest 【電子期刊】"
"18922","Nature reviews. Immunology","1474-1733","西文","20011001-20151101","MEDLINE電子期刊"
"46398","Nature Reviews. Immunology","1474-1733","西文","2001.10--present","ProQuest 【電子期刊】"
"19043","Nature reviews. Microbiology","1740-1526","西文","20040501-20151201","MEDLINE電子期刊"
"46399","Nature Reviews. Microbiology","1740-1526","西文","2003.10-present","ProQuest 【電子期刊】"
"18960","Nature reviews. Molecular cell biology","1471-0072","西文","20001001-20151201","MEDLINE電子期刊"
"46400","Nature Reviews. Molecular Cell Biology","1471-0072","西文","2000.10-present","ProQuest 【電子期刊】"
"47882","Nature Reviews. Nephrology","1759-5061","西文","2005-present","ProQuest 【電子期刊】"
"48572","Nature Reviews. Neurology","1759-4758","西文","11/1/2005+","ProQuest 【電子期刊】"
"19054","Nature reviews. Neuroscience","1471-003X","西文","20001001-20151201","MEDLINE電子期刊"
"46401","Nature Reviews. Neuroscience","1471-003X","西文","2000.10-present","ProQuest 【電子期刊】"
"47818","Nature Reviews. Rheumatology","1759-4790","西文","2005-present","ProQuest 【電子期刊】"
"47883","Nature Reviews. Urology","1759-4812","西文","2004-present","ProQuest 【電子期刊】"
"49281","Nature Reviews: Disease Primers","2056-676X","西文","1/1/2015+","ProQuest 【電子期刊】"
"19195","Nature structural & molecular biology","1545-9993","西文","20040101-20151101","MEDLINE電子期刊"
"46402","Nature Structural & Molecular Biology","1545-9993","西文","2000-present","ProQuest 【電子期刊】"
"19196","Nature structural biology","1072-8368","西文","19980701-20031201","MEDLINE電子期刊"
"46403","Naunyn - Schmiedeberg's Archives of Pharmacology","0028-1298","西文","2013-present(已延遲 1 年)","ProQuest 【電子期刊】"
"19138","Naunyn-Schmiedeberg's archives of pharmacology","0028-1298","西文","20000101-","MEDLINE電子期刊"
"47496","Navy Medicine","0895-8211","西文","1998-2017","ProQuest 【電子期刊】"
"49282","NCI BioMedical Informatics Blog","","西文","8/8/2018+","ProQuest 【電子期刊】"
"49283","Nebraska Nurse","0028-1921","西文","2/1/2019+","ProQuest 【電子期刊】"
"19315","Nefrologia: publicacion oficial de la Sociedad Espanola Nefrologia","0211-6995","西文","20081201-","MEDLINE電子期刊"
"47497","NEJM Images in Clinical Medicine","","西文","1992-2011","ProQuest 【電子期刊】"
"47640","NEJM Journal Watch. Cardiology","2330-0477","西文","2000-present","ProQuest 【電子期刊】"
"47770","NEJM Journal Watch. Dermatology","2330-0418","西文","2000-2016","ProQuest 【電子期刊】"
"48448","NEJM Journal Watch. Emergency Medicine","2330-0531","西文","1/1/2000+","ProQuest 【電子期刊】"
"48266","NEJM Journal Watch. Gastroenterology","2330-0450","西文","2/1/2000+","ProQuest 【電子期刊】"
"47498","NEJM Journal Watch. General Medicine","2329-2865","西文","2000-present","ProQuest 【電子期刊】"
"46377","NEJM Journal Watch. HIV/AIDS Clinical Care","","西文","2000-present","ProQuest 【電子期刊】"
"47499","NEJM Journal Watch. Hospital Medicine","","西文","2007-present","ProQuest 【電子期刊】"
"47676","NEJM Journal Watch. Infectious Diseases","2330-040X","西文","2000-present","ProQuest 【電子期刊】"
"48573","NEJM Journal Watch. Neurology","2330-0507","西文","1/1/2000+","ProQuest 【電子期刊】"
"48388","NEJM Journal Watch. Oncology and Hematology","2330-0426","西文","10/11/2006+","ProQuest 【電子期刊】"
"48490","NEJM Journal Watch. Pediatrics & Adolescent Medicine","2330-0388","西文","2/8/2002+","ProQuest 【電子期刊】"
"48574","NEJM Journal Watch. Psychiatry","2330-0493","西文","1/1/2000+","ProQuest 【電子期刊】"
"48210","NEJM Journal Watch. Women's Health","2330-054X","西文","2000-present","ProQuest 【電子期刊】"
"46378","NEJM: New England Journal of Medicine, The","0028-4793","西文","1989-present(全文延遲三個月)","ProQuest 【電子期刊】"
"47500","Nejrohirurgiâ i Nevrologiâ Kazahstana","1813-3908","西文","2015-present","ProQuest 【電子期刊】"
"46404","Neonatal Network; NN","0730-0832","西文","2011.01-present","ProQuest 【電子期刊】"
"46405","Neonatology","1661-7800","西文","1998-present","ProQuest 【電子期刊】"
"38292","Neoplasia","1476-5586","西文","2011.01-present","ClinicalKey 【電子期刊&電子書】"
"19089","Neoplasia: an international journal for oncology research","1522-8002","西文","19990401-20021201","MEDLINE電子期刊"
"19316","Nephrology","1320-5358","西文","20030201-","MEDLINE電子期刊"
"46406","Nephrology Nursing Journal","1526-744X","西文","1997.12-present","ProQuest 【電子期刊】"
"46407","Nephron","0028-2766","西文","1996-present","ProQuest 【電子期刊】"
"47884","Nephron Extra","1661-7649","西文","2017-present","ProQuest 【電子期刊】"
"19310","Nephron. Clinical practice","1660-8151","西文","20030101-20111201","MEDLINE電子期刊"
"19311","Nephron. Experimental nephrology","1660-8151","西文","20030101-20111101","MEDLINE電子期刊"
"19312","Nephron. Physiology","1660-8151","西文","20030101-20111101","MEDLINE電子期刊"
"49284","Nervno-Myšečnye Bolezni= Neuromuscular Diseases","2222-8721","西文","1/1/2012-1/1/2022","ProQuest 【電子期刊】"
"49285","Netherlands Heart Journal","1568-5888","西文","4/1/2009+","ProQuest 【電子期刊】"
"49286","Network and Systems Medicine","2690-5949","西文","2/1/2018-2/1/2021","ProQuest 【電子期刊】"
"49287","Network Modeling Analysis in Health Informatics and Bioinformatics","2192-6662","西文","6/1/2012+","ProQuest 【電子期刊】"
"18847","Network: computation in neural systems","0954-898X","西文","20050201-","MEDLINE電子期刊"
"18848","Neural computation","0899-7667","西文","19970101-","MEDLINE電子期刊"
"46408","Neural Development","1749-8104","西文","2009-present","ProQuest 【電子期刊】"
"37176","Neural Plasticity","0792-8483","西文","19981201-20161201","Airiti Library 【華藝中文電子期刊】"
"49288","Neural Plasticity","2090-5904","西文","1/1/2013+","ProQuest 【電子期刊】"
"49289","Neural Regeneration Research","1673-5374","西文","1/1/2012-12/1/2020","ProQuest 【電子期刊】"
"46409","Neuro - Degenerative Diseases","1660-2854","西文","2004.04-present","ProQuest 【電子期刊】"
"19056","Neuro-degenerative diseases","1660-2854","西文","20050201-","MEDLINE電子期刊"
"19060","Neuro-oncology","1522-8517","西文","20040101-","MEDLINE電子期刊"
"38293","Neurobiology of Aging","0197-4580","西文","2007/01-present","ClinicalKey 【電子期刊&電子書】"
"38294","Neurobiology of Disease","0969-9961","西文","2007/01-present","ClinicalKey 【電子期刊&電子書】"
"38516","Neurobiology of Pain","2452-073X","西文","2017.01-present","ClinicalKey 【電子期刊&電子書】"
"51089","Neurobiology of Stress","2352-2895","西文","2016-present","ClinicalKey 【電子期刊&電子書】"
"19055","Neurocase","1355-4794","西文","20030201-","MEDLINE電子期刊"
"46411","Neurochemical Research","0364-3190","西文","1997-present","ProQuest 【電子期刊】"
"38295","Neurochirurgie","0028-3770","西文","2007/02-present","ClinicalKey 【電子期刊&電子書】"
"49290","Neurocritical Care","1541-6933","西文","3/1/2004+","ProQuest 【電子期刊】"
"49726","Neurocritical Care","1541-6933","西文","2004-present","Springer 【電子期刊】"
"46747","Neurodegenerative Disease Management; London","1758-2024","西文","2011 - 2015","ProQuest 【電子期刊】"
"46412","Neurodiagnostic Journal, The","2164-6821","西文","1998.06-present","ProQuest 【電子期刊】"
"18975","Neuroendocrinology","0028-3835","西文","19980101-","MEDLINE電子期刊"
"46413","Neuroendocrinology","0028-3835","西文","1996.09-present","ProQuest 【電子期刊】"
"37177","Neuroenterology","2090-7931","西文","20120801-20151201","Airiti Library 【華藝中文電子期刊】"
"46414","Neuroepidemiology","0251-5350","西文","1998.07-present","ProQuest 【電子期刊】"
"48575","Neuroethics","1874-5490","西文","3/1/2008+","ProQuest 【電子期刊】"
"6596","Neurogastroenterology & Motility","1350-1925","西文","1997-present","Wiley Online Library(電子期刊)"
"18996","Neurogastroenterology and motility: the official journal of the European Gastrointestinal Motility Society","1350-1925","西文","19981101-","MEDLINE電子期刊"
"19007","Neurogenetics","1364-6745","西文","20040201-","MEDLINE電子期刊"
"46415","Neurogenetics","1364-6745","西文","1997.05-present","ProQuest 【電子期刊】"
"49806","neurogenetics","1364-6745","西文","1998-present","Springer 【電子期刊】"
"38766","NeuroImage","1053-8119","西文","2012-present","ClinicalKey 【電子期刊&電子書】"
"46410","NeuroImage","1053-8119","西文","2002-present","ProQuest 【電子期刊】"
"38576","NeuroImage: Clinical","2213-1582","西文","2012-present","ClinicalKey 【電子期刊&電子書】"
"38763","Neuroimage: Reports","2666-9560","西文","2021-present","ClinicalKey 【電子期刊&電子書】"
"38296","Neuroimaging Clinics of North America","1052-5149","西文","2007/02-present","ClinicalKey 【電子期刊&電子書】"
"46416","Neuroinformatics","1539-2791","西文","2003.03-present","ProQuest 【電子期刊】"
"49291","Neurologia i Neurochirurgia Polska","0028-3843","西文","1/1/2010+","ProQuest 【電子期刊】"
"38297","Neurologic Clinics","0733-8619","西文","2007/02-present","ClinicalKey 【電子期刊&電子書】"
"19057","Neurological research","0161-6412","西文","20050101-","MEDLINE電子期刊"
"46417","Neurological Sciences","1590-1874","西文","2000.04-present","ProQuest 【電子期刊】"
"49727","Neurological Sciences","1590-1874","西文","1997-present","Springer 【電子期刊】"
"19058","Neurological sciences: official journal of the Italian Neurological Society and of the Italian Society of Clinical Neurophysiology","1590-1874","西文","20000201-","MEDLINE電子期刊"
"37820","Neurologist, The","1074-7931","西文","2001.01-present","OVID 【電子期刊】"
"37743","Neurology","0028-3878","西文","1995.01-present","OVID 【電子期刊】"
"38298","Neurology (Neurología, English Edition)","2173-5808","西文","2011/01-present","ClinicalKey 【電子期刊&電子書】"
"48576","Neurology Alert","0741-4234","西文","1/1/2008+","ProQuest 【電子期刊】"
"48577","Neurology and Therapy","2193-8253","西文","6/1/2012+","ProQuest 【電子期刊】"
"37744","Neurology Clinical Practice","2163-0402","西文","2011.11-present","OVID 【電子期刊】"
"19059","Neurology India","0028-3886","西文","20030301-","MEDLINE電子期刊"
"46418","Neurology India","0028-3886","西文","2004-present","ProQuest 【電子期刊】"
"49825","Neurology International","2035-8385","西文","11/1/2009+","ProQuest 【電子期刊】"
"49292","Neurology Live","2767-4258","西文","9/1/2020+","ProQuest 【電子期刊】"
"37821","Neurology Neuroimmunology & Neuroinflammation","2332-7812","西文","2014.01-present","OVID 【電子期刊】"
"38655","Neurology Perspectives","2667-0496","西文","2021-present","ClinicalKey 【電子期刊&電子書】"
"37178","Neurology Research International","2090-1852","西文","20141201-","Airiti Library 【華藝中文電子期刊】"
"37746","Neurology Today","1533-7006","西文","2001.05-present","OVID 【電子期刊】"
"49293","Neuromolecular Medicine","1535-1084","西文","2/1/2002+","ProQuest 【電子期刊】"
"51083","Neuromuscular Disorders","0960-8966","西文","2007-present","ClinicalKey 【電子期刊&電子書】"
"46420","Neuron Glia Biology","1740-925X","西文","2004.02-2011.11","ProQuest 【電子期刊】"
"18852","Neuropathology and applied neurobiology","0305-1846","西文","19980201-","MEDLINE電子期刊"
"18853","Neuropathology: official journal of the Japanese Society of Neuropathology","0919-6544","西文","20000301-","MEDLINE電子期刊"
"38300","Neuropeptides","0143-4179","西文","2007/02-present","ClinicalKey 【電子期刊&電子書】"
"38301","Neurophysiologie Clinique / Clinical Neurophysiology","0987-7053","西文","2008/02-present","ClinicalKey 【電子期刊&電子書】"
"46959","Neurophysiology","0090-2977","西文","2000-2018","ProQuest 【電子期刊】"
"49294","Neuroprotection","2770-7296","西文","9/1/2023+","ProQuest 【電子期刊】"
"48578","Neuropsychiatria i Neuropsychologia","1896-6764","西文","1/1/2006+","ProQuest 【電子期刊】"
"49295","Neuropsychiatric Disease and Treatment","1176-6328","西文","1/1/2005+","ProQuest 【電子期刊】"
"48579","Neuropsychiatric Electrophysiology","2055-4788","西文","1/1/2015+","ProQuest 【電子期刊】"
"48580","Neuropsychiatry","1758-2008","西文","2/1/2011-2/1/2014","ProQuest 【電子期刊】"
"19061","Neuropsychobiology","0302-282X","西文","19980101-","MEDLINE電子期刊"
"46421","Neuropsychobiology","0302-282X","西文","1998.08-present","ProQuest 【電子期刊】"
"18863","Neuropsychology review","1040-7308","西文","20000301-","MEDLINE電子期刊"
"46422","Neuropsychology Review","1040-7308","西文","1997.06-present","ProQuest 【電子期刊】"
"46423","Neuropsychopharmacology","0893-133X","西文","2000-present","ProQuest 【電子期刊】"
"49296","Neuropsychopharmacology Reports","2574-173X","西文","3/1/2018+","ProQuest 【電子期刊】"
"18864","Neuropsychopharmacology: official publication of the American College of Neuropsychopharmacology","0893-133X","西文","20040601-20151201","MEDLINE電子期刊"
"48009","NeuroQuantology","1303-5150","西文","2003-present","ProQuest 【電子期刊】"
"19062","Neuroradiology","0028-3940","西文","20030101-","MEDLINE電子期刊"
"46424","Neuroradiology","0028-3940","西文","2002-present","ProQuest 【電子期刊】"
"49728","Neuroradiology","0028-3940","西文","1997-present","Springer 【電子期刊】"
"19073","NeuroRehabilitation","1053-8135","西文","20010201-","MEDLINE電子期刊"
"37747","Neuroreport","0959-4965","西文","1996.11-present","OVID 【電子期刊】"
"38302","Neuroscience","0306-4522","西文","2007-present","ClinicalKey 【電子期刊&電子書】"
"19063","Neuroscience and behavioral physiology","0097-0549","西文","20080101-20091201","MEDLINE電子期刊"
"46425","Neuroscience and Behavioral Physiology","0097-0549","西文","2000.11-present(延遲)","ProQuest 【電子期刊】"
"38773","Neuroscience Informatics","2772-5286","西文","2021-present","ClinicalKey 【電子期刊&電子書】"
"37748","Neurosurgery","0148-396X","西文","2010.01-2016.12","OVID 【電子期刊】"
"48581","Neurosurgery","0148-396X","西文","10/1/2008+","ProQuest 【電子期刊】"
"38303","Neurosurgery Clinics of North America","1042-3680","西文","2007/01-present","ClinicalKey 【電子期刊&電子書】"
"37749","Neurosurgery Quarterly","1050-6438","西文","2001.03-2016.03","OVID 【電子期刊】"
"19320","Neurosurgical review","0344-5607","西文","20000401-","MEDLINE電子期刊"
"49729","Neurosurgical Review","0344-5607","西文","1997-present","Springer 【電子期刊】"
"38760","Neurotherapeutics","1878-7479","西文","2012-present","ClinicalKey 【電子期刊&電子書】"
"46426","Neurotherapeutics","1933-7213","西文","2004-present","ProQuest 【電子期刊】"
"18905","Neurotoxicity research","1029-8428","西文","20060801-","MEDLINE電子期刊"
"38304","Neurotoxicology and Teratology","0892-0362","西文","2007/01-present","ClinicalKey 【電子期刊&電子書】"
"48311","Nevada Rnformation","0273-4117","西文","2/1/2003+","ProQuest 【電子期刊】"
"46427","New Bioethics, The","2050-2877","西文","2007.05-2011.11","ProQuest 【電子期刊】"
"19179","New directions for child and adolescent development","1520-3247","西文","19981201-","MEDLINE電子期刊"
"18899","New directions for student leadership","2373-3349","西文","20150301-","MEDLINE電子期刊"
"19180","New directions for youth development","1533-8916","西文","20020301-20141201","MEDLINE電子期刊"
"48106","New Editions, Health World","0888-7330","西文","1996","ProQuest 【電子期刊】"
"9042","New England Journal of Medicine(NEJM)(ovid代理)","1533-4406","英文","1990-present","南醫單本訂購期刊"
"27992","New England Journal of Medicine(NEJM)(出版社路徑)","1533-4406","英文","1990-present","南醫單本訂購期刊"
"46428","New Jersey Nurse","0196-4895","西文","2003.04-present","ProQuest 【電子期刊】"
"48312","New Mexico Nurse","0028-6273","西文","1/1/2003+","ProQuest 【電子期刊】"
"38517","New Microbes and New Infections","2052-2975","西文","2013.01-present","ClinicalKey 【電子期刊&電子書】"
"19036","New review of bioethics","1740-0287","西文","20031101-20031201","MEDLINE電子期刊"
"48137","New Scientist","0262-4079","西文","2002-2007","ProQuest 【電子期刊】"
"46429","New York State Dental Journal","0028-7571","西文","1998-present","ProQuest 【電子期刊】"
"47120","New York Times Magazine","0028-7822","西文","1997-present","ProQuest 【電子期刊】"
"47501","New Zealand Journal of Occupational Therapy","1171-0462","西文","2011-present","ProQuest 【電子期刊】"
"47502","New Zealand Journal of Physiotherapy","0303-7193","西文","2010-present","ProQuest 【電子期刊】"
"46430","New Zealand Medical Journal","0028-8446","西文","1999.11.12-2002.05.24","ProQuest 【電子期刊】"
"46431","New Zealand Medical Journal (Online), The","1175-8716","西文","2002.06.07-present","ProQuest 【電子期刊】"
"49299","Newsweek, Global ed.","2572-5346","西文","1/4/2013+","ProQuest 【電子期刊】"
"49298","Newsweek, International ed.","0163-7053","西文","1/5/1998-12/31/2012","ProQuest 【電子期刊】"
"49297","Newsweek, New York‎","0028-9604","西文","1/19/1998-12/31/2012","ProQuest 【電子期刊】"
"48107","NFPA Journal","1054-8793","西文","1995-present","ProQuest 【電子期刊】"
"49300","NICE Guidance","","西文","8/4/2016+","ProQuest 【電子期刊】"
"47641","Nieren - und Hochdruckkrankheiten","0300-5224","西文","2016-present","ProQuest 【電子期刊】"
"19253","Nigerian journal of clinical practice","1119-3077","西文","20080901-","MEDLINE電子期刊"
"47505","Nigerian Journal of Health Sciences","1596-4078","西文","2015-2016","ProQuest 【電子期刊】"
"47855","Nigerian Journal of Plastic Surgery","0794-9316","西文","2014-present","ProQuest 【電子期刊】"
"47506","Nigerian Postgraduate Medical Journal, The","1117-1936","西文","2015-present","ProQuest 【電子期刊】"
"18841","Nihon Ishinkin Gakkai zasshi = Japanese journal of medical mycology","0916-4804","西文","20060601-20101201","MEDLINE電子期刊"
"46432","Noise & Health","1463-1741","西文","1998-present","ProQuest 【電子期刊】"
"48582","Non-Pharmacological Therapies in Dementia","1949-484X","西文","1/1/2011-7/1/2012","ProQuest 【電子期刊】"
"46869","Nonlinear Biomedical Physics","1753-4631","西文","2009-2012","ProQuest 【電子期刊】"
"49301","Nordic Journal of Nursing Research","2057-1585","西文","9/1/1981-12/1/2017","ProQuest 【電子期刊】"
"19150","Nordic journal of psychiatry","0803-9488","西文","20010201-","MEDLINE電子期刊"
"47069","Nordic Studies on Alcohol and Drugs","1455-0725","西文","2011-2016","ProQuest 【電子期刊】"
"38577","North American Spine Society Journal (NASSJ)","2666-5484","西文","2020-present","ClinicalKey 【電子期刊&電子書】"
"19270","North Carolina medical journal","0029-2559","西文","20080301-","MEDLINE電子期刊"
"49302","Northern Clinics of Istanbul","2148-4902","西文","1/1/2021+","ProQuest 【電子期刊】"
"49730","Notfall + Rettungsmedizin","1434-6222","西文","1997-present","Springer 【電子期刊】"
"47137","NPJ Aging","2056-3973","西文","2015-present","ProQuest 【電子期刊】"
"46878","NPJ Biofilms and Microbiomes","2055-5008","西文","2015-present","ProQuest 【電子期刊】"
"48389","NPJ Breast Cancer","2374-4677","西文","6/1/2015+","ProQuest 【電子期刊】"
"47217","NPJ Computational Materials","2057-3960","西文","2015-present","ProQuest 【電子期刊】"
"49303","NPJ Digital Medicine","2398-6352","西文","12/1/2018+","ProQuest 【電子期刊】"
"46927","NPJ Genomic Medicine","2056-7944","西文","2016-present","ProQuest 【電子期刊】"
"49304","npj Mental Health Research","2731-4251","西文","12/1/2022+","ProQuest 【電子期刊】"
"46781","NPJ Microgravity","2373-8065","西文","2015-present","ProQuest 【電子期刊】"
"48583","NPJ Parkinson's Disease","2373-8057","西文","4/1/2015+","ProQuest 【電子期刊】"
"49305","NPJ Precision Oncology","2397-768X","西文","1/1/2017+","ProQuest 【電子期刊】"
"19251","NPJ primary care respiratory medicine","","西文","20140501-","MEDLINE電子期刊"
"47806","NPJ Primary Care Respiratory Medicine","2055-1010","西文","2014-present","ProQuest 【電子期刊】"
"48010","NPJ Quantum Information","2056-6387","西文","2015-present","ProQuest 【電子期刊】"
"47507","NPJ Regenerative Medicine","2057-3995","西文","2016-present","ProQuest 【電子期刊】"
"47082","NPJ Science of Learning","2056-7936","西文","2016-present","ProQuest 【電子期刊】"
"46828","NPJ Systems Biology and Applications","2056-7189","西文","2015-present","ProQuest 【電子期刊】"
"49306","NPJ Vaccines","2059-0105","西文","1/1/2016+","ProQuest 【電子期刊】"
"38305","Nuclear Medicine and Biology","0969-8051","西文","2007/01-present","ClinicalKey 【電子期刊&電子書】"
"49731","Nuclear Medicine and Molecular Imaging","1869-3474","西文","2010-present","Springer 【電子期刊】"
"37750","Nuclear Medicine Communications","0143-3636","西文","2000.01 -present","OVID 【電子期刊】"
"49307","Nuclear Medicine Review","1506-9680","西文","1/1/2011+","ProQuest 【電子期刊】"
"19074","Nuclear medicine review. Central & Eastern Europe","1506-9680","西文","20050601-","MEDLINE電子期刊"
"46829","Nuclear Receptor [NLM - MEDLINE]","","西文","2005.11.25","ProQuest 【電子期刊】"
"46433","Nucleic Acid Therapeutics","2159-3337","西文","2003.08-present","ProQuest 【電子期刊】"
"18808","Nucleosides, nucleotides & nucleic acids","1525-7770","西文","20010101-","MEDLINE電子期刊"
"49308","Nukleer Tıp Seminerleri","2149-6447","西文","3/1/2018+","ProQuest 【電子期刊】"
"48313","Nurse Author & Editor","1054-2353","西文","1/1/2000-7/1/2004","ProQuest 【電子期刊】"
"46434","Nurse Education in Practice","1471-5953","西文","2003.03-present","ProQuest 【電子期刊】"
"37751","Nurse Educator","0363-3624","西文","1996.01-present","OVID 【電子期刊】"
"37752","Nurse Practitioner","0361-1817","西文","2001.01-present","OVID 【電子期刊】"
"46435","Nurse Practitioner","0361-1817","西文","1999-present","ProQuest 【電子期刊】"
"46748","Nurse Researcher;London","1351-5578","西文","2014- present (delay 1 年)","ProQuest 【電子期刊】"
"46436","Nurse Researcher;London(1999-2013)","1351-5578","西文","1998-2013.07","ProQuest 【電子期刊】"
"37753","Nursing","0360-4039","西文","2002.01-present","OVID 【電子期刊】"
"46437","Nursing","0360-4039","西文","1995.09-present","ProQuest 【電子期刊】"
"37754","Nursing Administration Quarterly","0363-9568","西文","Winter 1999-present","OVID 【電子期刊】"
"46438","Nursing BC","1185-3638","西文","1998.11-2009.07","ProQuest 【電子期刊】"
"48314","Nursing Children and Young People (2014+)","2046-2336","西文","2/1/2014+","ProQuest 【電子期刊】"
"48315","Nursing Children and Young People (through 2013)","2046-2336","西文","4/1/2011-12/1/2013","ProQuest 【電子期刊】"
"37755","Nursing Critical Care","1558-447X","西文","2006-2020","OVID 【電子期刊】"
"46439","Nursing Economics","0746-1739","西文","1998-present","ProQuest 【電子期刊】"
"37837","Nursing Education Perspectives","1536-5026","西文","2002-present","OVID 【電子期刊】"
"46440","Nursing Education Perspectives","1536-5026","西文","2001-present","ProQuest 【電子期刊】"
"46441","Nursing Ethics","0969-7330","西文","1997-present","ProQuest 【電子期刊】"
"46442","Nursing Forum","0029-6473","西文","1997.10-2010.07","ProQuest 【電子期刊】"
"46443","Nursing History Review","1062-8061","西文","2005-present","ProQuest 【電子期刊】"
"46444","Nursing Journal of India","0029-6503","西文","2002.02-present","ProQuest 【電子期刊】"
"46445","Nursing Leadership Forum","1076-1632","西文","2005.04-2005.07","ProQuest 【電子期刊】"
"37756","Nursing Made Incredibly Easy!","1544-5186","西文","2003.09-present","OVID 【電子期刊】"
"37757","Nursing Management: The Journal of Excellence in Nursing Leadership (LWW)","0744-6314","西文","2001.01-present","OVID 【電子期刊】"
"48316","Nursing Management; Chicago(1993-2004)","0744-6314","西文","2/1/1993-12/1/2004","ProQuest 【電子期刊】"
"46749","Nursing Management; London","1354-5760","西文","2014-2021","ProQuest 【電子期刊】"
"46447","Nursing Management; London(1998-2013)","1354-5760","西文","1998.06-2013.09","ProQuest 【電子期刊】"
"46750","Nursing Older People ; London(2014+)","1472-0795","西文","2014 - present","ProQuest 【電子期刊】"
"46448","Nursing Older People; London (1999-2013)","1472-0795","西文","1999.04-2013.09","ProQuest 【電子期刊】"
"46449","Nursing Praxis in New Zealand","0112-7438","西文","2011.04-present","ProQuest 【電子期刊】"
"37758","Nursing Research","0029-6562","西文","1996.01-present","OVID 【電子期刊】"
"37179","Nursing Research and Practice","2090-1429","西文","20141201-20141201","Airiti Library 【華藝中文電子期刊】"
"48317","Nursing Standard (2014+)","0029-6570","西文","2014.08-2021.03","ProQuest 【電子期刊】"
"48318","Nursing Standard (through 2013)","0029-6570","西文","4/1/1998-12/18/2013","ProQuest 【電子期刊】"
"46450","Nursing Times; NT","0954-7762","西文","2010.07.27-present","ProQuest 【電子期刊】"
"46751","NursingTimes.net","","西文","2010 - 2015","ProQuest 【電子期刊】"
"47907","Nutrients","2072-6643","西文","2009-present","ProQuest 【電子期刊】"
"49793","Nutrire","","西文","2016-present","Springer 【電子期刊】"
"38306","Nutrition","0899-9007","西文","2007/01-present","ClinicalKey 【電子期刊&電子書】"
"46451","Nutrition","0899-9007","西文","2003-present","ProQuest 【電子期刊】"
"47799","Nutrition & Diabetes","2044-4052","西文","2011-present","ProQuest 【電子期刊】"
"18849","Nutrition & metabolism","","西文","20040101-","MEDLINE電子期刊"
"47508","Nutrition & Metabolism","1743-7075","西文","2009-present","ProQuest 【電子期刊】"
"47908","Nutrition Action Health Letter","0885-7792","西文","1995-present","ProQuest 【電子期刊】"
"19082","Nutrition and cancer","0163-5581","西文","19990101-","MEDLINE電子期刊"
"37180","Nutrition and Metabolic Insights","1178-6388","西文","20111201-20151202","Airiti Library 【華藝中文電子期刊】"
"47909","Nutrition and Metabolic Insights","1178-6388","西文","2008-present","ProQuest 【電子期刊】"
"47910","Nutrition Forum","1093-4545","西文","1997-2000","ProQuest 【電子期刊】"
"47911","Nutrition Health Review","0164-7202","西文","1998-2015","ProQuest 【電子期刊】"
"19079","Nutrition in clinical care: an official publication of Tufts University","1096-6781","西文","20020101-20050401","MEDLINE電子期刊"
"47912","Nutrition in Clinical Practice","0884-5336","西文","1998","ProQuest 【電子期刊】"
"19080","Nutrition journal","","西文","20020101-","MEDLINE電子期刊"
"46452","Nutrition Journal","1475-2891","西文","2009-present","ProQuest 【電子期刊】"
"47913","Nutrition News","0369-6464","西文","1997-1998","ProQuest 【電子期刊】"
"38307","Nutrition Research","0271-5317","西文","2007/01-present","ClinicalKey 【電子期刊&電子書】"
"46453","Nutrition Research Reviews","0954-4224","西文","2001.06-present","ProQuest 【電子期刊】"
"46454","Nutrition Reviews","0029-6643","西文","1992-2007.12","ProQuest 【電子期刊】"
"37759","Nutrition Today","0029-666X","西文","2000.01-present","OVID 【電子期刊】"
"38308","Nutrition, Metabolism and Cardiovascular Diseases","0939-4753","西文","2007/01-present","ClinicalKey 【電子期刊&電子書】"
"19064","Nutritional neuroscience","1028-415X","西文","20020301-","MEDLINE電子期刊"
"51742","Nutritional Psychiatry","3051-1569","西文","2026-present","ClinicalKey 【電子期刊&電子書】"
"48876","Die Onkologie","2731-7226","西文","2/1/1997+","ProQuest 【電子期刊】"
"49592","Die Onkologie","2731-7226","西文","1997-present","Springer 【電子期刊】"
"49593","Die Ophthalmologie","2731-720X","西文","1997-present","Springer 【電子期刊】"
"51222","Die Orthopädie","2731-7145","西文","1/1/2023+","ProQuest 【電子期刊】"
"49594","Die Orthopädie","2731-7145","西文","1997-present","Springer 【電子期刊】"
"48449","O & P News","2378-1556","西文","1/15/2008+","ProQuest 【電子期刊】"
"48346","OB GYN Clinical Alert","0743-8354","西文","1/1/2008+","ProQuest 【電子期刊】"
"49732","Obere Extremität","1862-6599","西文","2006-present","Springer 【電子期刊】"
"47914","Obesity Facts","1662-4025","西文","2017-present","ProQuest 【電子期刊】"
"38309","Obesity Medicine","2451-8476","西文","2016-present","ClinicalKey 【電子期刊&電子書】"
"38669","Obesity Pillars","2667-3681","西文","2022-present","ClinicalKey 【電子期刊&電子書】"
"38310","Obesity Research & Clinical Practice","1871-403X","西文","2007/01-present","ClinicalKey 【電子期刊&電子書】"
"46460","Obesity Surgery","0960-8923","西文","1997.02-present","ProQuest 【電子期刊】"
"49733","Obesity Surgery","0960-8923","西文","1997-present","Springer 【電子期刊】"
"6934","Obesity(南醫2022年起停訂)","1930-7381","西文","1993-present(三院共享)","南醫單本訂購期刊"
"37761","Obstetric Anesthesia Digest","0275-665X","西文","2001.03-present","OVID 【電子期刊】"
"37762","Obstetrical & Gynecological Survey","0029-7828","西文","1995.01-present","OVID 【電子期刊】"
"37763","Obstetrics & Gynecology","0029-7844","西文","1995.01-present","OVID 【電子期刊】"
"38311","Obstetrics and Gynecology Clinics","0889-8545","西文","2007/03-present","ClinicalKey 【電子期刊&電子書】"
"37181","Obstetrics and Gynecology International","1687-9589","西文","20141201-20141201","Airiti Library 【華藝中文電子期刊】"
"38312","Obstetrics, Gynaecology and Reproductive Medicine","1751-7214","西文","2007/01-present","ClinicalKey 【電子期刊&電子書】"
"46462","Occupational and Environmental Medicine","1351-0711","西文","1994-2003.12","ProQuest 【電子期刊】"
"47220","Occupational Hazards","0029-7909","西文","1987-2016","ProQuest 【電子期刊】"
"46461","Occupational Health & Safety","0362-4064","西文","1992-2006.12","ProQuest 【電子期刊】"
"47001","Occupational Outlook Quarterly","0199-4786","西文","1987-2014","ProQuest 【電子期刊】"
"28000","Occupational Therapy in Mental Health(南醫2025年起停訂)","164212X","西文","1980-present","南醫單本訂購期刊"
"48450","Occupational Therapy International","0966-7903","西文","1/1/1998+","ProQuest 【電子期刊】"
"49309","Ochsner Journal, The","1524-5012","西文","1999-present(已延遲 6 個月)","ProQuest 【電子期刊】"
"18924","Ocular immunology and inflammation","0927-3948","西文","19970301-","MEDLINE電子期刊"
"38313","Ocular Surface, The","1542-0124","西文","2007/01-present","ClinicalKey 【電子期刊&電子書】"
"49311","Ocular Surgery News","8750-3085","西文","1/10/2008+","ProQuest 【電子期刊】"
"49313","Ocular Surgery News, Asia-Pacific ed.","","西文","6/1/2009-11/1/2011","ProQuest 【電子期刊】"
"49312","Ocular Surgery News, Europe ed.","2157-8567","西文","6/1/2009-3/1/2022","ProQuest 【電子期刊】"
"49310","Ocular Surgery News, Europe/Asia-Pacific ed.","1551-4552","西文","1/1/2008-5/1/2009","ProQuest 【電子期刊】"
"49314","Ocular Surgery News, Latin America edition","","西文","9/1/2012-11/1/2015","ProQuest 【電子期刊】"
"49734","Odontology","1618-1247","西文","1997-present","Springer 【電子期刊】"
"46463","Odontology; Official Journal of the Society of the Nippon Dental University","1618-1247","西文","2001-2018","ProQuest 【電子期刊】"
"49315","Odovtos","1659-1046","西文","1/1/2010+","ProQuest 【電子期刊】"
"49316","OECD Health Policy Studies","2074-319X","西文","9/23/2008+","ProQuest 【電子期刊】"
"49317","OECD Reviews of Health Care Quality","2227-0485","西文","3/21/2012-2/1/2017","ProQuest 【電子期刊】"
"47185","OECD Reviews of Health Systems","1990-1429","西文","2012-present","ProQuest 【電子期刊】"
"19383","Oecologia","0029-8549","西文","20030101-","MEDLINE電子期刊"
"46464","Oecologia","0029-8549","西文","2003-present","ProQuest 【電子期刊】"
"47025","Office, The","0030-0128","西文","1993","ProQuest 【電子期刊】"
"47152","OH & S Canada","0827-4576","西文","1992-2011","ProQuest 【電子期刊】"
"48138","Ohio Journal of Science, The","","西文","2001-present","ProQuest 【電子期刊】"
"49318","Oklahoma Nurse, The","0030-1787","西文","2/1/2019+","ProQuest 【電子期刊】"
"48415","Oman Journal of Ophthalmology","0974-620X","西文","9/1/2008+","ProQuest 【電子期刊】"
"18843","Omega","0030-2228","西文","20060901-","MEDLINE電子期刊"
"48319","On - Line Journal of Nursing Informatics","1089-9758","西文","2/1/2014+","ProQuest 【電子期刊】"
"37182","Oncocytology","2319-4251","西文","20110101-20150101","Airiti Library 【華藝中文電子期刊】"
"19008","Oncogene","0950-9232","西文","19970101-20151101","MEDLINE電子期刊"
"46465","Oncogene","0950-9232","西文","2000.01.06-present","ProQuest 【電子期刊】"
"48390","Oncogenesis","2157-9024","西文","2/1/2012+","ProQuest 【電子期刊】"
"48391","Oncologie","1292-3818","西文","1/1/2017+","ProQuest 【電子期刊】"
"19090","Oncology","0030-2414","西文","19980101-","MEDLINE電子期刊"
"46468","Oncology","0890-9091","西文","2007-present","ProQuest 【電子期刊】"
"48392","Oncology and Therapy","2366-1070","西文","9/1/2013+","ProQuest 【電子期刊】"
"49319","Oncology Fellows","2767-3960","西文","10/22/2020+","ProQuest 【電子期刊】"
"49320","Oncology Issues","1046-3356","西文","1/1/2023+","ProQuest 【電子期刊】"
"48393","Oncology Letters","1792-1074","西文","1/1/2012+","ProQuest 【電子期刊】"
"49321","Oncology Live","2374-5347","西文","9/12/2020-5/20/2024","ProQuest 【電子期刊】"
"46466","Oncology Nursing Forum","0190-535X","西文","2005-present","ProQuest 【電子期刊】"
"48394","Oncology Nursing News","1936-4385","西文","7/1/2008-11/1/2009","ProQuest 【電子期刊】"
"48395","Oncology Reports","1021-335X","西文","1/1/2012+","ProQuest 【電子期刊】"
"37764","Oncology Times","0276-2234","西文","2001.01-present","OVID 【電子期刊】"
"37822","Oncology Times UK","1742-8009","西文","2004.01-2012.12","OVID 【電子期刊】"
"46467","Oncology; Basel","0030-2414","西文","1998-2015","ProQuest 【電子期刊】"
"49322","Oncolytic Virotherapy","2253-1572","西文","1/1/2012-1/1/2021","ProQuest 【電子期刊】"
"49323","OncoTargets and Therapy","1178-6930","西文","1/1/2008+","ProQuest 【電子期刊】"
"46469","Onderstepoort Journal of Veterinary Research, The","0030-2465","西文","1998.09-present","ProQuest 【電子期刊】"
"38539","One Health","2352-7714","西文","2015-present","ClinicalKey 【電子期刊&電子書】"
"46470","Online Journal of Issues in Nursing","1091-3734","西文","2004.09-present","ProQuest 【電子期刊】"
"48471","Online Journal of Otolaryngology","2250-0359","西文","1/1/2011+","ProQuest 【電子期刊】"
"48396","ONS Voice","2475-6938","西文","1/1/2005+","ProQuest 【電子期刊】"
"49324","Open Access Journal of Clinical Trials","1179-1519","西文","1/1/2009+","ProQuest 【電子期刊】"
"46793","Open Access Journal of Medicinal and Aromatic Plants","0974-7877","西文","2010-present","ProQuest 【電子期刊】"
"49325","Open Access Rheumatology","1179-156X","西文","1/1/2009+","ProQuest 【電子期刊】"
"49326","Open Access Surgery","1178-7082","西文","1/1/2008+","ProQuest 【電子期刊】"
"47642","Open Heart","2053-3624","西文","2014-present","ProQuest 【電子期刊】"
"37184","Open Journal of Cardiovascular Surgery","1179-0652","西文","20111201-20141201","Airiti Library 【華藝中文電子期刊】"
"47856","Open Journal of Cardiovascular Surgery","1179-0652","西文","2008-present","ProQuest 【電子期刊】"
"47831","Open Medicine","2391-5463","西文","2015-present","ProQuest 【電子期刊】"
"51745","Open Respiratory Archives","2659-6636","西文","2019-present","ClinicalKey 【電子期刊&電子書】"
"47045","Operations Research","0030-364X","西文","1987-2009","ProQuest 【電子期刊】"
"91","Operative Dentistry (若需帳密請見簡介)","0361-7734","西文","1958.10-2026.12","彰秀單本期刊"
"6935","Operative Dentistry(南醫2018年起停訂,彰秀有訂)","0361-7734","西文","1958-present","南醫單本訂購期刊"
"48585","Operative Neurosurgery","2332-4252","西文","12/1/2016+","ProQuest 【電子期刊】"
"49735","Operative Orthop?die und Traumatologie","0934-6694","西文","1997-present","Springer 【電子期刊】"
"19096","Operative Orthopadie und Traumatologie","0934-6694","西文","20050201-","MEDLINE電子期刊"
"38314","Operative Techniques in Orthopaedics","1048-6666","西文","2007.01-present","ClinicalKey 【電子期刊&電子書】"
"38315","Operative Techniques in Otolaryngology - Head and Neck Surgery","1043-1810","西文","2007/03-present","ClinicalKey 【電子期刊&電子書】"
"38316","Operative Techniques in Sports Medicine","1060-1872","西文","2007/01-present","ClinicalKey 【電子期刊&電子書】"
"38317","Operative Techniques in Thoracic and Cardiovascular Surgery: A Comparative Atlas","1522-2942","西文","2007-present","ClinicalKey 【電子期刊&電子書】"
"19332","Ophthalmic & physiological optics: the journal of the British College of Ophthalmic Opticians (Optometrists)","0275-5408","西文","19810101-","MEDLINE電子期刊"
"18980","Ophthalmic epidemiology","0928-6586","西文","19970301-","MEDLINE電子期刊"
"19009","Ophthalmic genetics","1381-6810","西文","19980301-","MEDLINE電子期刊"
"37765","Ophthalmic Plastic & Reconstructive Surgery","0740-9303","西文","2000.01-present","OVID 【電子期刊】"
"46471","Ophthalmic Research","0030-3747","西文","1998-present","ProQuest 【電子期刊】"
"46472","Ophthalmic Surgery, Lasers & Imaging Retina","2325-8160","西文","1976.04-present","ProQuest 【電子期刊】"
"19333","Ophthalmic surgery, lasers & imaging: the official journal of the International Society for Imaging in the Eye","1542-8877","西文","20030101-20101201","MEDLINE電子期刊"
"46473","Ophthalmologica","0030-3755","西文","1998-present","ProQuest 【電子期刊】"
"51086","Ophthalmology","0161-6420","西文","2007-present","ClinicalKey 【電子期刊&電子書】"
"37186","Ophthalmology and Eye Diseases","1179-1721","西文","20111201-20151201","Airiti Library 【華藝中文電子期刊】"
"48416","Ophthalmology and Therapy","2193-8245","西文","8/1/2012+","ProQuest 【電子期刊】"
"38583","Ophthalmology Science","2666-9145","西文","2021-present","ClinicalKey 【電子期刊&電子書】"
"48417","Ophthalmology Times","0193-032X","西文","3/1/1998+","ProQuest 【電子期刊】"
"48418","Optician, The","0030-3968","西文","12/5/2003-12/18/2015","ProQuest 【電子期刊】"
"48419","Optometric Management","0030-4085","西文","10/1/1998-12/1/2013","ProQuest 【電子期刊】"
"37766","Optometry & Vision Science","1040-5488","西文","2000.01-present","OVID 【電子期刊】"
"48420","Optometry Times","0890-7080","西文","1/1/2013+","ProQuest 【電子期刊】"
"47513","OQ","0030-6517","西文","1998-2015","ProQuest 【電子期刊】"
"46456","OR Manager","8756-8047","西文","2000-present","ProQuest 【電子期刊】"
"37760","OR Nurse","1933-3145","西文","2007.01-2015.11","OVID 【電子期刊】"
"46474","Oral and Maxillofacial Surgery","1865-1550","西文","1998-present","ProQuest 【電子期刊】"
"49737","Oral and Maxillofacial Surgery","1865-1550","西文","1997-present","Springer 【電子期刊】"
"38518","Oral and Maxillofacial Surgery Cases","2214-5419","西文","2015-present","ClinicalKey 【電子期刊&電子書】"
"38321","Oral and Maxillofacial Surgery Clinics","1042-3699","西文","2007/02-present","ClinicalKey 【電子期刊&電子書】"
"47742","Oral Health","0030-4204","西文","1996-2011","ProQuest 【電子期刊】"
"47743","Oral Health Office","2291-1448","西文","1997-2011","ProQuest 【電子期刊】"
"38318","Oral Oncology","1368-8375","西文","2007/01-present","ClinicalKey 【電子期刊&電子書】"
"38670","Oral Oncology Reports","2772-9060","西文","2022-present","ClinicalKey 【電子期刊&電子書】"
"47744","Oral Radiology","0911-6028","西文","1997-2018","ProQuest 【電子期刊】"
"49736","Oral Radiology","0911-6028","西文","1997-present","Springer 【電子期刊】"
"38319","Oral Surgery, Oral Medicine, Oral Pathology and Oral Radiology","2212-4403","西文","2012-present","ClinicalKey 【電子期刊&電子書】"
"38320","Oral Surgery, Oral Medicine, Oral Pathology, Oral Radiology and Endodontology","1079-2104","西文","2007-2011","ClinicalKey 【電子期刊&電子書】"
"49327","Orange Book Blog","","西文","10/16/2018-10/16/2018","ProQuest 【電子期刊】"
"19334","Orbit","0167-6830","西文","20020301-","MEDLINE電子期刊"
"47192","Organon","0102-6267","西文","2014-present","ProQuest 【電子期刊】"
"46475","Origins of Life and Evolution of Biospheres","0169-6149","西文","1997.06-present","ProQuest 【電子期刊】"
"46457","ORL : Journal for Oto - Rhino - Laryngology and Its Related Specialties","0301-1569","西文","1998-present","ProQuest 【電子期刊】"
"46458","ORNAC Journal","1927-6141","西文","2003.12-present","ProQuest 【電子期刊】"
"46476","Orphanet Journal of Rare Diseases","1750-1172","西文","2009-present","ProQuest 【電子期刊】"
"47745","Orthodontic Products (Online)","","西文","2005-present","ProQuest 【電子期刊】"
"49738","Orthopädie & Rheuma","1435-0017","西文","2012-present","Springer 【電子期刊】"
"49328","Orthopaedic Journal of Sports Medicine","2325-9671","西文","4/1/2013+","ProQuest 【電子期刊】"
"37767","Orthopaedic Nursing","0744-6020","西文","2001.01-present","OVID 【電子期刊】"
"46477","Orthopaedic Nursing","0744-6020","西文","1998-2012.03","ProQuest 【電子期刊】"
"49329","Orthopaedic Surgery","1757-7853","西文","2/1/2019+","ProQuest 【電子期刊】"
"38322","Orthopaedics & Traumatology: Surgery & Research","1877-0568","西文","2009.02-present","ClinicalKey 【電子期刊&電子書】"
"38323","Orthopaedics and Trauma","1877-1327","西文","2009.02-present","ClinicalKey 【電子期刊&電子書】"
"48451","Orthopaedics Today Europe","1942-6275","西文","1/1/2008+","ProQuest 【電子期刊】"
"38503","Orthopedic Clinics of North America, The","0030-5898","西文","2007-present","ClinicalKey 【電子期刊&電子書】"
"49330","Orthopedic Research and Reviews","1179-1462","西文","1/1/2009+","ProQuest 【電子期刊】"
"49331","Orthopedic Reviews","2035-8164","西文","6/1/2009-3/1/2021","ProQuest 【電子期刊】"
"19097","Orthopedics","0147-7447","西文","20030101-20101201","MEDLINE電子期刊"
"46478","Orthopedics (1978-2007)","0147-7447","西文","1978-2007","ProQuest 【電子期刊】"
"46479","Orthopedics (Online)(2008+)","0147-7447","西文","2008.01-present","ProQuest 【電子期刊】"
"48452","Orthopedics Today","0279-5647","西文","1/1/2008+","ProQuest 【電子期刊】"
"38629","Orthoplastic Surgery","2666-769X","西文","2020-present","ClinicalKey 【電子期刊&電子書】"
"38324","Osteoarthritis and Cartilage","1063-4584","西文","2007/01-present","ClinicalKey 【電子期刊&電子書】"
"38542","Osteoarthritis and Cartilage Open","2665-9131","西文","2019-present","ClinicalKey 【電子期刊&電子書】"
"38630","Osteoarthritis Imaging","2772-6541","西文","2021-present","ClinicalKey 【電子期刊&電子書】"
"47655","Osteopathic Medicine and Primary Care","1750-4732","西文","2009-2010","ProQuest 【電子期刊】"
"38810","Osteoporosis and Sarcopenia","2405-5255","西文","2015-present","ClinicalKey 【電子期刊&電子書】"
"46480","Osteoporosis International","0937-941X","西文","1997-present","ProQuest 【電子期刊】"
"49739","Osteoporosis International","0937-941X","西文","1997-present","Springer 【電子期刊】"
"18850","Osteoporosis international: a journal established as result of cooperation between the European Foundation for Osteoporosis and the National...","0937-941X","西文","20000101-","MEDLINE電子期刊"
"47514","OT Practice","1084-4902","西文","2006-2018","ProQuest 【電子期刊】"
"47515","OTJR","1539-4492","西文","1981-2014","ProQuest 【電子期刊】"
"6933","OTJR: Occupation, Participation and Health(南醫停訂,全文到2014年,彰濱有)","","","","南醫單本訂購期刊"
"49332","OTO Open","2473-974X","西文","1/1/2017+","ProQuest 【電子期刊】"
"38325","Otolaryngologic Clinics of North America, The","0030-6665","西文","2007/02-present","ClinicalKey 【電子期刊&電子書】"
"38519","Otolaryngology Case Reports","2468-5488","西文","2016.01-present","ClinicalKey 【電子期刊&電子書】"
"49813","Otolaryngology-Head and Neck Surgery","0194-5998","西文","1978-present","Wiley Online Library(電子期刊)"
"6705","Otolaryngology-Head and Neck Surgery","0194-5998","西文","1978.01-2026.12訂購年份:2026-2030(五年約)","彰秀單本期刊"
"37768","Otology & Neurotology","1531-7129","西文","2001.01-present","OVID 【電子期刊】"
"47771","Our Dermatology Online","2081-9390","西文","2010-present","ProQuest 【電子期刊】"
"48108","Outlook","0737-3732","西文","2006-present","ProQuest 【電子期刊】"
"46752","Oxidative Medicine and Cellular Longevity","1942-0900","西文","2014 - present","ProQuest 【電子期刊】"
"19093","The oncologist","1083-7159","西文","20060901-","MEDLINE電子期刊"
"51223","Die Pathologie","2731-7188","西文","3/1/1997+","ProQuest 【電子期刊】"
"49595","Die Pathologie","2731-7188","西文","1997-present","Springer 【電子期刊】"
"49794","Die Psychotherapie","2731-7161","西文","1996-present","Springer 【電子期刊】"
"47896","La Presse Thermale et Climatique","0032-7875","西文","2014-2016","ProQuest 【電子期刊】"
"49740","Pädiatrie & Pädologie","0030-9338","西文","2007-present","Springer 【電子期刊】"
"47643","PA AP Presion Arterial Revista de Hipertension Para la Atencion Primaria","1139-1596","西文","2004-2018","ProQuest 【電子期刊】"
"37823","PACEsetterS","1449-7700","西文","2004.01-2012.09","OVID 【電子期刊】"
"18890","Pacing and clinical electrophysiology: PACE","0147-8389","西文","19780101-","MEDLINE電子期刊"
"49805","Pädiatrie hands-on","1867-2132","西文","2009-present","Springer 【電子期刊】"
"49333","Paediatric & Neonatal Pain","2637-3807","西文","9/1/2019+","ProQuest 【電子期刊】"
"19217","Paediatric anaesthesia","1155-5645","西文","19980101-","MEDLINE電子期刊"
"18981","Paediatric and perinatal epidemiology","0269-5022","西文","19980101-","MEDLINE電子期刊"
"19115","Paediatric drugs","1174-5878","西文","19990101-20150601","MEDLINE電子期刊"
"46753","Paediatric Nursing; Harrow on the Hill","0962-9513","西文","1999 - 2011","ProQuest 【電子期刊】"
"38328","Paediatric Respiratory Reviews","1526-0542","西文","2007/03-present","ClinicalKey 【電子期刊&電子書】"
"46490","Paediatrics & Child Health","1205-7088","西文","2013.01-present","ProQuest 【電子期刊】"
"38329","Paediatrics and Child Health","1751-7222","西文","2007/01-present","ClinicalKey 【電子期刊&電子書】"
"49334","Paediatrics and Family Medicine","1734-1531","西文","1/1/2008+","ProQuest 【電子期刊】"
"19116","Paediatrics and international child health","2046-9047","西文","20120201-","MEDLINE電子期刊"
"48491","Paediatrics and International Child Health","2046-9047","西文","12/1/1997-12/1/2000","ProQuest 【電子期刊】"
"48492","Paediatrics Today","1174-5894","西文","1/5/2008-11/22/2008","ProQuest 【電子期刊】"
"37769","Pain","0304-3959","西文","2000 / 02 -","OVID 【電子期刊】"
"48586","Pain and Therapy","2193-8237","西文","9/1/2012+","ProQuest 【電子期刊】"
"46754","Pain Management; London","1758-1869","西文","2011 - 2015","ProQuest 【電子期刊】"
"48587","Pain Medicine","1526-2375","西文","1/1/2016+","ProQuest 【電子期刊】"
"19219","Pain medicine: the official journal of the American Academy of Pain Medicine","1526-2375","西文","20030301-20151201","MEDLINE電子期刊"
"49335","Pain Physician","1533-3159","西文","1/1/2001+","ProQuest 【電子期刊】"
"46491","Pain Research & Management : The Journal of the Canadian Pain Society","1203-6765","西文","2006.12-present","ProQuest 【電子期刊】"
"37187","Pain Research and Treatment","2090-1542","西文","20141201-20141201","Airiti Library 【華藝中文電子期刊】"
"47517","Pain Reviews","0968-1302","西文","1998-2002","ProQuest 【電子期刊】"
"47518","Pakistan Armed Forces Medical Journal","0030-9648","西文","2011-present","ProQuest 【電子期刊】"
"47958","Pakistan Journal of Medical Research","0030-9842","西文","2010-present","ProQuest 【電子期刊】"
"47519","Pakistan Journal of Medical Sciences Quarterly","1681-715X","西文","2012-present","ProQuest 【電子期刊】"
"47520","Pakistan Journal of Pathology","1024-6193","西文","2010-2011","ProQuest 【電子期刊】"
"19141","Pakistan journal of pharmaceutical sciences","1011-601X","西文","20080401-","MEDLINE電子期刊"
"48139","Pakistan Journal of Science","0030-9877","西文","2012-present","ProQuest 【電子期刊】"
"47746","Pakistan Oral & Dental Journal","1012-8700","西文","2010-present","ProQuest 【電子期刊】"
"46493","Palliative & Supportive Care","1478-9515","西文","2003.09-present","ProQuest 【電子期刊】"
"48320","Palliative Care and Social Practice","","西文","1/1/2008+","ProQuest 【電子期刊】"
"37188","Palliative Care: Research and Treatment","","西文","20111201-20151201","Airiti Library 【華藝中文電子期刊】"
"46494","Palliative Medicine","0269-2163","西文","1998-present","ProQuest 【電子期刊】"
"49336","Pallimed [BLOG]","","西文","7/30/2018-11/29/2022","ProQuest 【電子期刊】"
"49337","Pamukkale Medical Journal","1309-9833","西文","1/1/2008-1/1/2022","ProQuest 【電子期刊】"
"47521","Pan African Medical Journal, The","1937-8688","西文","2014-present","ProQuest 【電子期刊】"
"37770","Pancreas","0885-3177","西文","1986.01-present","OVID 【電子期刊】"
"38330","Pancreatology","1424-3903","西文","2007/05-present","ClinicalKey 【電子期刊&電子書】"
"18976","Pancreatology: official journal of the International Association of Pancreatology (IAP) ...","1424-3903","西文","20050101-20111201","MEDLINE電子期刊"
"19271","Papua and New Guinea medical journal","0031-1480","西文","20060901-","MEDLINE電子期刊"
"46952","Parasite","1252-607X","西文","2012-present","ProQuest 【電子期刊】"
"18925","Parasite immunology","0141-9838","西文","19980101-","MEDLINE電子期刊"
"46496","Parasites & Vectors","1756-3305","西文","2009-present","ProQuest 【電子期刊】"
"27954","Parasites, hosts and diseases","2982-5164","西文","20230501-","MEDLINE電子期刊"
"46497","Parasitology","0031-1820","西文","2001-present","ProQuest 【電子期刊】"
"38331","Parasitology International","1383-5769","西文","2007/03-present","ClinicalKey 【電子期刊&電子書】"
"46949","Parasitology Open","2055-7094","西文","2017-present","ProQuest 【電子期刊】"
"48588","Parkinson's Disease","2090-8083","西文","1/1/2014+","ProQuest 【電子期刊】"
"38332","Parkinsonism and Related Disorders","1353-8020","西文","2007/01-present","ClinicalKey 【電子期刊&電子書】"
"37189","Parkinson＇s Disease","2042-0080","西文","20141201-20141201","Airiti Library 【華藝中文電子期刊】"
"46498","Particle and Fibre Toxicology","1743-8977","西文","2009-present","ProQuest 【電子期刊】"
"46499","Pathobiology","1015-2008","西文","1995.05-present","ProQuest 【電子期刊】"
"47139","Pathobiology of Aging & Age-related Diseases","2001-0001","西文","2013-present","ProQuest 【電子期刊】"
"46928","PathoGenetics","1755-8417","西文","2009-2010","ProQuest 【電子期刊】"
"19047","Pathogens and disease","","西文","20130201-20141201","MEDLINE電子期刊"
"46755","Pathogens and Disease; Oxford","2049-632X","西文","2015 - present","ProQuest 【電子期刊】"
"38333","Pathology","0031-3025","西文","2007.02-present","ClinicalKey 【電子期刊&電子書】"
"37771","Pathology","1465-3931","西文","2009.01-2015.12","OVID 【電子期刊】"
"37772","Pathology Case Reviews","1082-9784","西文","2001-2015","OVID 【電子期刊】"
"19107","Pathology international","1320-5463","西文","19980101-","MEDLINE電子期刊"
"46500","Pathology Oncology Research : POR","1219-4956","西文","1997-2019","ProQuest 【電子期刊】"
"37190","Pathology Research International","2042-003X","西文","20141201-20141201","Airiti Library 【華藝中文電子期刊】"
"47522","Pathology Research International","2090-8091","西文","2012-2018","ProQuest 【電子期刊】"
"46501","Pathology, Research and Practice","0344-0338","西文","2001-2005","ProQuest 【電子期刊】"
"19022","Pathophysiology of haemostasis and thrombosis","1424-8832","西文","20050101-20101201","MEDLINE電子期刊"
"47523","Patient Care","0845-065X","西文","2002-2006","ProQuest 【電子期刊】"
"38334","Patient Education and Counselling","0738-3991","西文","2007/01-present","ClinicalKey 【電子期刊&電子書】"
"47524","Patient Education Management","1087-0296","西文","2008-2011","ProQuest 【電子期刊】"
"47857","Patient Safety in Surgery","1754-9493","西文","2009-present","ProQuest 【電子期刊】"
"46502","Patient, The","1178-1653","西文","2008.01-present","ProQuest 【電子期刊】"
"38680","PEC Innovation","2772-6282","西文","2022-present","ClinicalKey 【電子期刊&電子書】"
"49338","Pediatria (Rome)","2240-3183","西文","1/1/2022+","ProQuest 【電子期刊】"
"18910","Pediatric allergy and immunology: official publication of the European Society of Pediatric Allergy and Immunology","0905-6157","西文","19960201-","MEDLINE電子期刊"
"46509","Pediatric and Developmental Pathology","1093-5266","西文","2005.07-present","ProQuest 【電子期刊】"
"19117","Pediatric annals","0090-4481","西文","20030101-20101201","MEDLINE電子期刊"
"46503","Pediatric Annals","0090-4481","西文","1972.10-present","ProQuest 【電子期刊】"
"19231","Pediatric cardiology","0172-0643","西文","20030101-","MEDLINE電子期刊"
"49741","Pediatric Cardiology","0172-0643","西文","1997-present","Springer 【電子期刊】"
"38335","Pediatric Clinics of North America","0031-3955","西文","2007/02-present","ClinicalKey 【電子期刊&電子書】"
"37773","Pediatric Critical Care Medicine","1529-7535","西文","2000.07-present","OVID 【電子期刊】"
"38504","Pediatric Dental Journal","0917-2394","西文","2014-present","ClinicalKey 【電子期刊&電子書】"
"46756","Pediatric Drugs","1174-5878","西文","2008-present(delay1年)","ProQuest 【電子期刊】"
"37774","Pediatric Emergency Care","0749-5161","西文","2000.02-present","OVID 【電子期刊】"
"48453","Pediatric Emergency Medicine Reports","1082-3344","西文","1/1/2008+","ProQuest 【電子期刊】"
"18977","Pediatric endocrinology, diabetes, and metabolism","2081-237X","西文","20070301-","MEDLINE電子期刊"
"48493","Pediatric Health","1745-5111","西文","10/1/2007-12/1/2010","ProQuest 【電子期刊】"
"19289","Pediatric hematology and oncology","0888-0018","西文","19990101-","MEDLINE電子期刊"
"38798","Pediatric Hematology Oncology Journal","2468-1245","西文","2016-present","ClinicalKey 【電子期刊&電子書】"
"37775","Pediatric Infectious Disease Journal","0891-3668","西文","1996.01-present","OVID 【電子期刊】"
"49339","Pediatric Investigation","2096-3726","西文","12/1/2017+","ProQuest 【電子期刊】"
"46504","Pediatric Nephrology","0931-041X","西文","1996.08-present","ProQuest 【電子期刊】"
"49742","Pediatric Nephrology","0931-041X","西文","1997-present","Springer 【電子期刊】"
"19122","Pediatric nephrology: journal of the International Pediatric Nephrology Association","0931-041X","西文","19960801-","MEDLINE電子期刊"
"38336","Pediatric Neurology","0887-8994","西文","2007/01-present","ClinicalKey 【電子期刊&電子書】"
"49340","Pediatric Neurology Briefs","1043-3155","西文","1/1/2010-1/1/2021","ProQuest 【電子期刊】"
"19123","Pediatric neurosurgery","1016-2291","西文","19980101-","MEDLINE電子期刊"
"46505","Pediatric Neurosurgery","1016-2291","西文","1998-present","ProQuest 【電子期刊】"
"46506","Pediatric Nursing","0097-9805","西文","1997.11-present","ProQuest 【電子期刊】"
"18802","Pediatric pathology & molecular medicine","1522-7952","西文","19980301-20031201","MEDLINE電子期刊"
"37776","Pediatric Physical Therapy","0898-5669","西文","Spring2000-present","OVID 【電子期刊】"
"19119","Pediatric radiology","0301-0449","西文","20000101-","MEDLINE電子期刊"
"46507","Pediatric Radiology","0301-0449","西文","1997-present","ProQuest 【電子期刊】"
"49743","Pediatric Radiology","0301-0449","西文","1997-present","Springer 【電子期刊】"
"19120","Pediatric rehabilitation","1363-8491","西文","19990101-20061201","MEDLINE電子期刊"
"49341","Pediatric Reports","2036-749X","西文","6/1/2009+","ProQuest 【電子期刊】"
"48494","Pediatric Research","0031-3998","西文","2/1/2016+","ProQuest 【電子期刊】"
"46757","Pediatric Rheumatology","","西文","2009 - present","ProQuest 【電子期刊】"
"19342","Pediatric surgery international","0179-0358","西文","20000101-","MEDLINE電子期刊"
"46508","Pediatric Surgery International","0179-0358","西文","1997.02-present","ProQuest 【電子期刊】"
"49744","Pediatric Surgery International","0179-0358","西文","1997-present","Springer 【電子期刊】"
"19121","Pediatric transplantation","1397-3142","西文","19990201-","MEDLINE電子期刊"
"92","Pediatrics","0031-4005","西文","2014.06-2026.12","彰秀單本期刊"
"38337","Pediatrics & Neonatology","1875-9572","西文","2008/04-present","ClinicalKey 【電子期刊&電子書】"
"48495","Pediatrics for Parents","0730-6725","西文","1/1/1998-3/1/2015","ProQuest 【電子期刊】"
"6937","Pediatrics in Review","0191-9601","英文","1979-present","南醫單本訂購期刊"
"37191","Pediatrics Research International Journal","2329-9282","西文","20131130-20151201","Airiti Library 【華藝中文電子期刊】"
"6936","Pediatrics(南醫2024年起停訂)","0031-4005","英文","1940-present","南醫單本訂購期刊"
"46510","Pedobiologia","0031-4056","西文","2002-2005","ProQuest 【電子期刊】"
"49342","Pelviperineology","1973-4905","西文","3/1/2007-6/1/2021","ProQuest 【電子期刊】"
"47525","People's Medical Society Newsletter","0736-4873","西文","1997-2003","ProQuest 【電子期刊】"
"38338","Performance Enhancement & Health","2211-2669","西文","2012/08-present","ClinicalKey 【電子期刊&電子書】"
"19245","Perfusion","0267-6591","西文","19970101-20160501","MEDLINE電子期刊"
"46511","Perfusion","0267-6591","西文","1997-present","ProQuest 【電子期刊】"
"6938","Periodontology 2000","0906-6713","西文","1997-present訂購年份:2025(三院共享)","南醫單本訂購期刊"
"38339","Perioperative Care and Operating Room Management","2405-6030","西文","2015.12-present","ClinicalKey 【電子期刊&電子書】"
"48321","Perioperative Medicine","2047-0525","西文","1/1/2015+","ProQuest 【電子期刊】"
"51090","Personality and Individual Differences","0191-8869","西文","2015-present","ClinicalKey 【電子期刊&電子書】"
"19171","Personality and social psychology review: an official journal of the Society for Personality and Social Psychology, Inc.","1088-8683","西文","20030201-20061201","MEDLINE電子期刊"
"47526","Personalized Medicine","1741-0541","西文","2004-2015","ProQuest 【電子期刊】"
"49343","Personalized Medicine Bulletin [BLOG]","","西文","10/19/2018+","ProQuest 【電子期刊】"
"47002","Personnel Journal (pre-1986)","0031-5745","西文","1927-1985","ProQuest 【電子期刊】"
"47019","Personnel Today","0959-5848","西文","2003-2010","ProQuest 【電子期刊】"
"47915","Perspectivas en Nutrición Humana","0124-4108","西文","2011-present","ProQuest 【電子期刊】"
"46518","Perspectives","0831-7445","西文","2012.04-present","ProQuest 【電子期刊】"
"49344","Perspectives","1096-5955","西文","3/31/2001-1/1/2004","ProQuest 【電子期刊】"
"46512","Perspectives (pre-2012)","0831-7445","西文","2006.04-2011.12","ProQuest 【電子期刊】"
"46513","Perspectives in Biology and Medicine","0031-5982","西文","2002.10-present","ProQuest 【電子期刊】"
"47527","Perspectives in Clinical Research","2229-3485","西文","2011-present","ProQuest 【電子期刊】"
"46514","Perspectives in Health Information Management","1559-4122","西文","2008.01.30-present","ProQuest 【電子期刊】"
"37192","Perspectives in Medicinal Chemistry","","西文","20111201-20151201","Airiti Library 【華藝中文電子期刊】"
"19151","Perspectives in psychiatric care","0031-5990","西文","19980701-","MEDLINE電子期刊"
"46515","Perspectives in Psychiatric Care","0031-5990","西文","1997.10-2010.10","ProQuest 【電子期刊】"
"46516","Perspectives in Public Health","1757-9139","西文","2005-present","ProQuest 【電子期刊】"
"18952","Perspectives in vascular surgery and endovascular therapy","1531-0035","西文","20050301-20131201","MEDLINE電子期刊"
"16774","Perspectives of the ASHA special interest groups","2381-473X","西文","2020.01-2026.12","彰秀單本期刊"
"49345","Perspectives on Medical Education","2212-2761","西文","3/1/2012-12/1/2022","ProQuest 【電子期刊】"
"18900","Perspectives on sexual and reproductive health","1538-6341","西文","20020101-","MEDLINE電子期刊"
"46517","Perspectives on Sexual and Reproductive Health","1538-6341","西文","1991.07-2009.06","ProQuest 【電子期刊】"
"38326","PET Clinics","1556-8598","西文","2007/01-present","ClinicalKey 【電子期刊&電子書】"
"46960","Pflügers Archiv - European Journal of Physiology; Heidelberg","0031-6768","西文","1997-present","ProQuest 【電子期刊】"
"18939","Pflugers Archiv: European journal of physiology","0031-6768","西文","20000101-","MEDLINE電子期刊"
"47959","Pharma","1746-174X","西文","2008-2012","ProQuest 【電子期刊】"
"47960","Pharma Innovation, The","2277-7695","西文","2012-present","ProQuest 【電子期刊】"
"49346","Pharma Patents Law [BLOG]","","西文","7/24/2018+","ProQuest 【電子期刊】"
"47961","Pharma Times","0963-6366","西文","2013-present","ProQuest 【電子期刊】"
"47962","Pharmaceutical Biology","1388-0209","西文","2017-present","ProQuest 【電子期刊】"
"19132","Pharmaceutical development and technology","1083-7450","西文","19990101-","MEDLINE電子期刊"
"47963","Pharmaceutical Executive","0279-6570","西文","1994-present","ProQuest 【電子期刊】"
"47964","Pharmaceutical Executive Europe","1753-7878","西文","2006-2007","ProQuest 【電子期刊】"
"47965","Pharmaceutical Executive Global Digest","","西文","2008-2014","ProQuest 【電子期刊】"
"47966","Pharmaceutical Medicine","1178-2595","西文","2008-present","ProQuest 【電子期刊】"
"49347","Pharmaceutical Patent Analyst","2046-8954","西文","1/1/2018-12/1/2020","ProQuest 【電子期刊】"
"47967","Pharmaceutical Processing","1049-9156","西文","2014-present","ProQuest 【電子期刊】"
"46519","Pharmaceutical Research","0724-8741","西文","1997-present","ProQuest 【電子期刊】"
"47968","Pharmaceutical Sciences","1735-403X","西文","2013-present","ProQuest 【電子期刊】"
"47969","Pharmacie Globale","0976-8157","西文","2012-2017","ProQuest 【電子期刊】"
"46520","PharmacoEconomics","1170-7690","西文","2008.01-present","ProQuest 【電子期刊】"
"47983","PharmacoEconomics & Outcomes News","1173-5503","西文","2008-present","ProQuest 【電子期刊】"
"49348","PharmacoEconomics - Open","2509-4262","西文","3/1/2017+","ProQuest 【電子期刊】"
"37777","Pharmacogenetics and Genomics","1744-6872","西文","2005.01-present","OVID 【電子期刊】"
"46521","Pharmacogenomics","1462-2416","西文","2000.02-present","ProQuest 【電子期刊】"
"46522","Pharmacogenomics Journal, The","1470-269X","西文","2001-present","ProQuest 【電子期刊】"
"47970","Pharmacognosy Communications","2249-0159","西文","2013-present","ProQuest 【電子期刊】"
"47971","Pharmacognosy Magazine","0973-1296","西文","2008-present","ProQuest 【電子期刊】"
"46794","Pharmacognosy Research","0976-4836","西文","2011-present","ProQuest 【電子期刊】"
"47972","Pharmacognosy Reviews","0973-7847","西文","2008-present","ProQuest 【電子期刊】"
"19140","Pharmacology","0031-7012","西文","19980101-(Delay 1 year)","MEDLINE電子期刊"
"46523","Pharmacology","0031-7012","西文","1998-present","ProQuest 【電子期刊】"
"19139","Pharmacology & toxicology","0901-9928","西文","20020801-20031201","MEDLINE電子期刊"
"47973","Pharmacology Research & Perspectives","2052-1707","西文","2013-present","ProQuest 【電子期刊】"
"51058","Pharmacotherapy","1875-9114","西文","1996-present","Wiley Online Library(電子期刊)"
"6712","Pharmacotherapy","1875-9114","西文","1997-present訂購年份:2026-2030(五年約)","彰秀單本期刊"
"47974","Pharmacy Post","1199-2131","西文","2002-2006","ProQuest 【電子期刊】"
"47975","Pharmacy Practice","1885-642X","西文","2006-2019","ProQuest 【電子期刊】"
"49349","Pharmacy Times","0003-0627","西文","9/1/2020+","ProQuest 【電子期刊】"
"49350","Pharmacy Times Generics Issue","","西文","6/1/2003-8/17/2021","ProQuest 【電子期刊】"
"49351","Pharmacy Times Health Systems","","西文","9/25/2020+","ProQuest 【電子期刊】"
"49352","Pharmacy Times OTC Issue","","西文","9/1/2020+","ProQuest 【電子期刊】"
"46524","Philosophy, Ethics and Humanities in Medicine : PEHM","1747-5341","西文","2009-present","ProQuest 【電子期刊】"
"47529","Phlebology","0268-3555","西文","2004-2006","ProQuest 【電子期刊】"
"46525","Photochemistry and Photobiology","0031-8655","西文","1998.11-2010.01","ProQuest 【電子期刊】"
"18895","Photodermatology, photoimmunology & photomedicine","0905-4383","西文","20020801-","MEDLINE電子期刊"
"38340","Photodiagnosis and Photodynamic Therapy","1572-1000","西文","2007/03-present","ClinicalKey 【電子期刊&電子書】"
"46526","Photosynthesis Research","0166-8595","西文","1997-present","ProQuest 【電子期刊】"
"38341","Physica Medica","1120-1797","西文","2007/03-present","ClinicalKey 【電子期刊&電子書】"
"49353","Physical & Engineering Sciences in Medicine","0158-9938","西文","3/1/2005+","ProQuest 【電子期刊】"
"18904","Physical & occupational therapy in pediatrics","0194-2638","西文","20010301-","MEDLINE電子期刊"
"27955","Physical and engineering sciences in medicine","2662-4729","西文","20210301-","MEDLINE電子期刊"
"47099","Physical Culture and Sport","2081-2221","西文","2009-present","ProQuest 【電子期刊】"
"38342","Physical Medicine and Rehabilitation Clinics of North America","1047-9651","西文","2007/02-present","ClinicalKey 【電子期刊&電子書】"
"19362","Physical therapy","0031-9023","西文","20000101-20161201","MEDLINE電子期刊"
"46527","Physical Therapy","0031-9023","西文","1996.12-present","ProQuest 【電子期刊】"
"38343","Physical Therapy in Sport","1466-853X","西文","2007/02-present","ClinicalKey 【電子期刊&電子書】"
"46528","Physical Therapy in Sport","1466-853X","西文","2003-present","ProQuest 【電子期刊】"
"48507","Physical Therapy Products (Online)","","西文","1/1/2005+","ProQuest 【電子期刊】"
"47530","Physician Assistant","8750-7544","西文","1999-2001","ProQuest 【電子期刊】"
"38525","Physician Assistant Clinics","2405-7991","西文","2016-present","ClinicalKey 【電子期刊&電子書】"
"19017","Physician executive","0898-2759","西文","19940701-20140801","MEDLINE電子期刊"
"46529","Physician Executive","0898-2759","西文","2004.05-present","ProQuest 【電子期刊】"
"18823","Physician leadership journal","2374-4030","西文","20140901-","MEDLINE電子期刊"
"47262","Physician Leadership Journal","2374-4030","西文","2014-present","ProQuest 【電子期刊】"
"47181","Physician Practice Perspectives","","西文","2009-2017","ProQuest 【電子期刊】"
"38797","Physics and Imaging in Radiation Oncology","2405-6316","西文","2017-present","ClinicalKey 【電子期刊&電子書】"
"18908","Physiological and biochemical zoology: PBZ","1522-2152","西文","19990101-","MEDLINE電子期刊"
"46961","Physiological Reports","2051-817X","西文","2013-present","ProQuest 【電子期刊】"
"46530","Physiological Research","0862-8408","西文","2005-present","ProQuest 【電子期刊】"
"18902","Physiological research / Academia Scientiarum Bohemoslovaca","0862-8408","西文","20060101-","MEDLINE電子期刊"
"38344","Physiology & Behavior","0031-9384","西文","2007/1/30-present","ClinicalKey 【電子期刊&電子書】"
"38345","Physiotherapy","0031-9406","西文","2007/03-present","ClinicalKey 【電子期刊&電子書】"
"48499","Physiotherapy Quarterly","1230-8323","西文","2008-present","ProQuest 【電子期刊】"
"48454","Physiotherapy Research International","1358-2267","西文","1/1/1998-1/1/2002","ProQuest 【電子期刊】"
"19363","Physiotherapy research international: the journal for researchers and clinicians in physical therapy","1358-2267","西文","20000301-","MEDLINE電子期刊"
"46531","Phytomedicine","0944-7113","西文","2001.11-2005.05","ProQuest 【電子期刊】"
"46882","Phytopathology","0031-949X","西文","2002-2005","ProQuest 【電子期刊】"
"19094","Pigment cell & melanoma research","1755-1471","西文","20080201-","MEDLINE電子期刊"
"18817","Pigment cell research / sponsored by the European Society for Pigment Cell Research and the International Pigment Cell Society","0893-5785","西文","19990201-20071201","MEDLINE電子期刊"
"47772","Pigment International","2349-5847","西文","2015-present","ProQuest 【電子期刊】"
"47532","Pilot and Feasibility Studies","2055-5784","西文","2015-present","ProQuest 【電子期刊】"
"46532","Pituitary","1386-341X","西文","1999.06-present","ProQuest 【電子期刊】"
"49745","Pituitary","1386-341X","西文","1998-present","Springer 【電子期刊】"
"38346","Placenta","0143-4004","西文","2007/01-present","ClinicalKey 【電子期刊&電子書】"
"19384","Plant biology","1435-8603","西文","20080101-","MEDLINE電子期刊"
"46533","Plant Cell","1040-4651","西文","1998.11-2012.08","ProQuest 【電子期刊】"
"46534","Plant Cell Reports","0721-7714","西文","1997.02-present","ProQuest 【電子期刊】"
"19076","Plant foods for human nutrition","0921-9668","西文","20040301-","MEDLINE電子期刊"
"46929","Plant Methods","1746-4811","西文","2009-present","ProQuest 【電子期刊】"
"46535","Plant Molecular Biology","0167-4412","西文","1997-present","ProQuest 【電子期刊】"
"46536","Plant Physiology","0032-0889","西文","1998.10-2012.08","ProQuest 【電子期刊】"
"19385","Planta","0032-0935","西文","19991101-","MEDLINE電子期刊"
"46537","Planta; 0032-0935","0032-0935","西文","2002.11-present","ProQuest 【電子期刊】"
"37778","Plastic & Reconstructive Surgery","0032-1052","西文","1996.01-present","OVID 【電子期刊】"
"46538","Plastic and Aesthetic Nursing","0741-5206","西文","1997-2003.12","ProQuest 【電子期刊】"
"37780","Plastic and Reconstructive Surgery - Global Open","2169-7574","西文","2013.04-present","OVID 【電子期刊】"
"47858","Plastic Surgery","2292-5503","西文","2014-2018","ProQuest 【電子期刊】"
"49354","Plastic Surgery Case Studies","2513-826X","西文","3/1/2016-1/1/2021","ProQuest 【電子期刊】"
"37193","Plastic Surgery International","2090-1461","西文","20141201-20141201","Airiti Library 【華藝中文電子期刊】"
"47859","Plastic Surgery Practice (Online)","","西文","2005-present","ProQuest 【電子期刊】"
"37194","Plastic Surgery: An International Journal","2327-3550","西文","20130623-20140531","Airiti Library 【華藝中文電子期刊】"
"37779","Plastic Surgical Nursing","0741-5206","西文","2004-2021","OVID 【電子期刊】"
"19242","Platelets","0953-7104","西文","20000201-","MEDLINE電子期刊"
"18934","PLoS biology","1544-9173","西文","20031001-","MEDLINE電子期刊"
"46481","PLoS Biology","1545-7885","西文","2003.10-present","ProQuest 【電子期刊】"
"46482","PLoS Computational Biology","1553-7358","西文","2005.06-present","ProQuest 【電子期刊】"
"49355","PLOS Digital Health","","西文","2/1/2022+","ProQuest 【電子期刊】"
"46483","PLoS Genetics","1553-7404","西文","2005.07-present","ProQuest 【電子期刊】"
"46484","PLoS Medicine","1549-1676","西文","2004.10-present","ProQuest 【電子期刊】"
"46485","PLoS Neglected Tropical Diseases","1935-2735","西文","2007.10-present","ProQuest 【電子期刊】"
"46486","PLoS One","1932-6203","西文","2006.12-present","ProQuest 【電子期刊】"
"46487","PLoS Pathogens","1553-7374","西文","2005.09-present","ProQuest 【電子期刊】"
"38327","PM&R","1934-1482","西文","2009/01-present","ClinicalKey 【電子期刊&電子書】"
"49746","Pneumo News","1865-5467","西文","2009-present","Springer 【電子期刊】"
"49356","Pneumonia","2200-6133","西文","1/1/2012+","ProQuest 【電子期刊】"
"37781","Point of Care: The Journal of Near-Patient Testing & Technology","1533-029X","西文","2002-2020","OVID 【電子期刊】"
"27956","Polish archives of internal medicine","0032-3772","西文","20170101-","MEDLINE電子期刊"
"47117","Polish Journal of Food and Nutrition Sciences","1230-0322","西文","2011-present","ProQuest 【電子期刊】"
"47533","Polish Journal of Medical Physics and Engineering","1425-4689","西文","2007-present","ProQuest 【電子期刊】"
"48191","Polish Journal of Sport and Tourism","1899-1998","西文","2011-present","ProQuest 【電子期刊】"
"19390","Polish journal of veterinary sciences","1505-1773","西文","20080301-","MEDLINE電子期刊"
"46539","Polish Journal of Veterinary Sciences","1505-1773","西文","2009.07-present","ProQuest 【電子期刊】"
"48058","Polish Psychological Bulletin","0079-2993","西文","2008-present","ProQuest 【電子期刊】"
"48019","Politics and the Life Sciences","0730-9384","西文","2016-present","ProQuest 【電子期刊】"
"18894","Polskie Archiwum Medycyny Wewnetrznej","","西文","20080701-","MEDLINE電子期刊"
"48021","Population & Societies","0184-7783","西文","2005-present","ProQuest 【電子期刊】"
"48022","Population Bulletin","0032-468X","西文","1988-present","ProQuest 【電子期刊】"
"48109","Population Health Metrics","1478-7954","西文","2009-present","ProQuest 【電子期刊】"
"46540","Population Trends; Basingstoke","0307-4463","西文","2007.04-2011.10","ProQuest 【電子期刊】"
"47195","Porcine Health Management","2055-5660","西文","2015-present","ProQuest 【電子期刊】"
"38523","Portuguese Journal of Cardiology (2011-2021)","2174-2049","西文","2011-2021","ClinicalKey 【電子期刊&電子書】"
"38744","Portuguese Journal of Cardiology (2022-)","0870-2551","西文","2012-present","ClinicalKey 【電子期刊&電子書】"
"48267","Portuguese Journal of Gastroenterology","2296-3529","西文","1/1/2017+","ProQuest 【電子期刊】"
"38347","Portuguese Review of Pneumology (Revista Portuguesa de Pneumologia, English Edition)","2173-5115","西文","2008/01-present","ClinicalKey 【電子期刊&電子書】"
"19324","Post reproductive health","2053-3691","西文","20140301-20150601","MEDLINE電子期刊"
"47773","Postepy Dermatologii i Alergologii","1642-395X","西文","2003-present","ProQuest 【電子期刊】"
"48508","Postepy Rehabilitacji","0860-6161","西文","1/1/2010+","ProQuest 【電子期刊】"
"47644","Postepy w Kardiologii Interwencyjnej","1734-9338","西文","2005-present","ProQuest 【電子期刊】"
"46541","Postgraduate Medical Journal","0032-5473","西文","1999.02-2003.12","ProQuest 【電子期刊】"
"46542","Postgraduate Medicine","0032-5481","西文","2000.11.20-2006.09.01","ProQuest 【電子期刊】"
"37782","Postgraduate Obstetrics & Gynecology","0194-3898","西文","2005-2015","OVID 【電子期刊】"
"46543","Poultry Science","0032-5791","西文","2003.07-2008.04","ProQuest 【電子期刊】"
"37379","PPAR Research","1687-4757","西文","20061201-20171201","Airiti Library 【華藝中文電子期刊】"
"47860","PPAR Research","1687-4757","西文","2008-present","ProQuest 【電子期刊】"
"49747","Prävention und Gesundheitsförderung","1861-6755","西文","2006-present","Springer 【電子期刊】"
"48589","Practical Neurology","1474-7758","西文","10/1/2001+","ProQuest 【電子期刊】"
"38653","Practical Radiation Oncology","1879-8500","西文","2011-present","ClinicalKey 【電子期刊&電子書】"
"48455","Practical Summaries in Acute Care","1930-1103","西文","1/1/2008-11/1/2009","ProQuest 【電子期刊】"
"46544","Practitioner","0032-6518","西文","1998-present","ProQuest 【電子期刊】"
"47534","Praevention und Rehabilitation","0937-552X","西文","2016-present","ProQuest 【電子期刊】"
"47083","Praxis","1657-4915","西文","2001-present","ProQuest 【電子期刊】"
"49357","Precision Medical Sciences","2642-2514","西文","3/1/2020+","ProQuest 【電子期刊】"
"49358","Precision Radiation Oncology","2398-7324","西文","3/1/2017+","ProQuest 【電子期刊】"
"38348","Pregnancy Hypertension: An International Journal of Women's Cardiovascular Health","2210-7789","西文","2010/10-present","ClinicalKey 【電子期刊&電子書】"
"46546","Prehospital and Disaster Medicine","1049-023X","西文","2011.02-present","ProQuest 【電子期刊】"
"46545","Prehospital Emergency Care","1090-3127","西文","2001.10-2009.04.01","ProQuest 【電子期刊】"
"49359","Preventing Chronic Disease","1545-1151","西文","1/2/2020+","ProQuest 【電子期刊】"
"48004","Prevention","0032-8006","西文","1995-present","ProQuest 【電子期刊】"
"46547","Prevention Science","1389-4986","西文","2000.03-present","ProQuest 【電子期刊】"
"49748","Prevention Science","1389-4986","西文","2000-present","Springer 【電子期刊】"
"18988","Prevention science: the official journal of the Society for Prevention Research","1389-4986","西文","20050301-","MEDLINE電子期刊"
"19232","Preventive cardiology","1520-037X","西文","20030301-20100901","MEDLINE電子期刊"
"38350","Preventive Medicine","0091-7435","西文","2007/01-present","ClinicalKey 【電子期刊&電子書】"
"38528","Preventive Medicine Reports","2211-3355","西文","2014-present","ClinicalKey 【電子期刊&電子書】"
"38351","Primary Care Diabetes","1751-9918","西文","2007/02-present","ClinicalKey 【電子期刊&電子書】"
"48421","Primary Care Optometry News","1081-6437","西文","1/1/2008+","ProQuest 【電子期刊】"
"48110","Primary Care Reports","1040-2497","西文","2008-present","ProQuest 【電子期刊】"
"38352","Primary Care: Clinics in Office Practice","0095-4543","西文","2007/03-present","ClinicalKey 【電子期刊&電子書】"
"48167","Primary Health Care (2014+)","0264-5033","西文","2014-present","ProQuest 【電子期刊】"
"48168","Primary Health Care (through 2013)","0264-5033","西文","2006-2013","ProQuest 【電子期刊】"
"46548","Primary Health Care Research & Development","1463-4236","西文","2001-present","ProQuest 【電子期刊】"
"37195","Primary Prevention Insights","","西文","20121201-20151201","Airiti Library 【華藝中文電子期刊】"
"48111","Primary Prevention Insights","1179-1748","西文","2009-2017","ProQuest 【電子期刊】"
"46550","Primates","0032-8332","西文","1997-present","ProQuest 【電子期刊】"
"19394","Primates; journal of primatology","0032-8332","西文","20040101-","MEDLINE電子期刊"
"49360","ProCare","0949-7323","西文","11/1/2008+","ProQuest 【電子期刊】"
"49749","ProCare","0949-7323","西文","2008-present","Springer 【電子期刊】"
"49361","Proceedings of CBU in Medicine and Pharmacy ...","2695-0731","西文","1/1/2020+","ProQuest 【電子期刊】"
"49362","Proceedings of the 1st EAI International Conference on Medical And Health Research, ICoMHER","9781631901805","西文","1/1/2018-1/1/2018","ProQuest 【電子期刊】"
"49363","Proceedings of the 1st Seminar The Emerging of Novel Corona Virus, nCov2020","9781631902703","西文","1/1/2020-1/1/2020","ProQuest 【電子期刊】"
"47989","Proceedings of the American Philosophical Society","0003-049X","西文","2004-present","ProQuest 【電子期刊】"
"36048","Proceedings of the Estonian Academy of Sciences. Biology. Ecology","1406-0914","西文","20040125-20071215","Airiti Library 【華藝中文電子期刊】"
"46558","Proceedings of the Institution of Mechanical Engineers; Part H; Journal of Engineering in Medicine","0954-4119","西文","2007.07-2010.11","ProQuest 【電子期刊】"
"46559","Proceedings of the Japan Academy; Series B; Physical and Biological Sciences","0386-2208","西文","2012.01-present","ProQuest 【電子期刊】"
"46560","Proceedings of the Nutrition Society, The","0029-6651","西文","2001.02-present","ProQuest 【電子期刊】"
"49364","Profession Sante","2369-1611","西文","1/1/2019+","ProQuest 【電子期刊】"
"37783","Professional Case Management","1932-8087","西文","2007.01-present","OVID 【電子期刊】"
"48112","Professional Safety","0099-0027","西文","1987-present","ProQuest 【電子期刊】"
"38353","Progress in Cardiovascular Diseases","0033-0620","西文","2007/01-present","ClinicalKey 【電子期刊&電子書】"
"48322","Progress in Cardiovascular Nursing","0889-7204","西文","1/1/1998-10/1/2003","ProQuest 【電子期刊】"
"46561","Progress in Community Health Partnerships","1557-0541","西文","2010.04-present","ProQuest 【電子期刊】"
"47536","Progress in Health Sciences","2083-1617","西文","2012-present","ProQuest 【電子期刊】"
"46562","Progress in Histochemistry and Cytochemistry","0079-6336","西文","2001-2004","ProQuest 【電子期刊】"
"48590","Progress in Neurotherapeutics and Neuropsychopharmacology","1748-2321","西文","1/1/2008-1/1/2008","ProQuest 【電子期刊】"
"46758","Progress in Orthodontics; Heidelberg","2196-1042","西文","2013-present","ProQuest 【電子期刊】"
"38354","Progress in Pediatric Cardiology","1058-9813","西文","2007/09-present","ClinicalKey 【電子期刊&電子書】"
"46563","Progress in Transplantation","1526-9248","西文","2003.09-present","ProQuest 【電子期刊】"
"19210","Progress in transplantation: official publication, North American Transplant Coordinators Organization ...","1526-9248","西文","20051201-20151201","MEDLINE電子期刊"
"46797","Progressive Architecture","0033-0752","西文","1992-present","ProQuest 【電子期刊】"
"46982","Progressive Digital Media Healthcare (incl, Pharmaceuticals, Medical Devices, Hospitals) News","","西文","2013-2017","ProQuest 【電子期刊】"
"38355","Prostaglandins, Leukotrienes and Essential Fatty Acids","0952-3278","西文","2007/01-present","ClinicalKey 【電子期刊&電子書】"
"37196","Prostate Cancer","2090-3111","西文","20141201-20141201","Airiti Library 【華藝中文電子期刊】"
"19108","Prostate cancer and prostatic diseases","1365-7852","西文","20020301-20151201","MEDLINE電子期刊"
"46564","Prostate Cancer and Prostatic Diseases","1365-7852","西文","2000.07-present","ProQuest 【電子期刊】"
"38690","Prostate International","2287-8882","西文","2013-present","ClinicalKey 【電子期刊&電子書】"
"49365","Prosthesis","2673-1592","西文","1/1/2021+","ProQuest 【電子期刊】"
"46759","Protein & Cell; Heidelberg","1674-800X","西文","2012 (Vol. 4, no. 1) - present","ProQuest 【電子期刊】"
"46565","Protein Journal, The","1572-3887","西文","1997-present","ProQuest 【電子期刊】"
"46859","Proteome Science","1477-5956","西文","2009-present","ProQuest 【電子期刊】"
"37197","Proteomics Insights","","西文","20111201-20131201","Airiti Library 【華藝中文電子期刊】"
"46860","Proteomics Insights","1178-6418","西文","2008-present","ProQuest 【電子期刊】"
"46566","Protist","1434-4610","西文","2001.07-2004.09","ProQuest 【電子期刊】"
"49366","Proto Magazine [BLOG]","","西文","8/9/2018-11/16/2022","ProQuest 【電子期刊】"
"46567","Protoplasma","0033-183X","西文","1997.03-present","ProQuest 【電子期刊】"
"46800","ProtoView","","西文","2014-present","ProQuest 【電子期刊】"
"49367","Provincial Medical & Surgical Journal","2041-997X","西文","4/3/1844-12/22/1852","ProQuest 【電子期刊】"
"49368","Provincial Medical & Surgical Journal","2041-9953","西文","10/3/1840-3/27/1841","ProQuest 【電子期刊】"
"47538","Provincial Medical Journal and Retrospect of the Medical Sciences","2041-9961","西文","1842-1844","ProQuest 【電子期刊】"
"47774","Przeglad Dermatologiczny","0033-2526","西文","2009-present","ProQuest 【電子期刊】"
"46760","Przeglad Gastroenterologiczny; Poznan","1895-5770","西文","2014 - present","ProQuest 【電子期刊】"
"47645","Przeglad Kardiodiabetologiczny","1896-9666","西文","2006-2012","ProQuest 【電子期刊】"
"48347","Przeglad Menopauzalny","1643-8876","西文","1/1/2002+","ProQuest 【電子期刊】"
"48059","Psicologia : Ciencia e Profissao","1414-9893","西文","2002-present","ProQuest 【電子期刊】"
"49369","Psicologia : Teoria, e Prática","1516-3687","西文","1/1/2002+","ProQuest 【電子期刊】"
"48397","Psicooncología","1696-7240","西文","1/1/2006+","ProQuest 【電子期刊】"
"48591","Psikiyatride Guncel Yaklasimlar","1309-0658","西文","1/1/2009+","ProQuest 【電子期刊】"
"46903","Psyche : a Journal of Entomology","0033-2615","西文","2009-present","ProQuest 【電子期刊】"
"37198","Psyche: A Journal of Entomology","0033-2615","西文","19591201-20151201","Airiti Library 【華藝中文電子期刊】"
"51091","Psychedelics","2950-4848","西文","2025-present","ClinicalKey 【電子期刊&電子書】"
"19152","Psychiatria polska","0033-2674","西文","20070101-","MEDLINE電子期刊"
"48592","Psychiatric Annals","0048-5713","西文","9/1/1971+","ProQuest 【電子期刊】"
"38356","Psychiatric Clinics of North America","0193-953X","西文","2007/03-present","ClinicalKey 【電子期刊&電子書】"
"37784","Psychiatric Genetics","0955-8829","西文","2001.03-present","OVID 【電子期刊】"
"46568","Psychiatric Quarterly","0033-2720","西文","1997.03-present","ProQuest 【電子期刊】"
"49750","Psychiatric Quarterly","0033-2720","西文","1997-present","Springer 【電子期刊】"
"19197","Psychiatric rehabilitation journal","1095-158X","西文","20010101-20010801","MEDLINE電子期刊"
"46569","Psychiatric Rehabilitation Journal","1095-158X","西文","1998-2006.07","ProQuest 【電子期刊】"
"49370","Psychiatric Research & Clinical Practice","2575-5609","西文","4/1/2019+","ProQuest 【電子期刊】"
"48593","Psychiatric Times","0893-2905","西文","1/1/2004-9/1/2013","ProQuest 【電子期刊】"
"19153","Psychiatry","0033-2747","西文","20031201-","MEDLINE電子期刊"
"46571","Psychiatry","0033-2747","西文","1994.02-present","ProQuest 【電子期刊】"
"48559","Psychiatry and Behavioral Sciences","2146-1473","西文","1/1/2011+","ProQuest 【電子期刊】"
"19072","Psychiatry and clinical neurosciences","1323-1316","西文","19980201-","MEDLINE電子期刊"
"49371","Psychiatry and Clinical Neurosciences Reports","2769-2558","西文","3/1/2022+","ProQuest 【電子期刊】"
"48565","Psychiatry and Clinical Psychopharmacology","1017-7833","西文","2005-2019","ProQuest 【電子期刊】"
"38357","Psychiatry Research","0165-1781","西文","2007-present","ClinicalKey 【電子期刊&電子書】"
"38681","Psychiatry Research Case Reports","2773-0212","西文","2022-present","ClinicalKey 【電子期刊&電子書】"
"51092","Psychiatry Research Communications","2772-5987","西文","2021-present","ClinicalKey 【電子期刊&電子書】"
"38358","Psychiatry Research: Neuroimaging","0925-4927","西文","2007/01-present","ClinicalKey 【電子期刊&電子書】"
"48398","Psycho-Oncologie","1778-3798","西文","3/1/2017+","ProQuest 【電子期刊】"
"19091","Psycho-oncology","1057-9249","西文","19970301-","MEDLINE電子期刊"
"48060","Psychoanalytic Dialogues","1048-1885","西文","2004-2009","ProQuest 【電子期刊】"
"48061","Psychoanalytic Inquiry","0735-1690","西文","2004-2009","ProQuest 【電子期刊】"
"46572","Psychoanalytic Review","0033-2836","西文","1998.06-present","ProQuest 【電子期刊】"
"46573","Psychoanalytic Study of the Child, The","0079-7308","西文","2007-present","ProQuest 【電子期刊】"
"46574","Psychodynamic Psychiatry","2162-2590","西文","1998.04-present","ProQuest 【電子期刊】"
"46761","Psychologia : Avances de la Disciplina; Bogota","1900-2386","西文","2012 - present","ProQuest 【電子期刊】"
"46575","Psychological Medicine","0033-2917","西文","2001-present","ProQuest 【電子期刊】"
"19162","Psychological research","0340-0727","西文","19980101-","MEDLINE電子期刊"
"46576","Psychological Research","0340-0727","西文","1997.06-present","ProQuest 【電子期刊】"
"19163","Psychological science","0956-7976","西文","20000101-20091201","MEDLINE電子期刊"
"19164","Psychology and psychotherapy","1476-0835","西文","20020301-","MEDLINE電子期刊"
"46577","Psychology and Psychotherapy","1476-0835","西文","1998.03-2006.06","ProQuest 【電子期刊】"
"48062","Psychology of Language and Communication","1234-2238","西文","2008-present","ProQuest 【電子期刊】"
"48063","Psychology, Health & Medicine","1354-8506","西文","1998-2000","ProQuest 【電子期刊】"
"46762","Psychometrika; Williamsburg","0033-3123","西文","2005 - present (delay 1 年)","ProQuest 【電子期刊】"
"38359","Psychoneuroendocrinology","0306-4530","西文","2007/01-present","ClinicalKey 【電子期刊&電子書】"
"46578","Psychonomic Bulletin & Review","1069-9384","西文","2011.02-present","ProQuest 【電子期刊】"
"46579","Psychopathology","0254-4962","西文","1998.07-present","ProQuest 【電子期刊】"
"37824","Psychopharm Review","1936-9255","西文","2007.01-2014.01","OVID 【電子期刊】"
"18855","Psychopharmacology","0033-3158","西文","19961001-","MEDLINE電子期刊"
"46580","Psychopharmacology","0033-3158","西文","2002-present","ProQuest 【電子期刊】"
"46581","Psychopharmacology Bulletin","0048-5764","西文","1995-1998","ProQuest 【電子期刊】"
"19065","Psychophysiology","0048-5772","西文","19650401-","MEDLINE電子期刊"
"49751","Psychopraxis.neuropraxis","1434-1883","西文","2008-present","Springer 【電子期刊】"
"37785","Psychosomatic Medicine","0033-3174","西文","1995-2024","OVID 【電子期刊】"
"38360","Psychosomatics","0033-3182","西文","2007/01-present","ClinicalKey 【電子期刊&電子書】"
"46582","Psychosomatics","0033-3182","西文","1998-2011.05","ProQuest 【電子期刊】"
"49752","Psychotherapie Forum","0943-1950","西文","2004-2019","Springer 【電子期刊】"
"46583","Psychotherapy and Psychosomatics","0033-3190","西文","1998.11-present","ProQuest 【電子期刊】"
"48072","Public Administration Review","0033-3352","西文","1988-2001","ProQuest 【電子期刊】"
"38361","Public Health","0033-3506","西文","2007/01-present","ClinicalKey 【電子期刊&電子書】"
"19010","Public health genomics","1662-4246","西文","20090101-","MEDLINE電子期刊"
"46584","Public Health Genomics","1662-4246","西文","1998-present","ProQuest 【電子期刊】"
"38578","Public Health in Practice","2666-5352","西文","2020-present","ClinicalKey 【電子期刊&電子書】"
"46585","Public Health Nutrition","1368-9800","西文","2001.02-present","ProQuest 【電子期刊】"
"48113","Public Health Reviews","2107-6952","西文","2010-present","ProQuest 【電子期刊】"
"47228","Public Historian, The","0272-3433","西文","2002-2012","ProQuest 【電子期刊】"
"48014","Public Interest","0033-3557","西文","1988-2005","ProQuest 【電子期刊】"
"46779","Public Relations Journal, The","0033-3670","西文","1993-1995","ProQuest 【電子期刊】"
"49372","Pulmonary Circulation","2045-8932","西文","1/1/2011+","ProQuest 【電子期刊】"
"51744","Pulmonary Function Diagnostics","3051-276X","西文","2026-present","ClinicalKey 【電子期刊&電子書】"
"37380","Pulmonary Medicine","2090-1836","西文","20101201-20171201","Airiti Library 【華藝中文電子期刊】"
"49373","Pulmonary Medicine","2090-1836","西文","1/1/2013+","ProQuest 【電子期刊】"
"38362","Pulmonary Pharmacology & Therapeutics","1094-5539","西文","2007/02-present","ClinicalKey 【電子期刊&電子書】"
"38738","Pulmonology","2531-0437","西文","2018-present","ClinicalKey 【電子期刊&電子書】"
"47539","Pulse","0048-6000","西文","1998-2012","ProQuest 【電子期刊】"
"47030","Pure and Applied Chemistry. Chimie Pure et Appliquee","0033-4545","西文","2012-2018","ProQuest 【電子期刊】"
"47646","PVRI Review","0974-6013","西文","2009-2013","ProQuest 【電子期刊】"
"18854","The pharmacogenomics journal","1470-269X","西文","20010301-20151201","MEDLINE電子期刊"
"9483","The Physician and Sportsmedicine(若無法院外連線請使用圖書館公用帳號/密碼:tmhlib@gmail.com/@Tmh22510登入)","0091-3847","英文","1997-present","南醫單本訂購期刊"
"19281","The Practitioner","0032-6518","西文","20070101-20170501","MEDLINE電子期刊"
"49904","The Proceeding of the 9th AHLA International Health Literacy Conference: Health Literacy and Social Resilience","","西文","20231201-20231201","Airiti Library 【華藝中文電子期刊】"
"37401","The Proceedings of the 8th AHLA International Conference: Health Literacy in Social Resilience","","西文","20221201-20221201","Airiti Library 【華藝中文電子期刊】"
"19156","The Psychiatric quarterly","0033-2720","西文","19970301-","MEDLINE電子期刊"
"48169","QRC Advisor","0747-7384","西文","1998-2001","ProQuest 【電子期刊】"
"47540","Quality & Safety in Health Care","1475-3898","西文","2002-2010","ProQuest 【電子期刊】"
"19042","Quality assurance: QA","1052-9411","西文","19980101-20040401","MEDLINE電子期刊"
"47140","Quality in Ageing and Older Adults","2044-1827","西文","2003-present","ProQuest 【電子期刊】"
"47541","Quality in Health Care : QHC","0963-8172","西文","1992-2001","ProQuest 【電子期刊】"
"46587","Quality Letter for Healthcare Leaders","1047-5311","西文","2003-2004.10","ProQuest 【電子期刊】"
"37786","Quality Management in Health Care","1063-8628","西文","Fall 2001-present","OVID 【電子期刊】"
"46588","Quality of Life Research","0962-9343","西文","1997-present","ProQuest 【電子期刊】"
"49753","Quality of Life Research","0962-9343","西文","1997-present","Springer 【電子期刊】"
"18876","Quality of life research: an international journal of quality of life aspects of treatment, care and rehabilitation","0962-9343","西文","19970201-","MEDLINE電子期刊"
"46589","Quarterly Journal of Nuclear Medicine and Molecular Imaging, The","1824-4785","西文","1998.03-2010.02","ProQuest 【電子期刊】"
"46590","Quarterly Reviews of Biophysics","0033-5835","西文","2001.02-present","ProQuest 【電子期刊】"
"47031","Quimica Clinica","0213-8514","西文","2004-2005","ProQuest 【電子期刊】"
"49374","QUINNSCOMMENTARY [BLOG]","","西文","7/21/2018+","ProQuest 【電子期刊】"
"19168","The Quarterly journal of experimental psychology. A, Human experimental psychology","0272-4987","西文","19960201-20051201","MEDLINE電子期刊"
"19169","The Quarterly journal of experimental psychology. B, Comparative and physiological psychology","0272-4995","西文","19960201-20051201","MEDLINE電子期刊"
"18938","The Quarterly review of biology","0033-5770","西文","19990901-","MEDLINE電子期刊"
"49597","Die Radiologie","2731-7048","西文","1997-present","Springer 【電子期刊】"
"49712","La Radiologia medica","0033-8362","西文","2006-present","Springer 【電子期刊】"
"51396","La Rivista Italiana di Cure Palliative","2036-8399","西文","1/1/2015+","ProQuest 【電子期刊】"
"46594","Radiation and Environmental Biophysics","0301-634X","西文","2000.12-present","ProQuest 【電子期刊】"
"46592","Radiation Oncology","1748-717X","西文","2009-present","ProQuest 【電子期刊】"
"49375","Radiation Protection and Environment","0972-0464","西文","7/1/2012-10/1/2023","ProQuest 【電子期刊】"
"46593","Radiation Research","0033-7587","西文","2012.09-present","ProQuest 【電子期刊】"
"6715","Radiographics","0271-5333","西文","2014.07-2026.12","彰秀單本期刊"
"38363","Radiography","1078-8174","西文","2007/02-present","ClinicalKey 【電子期刊&電子書】"
"38364","Radiologic Clinics of North America","0033-8389","西文","2007/01-present","ClinicalKey 【電子期刊&電子書】"
"49754","Radiological Physics and Technology","1865-0333","西文","2008-present","Springer 【電子期刊】"
"95","Radiology","0033-8419","西文","2017.01-2026.12","彰秀單本期刊"
"38365","Radiology (Radiolog?a, English Edition)","2173-5107","西文","2011/01-present","ClinicalKey 【電子期刊&電子書】"
"48399","Radiology and Oncology","1318-2099","西文","3/1/2007+","ProQuest 【電子期刊】"
"38366","Radiology Case Reports","1930-0433","西文","2011.01-present","ClinicalKey 【電子期刊&電子書】"
"38538","Radiology of Infectious Diseases","2352-6211","西文","2014-present","ClinicalKey 【電子期刊&電子書】"
"37199","Radiology Research and Practice","2090-1941","西文","20141201-20141201","Airiti Library 【華藝中文電子期刊】"
"6939","Radiology(南醫2025年起停訂)","0033-8419","英文","2009-present","南醫單本訂購期刊"
"38367","Radiotherapy and Oncology","0167-8140","西文","2007/01-present","ClinicalKey 【電子期刊&電子書】"
"46983","Rand Journal of Economics, The","0741-6261","西文","1987-2013","ProQuest 【電子期刊】"
"49376","Rare Tumors","2036-3605","西文","1/1/2018+","ProQuest 【電子期刊】"
"38695","Rare. Open Research in Rare Diseases","2950-0087","西文","2023-present","ClinicalKey 【電子期刊&電子書】"
"47747","RDH","0279-7720","西文","2005-2013","ProQuest 【電子期刊】"
"47984","Reactions Weekly","0114-9954","西文","2008-present","ProQuest 【電子期刊】"
"48078","REAL Wellness Report","2766-1091 ‎","西文","2014-2021","ProQuest 【電子期刊】"
"47242","Receivables Report, The","1060-0418","西文","2008-present","ProQuest 【電子期刊】"
"18961","Receptors & channels","1060-6823","西文","20020101-20041201","MEDLINE電子期刊"
"49755","Rechtsmedizin","0937-9819","西文","1997-present","Springer 【電子期刊】"
"48064","Reclaiming Children and Youth","1089-5701","西文","1998-2015","ProQuest 【電子期刊】"
"47118","Record","0841-6869","西文","1999-present","ProQuest 【電子期刊】"
"48184","Recorde","1982-8985","西文","2008-present","ProQuest 【電子期刊】"
"19109","Redox report: communications in free radical research","1351-0002","西文","20030201-","MEDLINE電子期刊"
"49377","Reed Smith's Health Industry Washington Watch [BLOG]","","西文","7/20/2018+","ProQuest 【電子期刊】"
"46595","Regenerative Medicine","1746-0751","西文","2006-present","ProQuest 【電子期刊】"
"47542","Regenerative Medicine Research","2050-490X","西文","2015","ProQuest 【電子期刊】"
"37788","Regional Anesthesia & Pain Medicine","1098-7339","西文","2010-2018","OVID 【電子期刊】"
"46596","Regional Anesthesia and Pain Medicine","1098-7339","西文","1998.05-2009.11","ProQuest 【電子期刊】"
"48015","Regulation","0147-0590","西文","1997-present","ProQuest 【電子期刊】"
"48509","Rehab Management (Online)","","西文","5/17/2006+","ProQuest 【電子期刊】"
"48170","Rehabilitation Counseling Bulletin","0034-3552","西文","2000-2010","ProQuest 【電子期刊】"
"46597","Rehabilitation Nursing","0278-4807","西文","1998.11-2013.11","ProQuest 【電子期刊】"
"37838","Rehabilitation Nursing Journal","0278-4807","西文","1975-present","OVID 【電子期刊】"
"37839","Rehabilitation Oncology","0973-7138","西文","2011-present","OVID 【電子期刊】"
"37200","Rehabilitation Process and Outcome","1179-5727","西文","20141201-20151201","Airiti Library 【華藝中文電子期刊】"
"48510","Rehabilitation Process and Outcome","1179-5727","西文","1/1/2008+","ProQuest 【電子期刊】"
"37201","Rehabilitation Research and Practice","2090-2867","西文","20141201-20141201","Airiti Library 【華藝中文電子期刊】"
"18982","Releve epidemiologique hebdomadaire / Section d'hygiene du Secretariat de la Societe des Nations = Weekly epidemiological record / Health...","0049-8114","西文","19990101-","MEDLINE電子期刊"
"47885","Renal & Urology News","1550-9478","西文","2008-present","ProQuest 【電子期刊】"
"19317","Renal failure","0886-022X","西文","20000101-","MEDLINE電子期刊"
"49378","Renal Replacement Therapy","2059-1381","西文","12/1/2015+","ProQuest 【電子期刊】"
"47886","Renal Society of Australasia Journal","1832-3804","西文","2008-present","ProQuest 【電子期刊】"
"19368","Report on carcinogens. Monograph on …","","西文","20130301-","MEDLINE電子期刊"
"19369","Report on carcinogens: carcinogen profiles / U.S. Dept. of Health and Human Services, Public Health Service, National Toxicology Program","1551-8272","西文","20050101-20111201","MEDLINE電子期刊"
"49379","Reports","2571-841X","西文","1/1/2020+","ProQuest 【電子期刊】"
"49380","Reports in Medical Imaging","1179-1586","西文","1/1/2008-1/1/2022","ProQuest 【電子期刊】"
"38368","Reports of Practical Oncology and Radiotherapy","1507-1367","西文","2007/01-present","ClinicalKey 【電子期刊&電子書】"
"48348","Reproduction Humaine et Hormones","0994-3919","西文","4/1/2010-1/1/2015","ProQuest 【電子期刊】"
"38370","Reproductive Biology","1642-431X","西文","2008/03-present","ClinicalKey 【電子期刊&電子書】"
"18973","Reproductive biology and endocrinology: RB&E","","西文","20030101-","MEDLINE電子期刊"
"46598","Reproductive Biology and Endocrinology; London","1477-7827","西文","2009-present","ProQuest 【電子期刊】"
"37202","Reproductive Biology Insights","1178-6426","西文","20111201-20161201","Airiti Library 【華藝中文電子期刊】"
"19327","Reproductive biomedicine online","1472-6483","西文","20020101-20111201","MEDLINE電子期刊"
"38369","Reproductive BioMedicine Online","1472-6483","西文","2007-present","ClinicalKey 【電子期刊&電子書】"
"46599","Reproductive Health","1742-4755","西文","2009-present","ProQuest 【電子期刊】"
"49381","Reproductive Medicine","2673-3897","西文","1/1/2020+","ProQuest 【電子期刊】"
"47543","Research and Development in Medical Education","2322-2719","西文","2013-present","ProQuest 【電子期刊】"
"47605","Research and Opinion in Anesthesia & Intensive Care","2356-9115","西文","2015-present","ProQuest 【電子期刊】"
"38739","Research and Practice in Thrombosis and Haemostasis","2475-0379","西文","2017-present","ClinicalKey 【電子期刊&電子書】"
"49382","Research and Practice in Thrombosis and Haemostasis","2475-0379","西文","7/1/2017-11/1/2022","ProQuest 【電子期刊】"
"49383","Research and Reports in Endocrine Disorders","2230-2271","西文","1/1/2011-1/1/2016","ProQuest 【電子期刊】"
"49384","Research and Reports in Neonatology","1179-9935","西文","1/1/2011-1/1/2022","ProQuest 【電子期刊】"
"49385","Research and Reports in Urology","2253-2447","西文","1/1/2009+","ProQuest 【電子期刊】"
"46601","Research and Theory for Nursing Practice","1541-6577","西文","1987-present","ProQuest 【電子期刊】"
"38671","Research in Diagnostic and Interventional Imaging","2772-6525","西文","2022-present","ClinicalKey 【電子期刊&電子書】"
"37203","Research in Endocrinology","2331-7485","西文","20131212-20140429","Airiti Library 【華藝中文電子期刊】"
"46602","Research in Gerontological Nursing","1940-4921","西文","2008.01-present","ProQuest 【電子期刊】"
"37204","Research in Health and Nutrition","2332-371X","西文","20131001-20150301","Airiti Library 【華藝中文電子期刊】"
"47164","Research in Healthcare Financial Management","1524-1521","西文","2004-2009","ProQuest 【電子期刊】"
"37205","Research in Neurology: An International Journal","2331-2416","西文","20131130-20151201","Airiti Library 【華藝中文電子期刊】"
"49826","Research Integrity and Peer Review","2058-8615","西文","1/1/2016+","ProQuest 【電子期刊】"
"48171","Research Involvement and Engagement","2056-7529","西文","2015-present","ProQuest 【電子期刊】"
"47976","Research Journal of Pharmaceutical Dosage Forms and Technology","0975-234X","西文","2012-present","ProQuest 【電子期刊】"
"47977","Research Journal of Pharmacognosy and Phytochemistry","0975-2331","西文","2012-present","ProQuest 【電子期刊】"
"47978","Research journal of Pharmacology and Pharmacodynamics","0975-4407","西文","2012-present","ProQuest 【電子期刊】"
"47979","Research Journal of Pharmacy and Technology","0974-3618","西文","2012-present","ProQuest 【電子期刊】"
"27957","Research on child and adolescent psychopathology","2730-7166","西文","20210101-","MEDLINE電子期刊"
"46035","Research on Child and Adolescent Psychopathology","0091-0627","西文","2003-present(已延遲 1 年)","ProQuest 【電子期刊】"
"46600","Research Quarterly for Exercise and Sport","0270-1367","西文","1992.03-present","ProQuest 【電子期刊】"
"49386","Research Reports in Clinical Cardiology","1179-8475","西文","1/1/2010+","ProQuest 【電子期刊】"
"46604","Respiration","0025-7931","西文","1998-present","ProQuest 【電子期刊】"
"19248","Respiration; international review of thoracic diseases","0025-7931","西文","20050101-","MEDLINE電子期刊"
"6940","Respiratory Care","0020-1324","英文","2003-present","南醫單本訂購期刊"
"96","Respiratory Care","0020-1324","西文","2003.01-2026.12","彰秀單本期刊"
"38372","Respiratory Investigation","2212-5345","西文","2012/03-present","ClinicalKey 【電子期刊&電子書】"
"38373","Respiratory Medicine","0954-6111","西文","2007/01-present","ClinicalKey 【電子期刊&電子書】"
"38374","Respiratory Medicine Case Reports","2213-0071","西文","2012/01-present","ClinicalKey 【電子期刊&電子書】"
"38375","Respiratory Physiology & Neurobiology","1569-9048","西文","2007/01-present","ClinicalKey 【電子期刊&電子書】"
"19249","Respiratory research","1465-9921","西文","20000101-","MEDLINE電子期刊"
"46606","Respiratory Research","1465-9921","西文","2009-present","ProQuest 【電子期刊】"
"6602","Respirology","1323-7799","西文","1997-present","Wiley Online Library(電子期刊)"
"47807","Respirology Case Reports","2051-3380","西文","2013-present","ProQuest 【電子期刊】"
"47158","Restaurants & Institutions","0273-5520","西文","1996-2001","ProQuest 【電子期刊】"
"19066","Restorative neurology and neuroscience","0922-6028","西文","20010101-","MEDLINE電子期刊"
"38376","Resuscitation","0300-9572","西文","2007/01-present","ClinicalKey 【電子期刊&電子書】"
"38579","Resuscitation Plus","2666-5204","西文","2020-present","ClinicalKey 【電子期刊&電子書】"
"37789","Retina","0275-004X","西文","2000.01-present","OVID 【電子期刊】"
"37787","RETINAL Cases & Brief Reports","1935-1089","西文","Winter 2007 - Spring 2014","OVID 【電子期刊】"
"49387","Retraction Watch [BLOG]","2692-465X","西文","7/21/2018+","ProQuest 【電子期刊】"
"18889","Retrovirology","","西文","20040101-","MEDLINE電子期刊"
"46607","Retrovirology","1742-4690","西文","2009-present","ProQuest 【電子期刊】"
"37206","Retrovirology: Research and Treatment","","西文","20121201-20151201","Airiti Library 【華藝中文電子期刊】"
"47677","Retrovirology: Research and Treatment","1178-1238","西文","2008-2017","ProQuest 【電子期刊】"
"49388","Reumatismo","0048-7449","西文","6/1/2009-12/1/2021","ProQuest 【電子期刊】"
"47819","Reumatologia","0034-6233","西文","2014-present","ProQuest 【電子期刊】"
"47094","Review Journal of Autism and Developmental Disorders","2195-7177","西文","2014-present","ProQuest 【電子期刊】"
"37207","Review of Bioinformatics and Biometrics","2326-5825","西文","20121201-20150501","Airiti Library 【華藝中文電子期刊】"
"47229","Reviews in American History","0048-7511","西文","2002-present","ProQuest 【電子期刊】"
"19023","Reviews in clinical and experimental hematology","1127-0020","西文","20010301-20031201","MEDLINE電子期刊"
"46608","Reviews in Endocrine & Metabolic Disorders","1389-9155","西文","2000.02-present","ProQuest 【電子期刊】"
"49756","Reviews in Endocrine and Metabolic Disorders","1389-9155","西文","2000-present","Springer 【電子期刊】"
"37790","Reviews in Medical Microbiology","0954-139X","西文","2001-2022","OVID 【電子期刊】"
"6603","Reviews in Medical Virology","1052-9276","西文","1996-present","Wiley Online Library(電子期刊)"
"46609","Reviews in Medical Virology","1052-9276","西文","1997.04-2007.11","ProQuest 【電子期刊】"
"46763","Reviews in the Neurosciences; Berlin","0334-1763","西文","2013- present (delay 6 個月)","ProQuest 【電子期刊】"
"38378","Reviews in Vascular Medicine","2212-0211","西文","2013/03-present","ClinicalKey 【電子期刊&電子書】"
"47111","Reviews on Environmental Health","0048-7554","西文","2015-present","ProQuest 【電子期刊】"
"48323","Revista Brasileira de Enfermagem","0034-7167","西文","1/1/2013+","ProQuest 【電子期刊】"
"48114","Revista Brasileira em Promocao da Saude","1806-1222","西文","2003-present","ProQuest 【電子期刊】"
"49389","Revista Colombiana de Bioética","1900-6896","西文","1/1/2011+","ProQuest 【電子期刊】"
"49390","Revista Colombiana de Endocrinología, Diabetes y Metabolismo","2389-9786","西文","1/1/1955+","ProQuest 【電子期刊】"
"49391","Revista Colombiana de Nefrologia","2389-7708","西文","1/1/2016+","ProQuest 【電子期刊】"
"18983","Revista cubana de medicina tropical","0375-0760","西文","19980101-","MEDLINE電子期刊"
"46610","Revista da Sociedade Brasileira de Medicina Tropical","0037-8682","西文","1967-2018","ProQuest 【電子期刊】"
"18935","Revista de biologia tropical","0034-7744","西文","20030301-20100401","MEDLINE電子期刊"
"48324","Revista de Enfermagem Referência","","西文","1/1/2015+","ProQuest 【電子期刊】"
"49392","Revista de Enfermagem Referência","0874-0283","西文","1/1/2013-1/1/2022","ProQuest 【電子期刊】"
"47545","Revista de la Facultad de Medicina","0120-0011","西文","2004-present","ProQuest 【電子期刊】"
"47748","Revista de la Facultad de Odontología Universidad de Antioquia","0121-246X","西文","2011-present","ProQuest 【電子期刊】"
"47898","Revista de Medicina y Cine","1885-5210","西文","2013-present","ProQuest 【電子期刊】"
"48456","Revista de Ortopedie si Traumatologie a Asociatiei de Ortopedie Româno-Italo-Spaniole","1454-6213","西文","7/1/2010-10/1/2012","ProQuest 【電子期刊】"
"38748","Revista de Psiquiatría y Salud Mental","1888-9891","西文","2008-present","ClinicalKey 【電子期刊&電子書】"
"46764","Revista de Salúd Publica = Journal of Public Health; Bogota","0124-0064","西文","2010 - present","ProQuest 【電子期刊】"
"46611","Revista do Instituto de Medicina Tropical de São Paulo; São Paulo","0036-4665","西文","1998.07-present","ProQuest 【電子期刊】"
"19044","Revista iberoamericana de micologia","1130-1406","西文","20030301-","MEDLINE電子期刊"
"47546","Revista Internacional de Ciencias Podológicas","1887-7249","西文","2007-present","ProQuest 【電子期刊】"
"49394","Revista Latinoamericana de Hipertension","1856-4550","西文","1/1/2011+","ProQuest 【電子期刊】"
"48595","Revista Latinoamericana de Psicopatologia Fundamental","1415-4714","西文","3/1/2010+","ProQuest 【電子期刊】"
"47547","Revista Med","0121-5256","西文","2003-present","ProQuest 【電子期刊】"
"47749","Revista Odonto Ciencia","0102-9460","西文","2008-present","ProQuest 【電子期刊】"
"49395","Revista Salud Bosque","2248-5759","西文","1/1/2020-1/1/2021","ProQuest 【電子期刊】"
"51081","Revue d'Epidemiologie et de Santé Publique","0398-7620","西文","2015-present","ClinicalKey 【電子期刊&電子書】"
"51737","Revue d'Epidemiologie et de Santé Publique","2950-4333","西文","2024-present","ClinicalKey 【電子期刊&電子書】"
"48349","Revue de Medecine Perinatale","1965-0833","西文","3/1/2017+","ProQuest 【電子期刊】"
"19391","Revue scientifique et technique / Office international des epizooties","0253-1933","西文","20081201-","MEDLINE電子期刊"
"49396","Rhetoric of Health & Medicine","2573-5055","西文","1/1/2018+","ProQuest 【電子期刊】"
"49757","Rheuma plus","1868-260X","西文","2011-present","Springer 【電子期刊】"
"38379","Rheumatic Diseases Clinics of North America","0889-857X","西文","2007/02-present","ClinicalKey 【電子期刊&電子書】"
"46765","Rheumatology and Therapy; Heidelberg","2198-6576","西文","2014 - present","ProQuest 【電子期刊】"
"19365","Rheumatology international","0172-8172","西文","20001201-","MEDLINE電子期刊"
"46612","Rheumatology International","0172-8172","西文","1997-present(已延遲 1 年)","ProQuest 【電子期刊】"
"49758","Rheumatology International","0172-8172","西文","1997-present","Springer 【電子期刊】"
"19102","Rhinology","0300-0729","西文","20081201-","MEDLINE電子期刊"
"19103","Rhinology. Supplement","1013-0047","西文","20100801-","MEDLINE電子期刊"
"47548","Rhode Island Medical Journal","2327-2228","西文","2003-present","ProQuest 【電子期刊】"
"18877","Risk analysis: an official publication of the Society for Risk Analysis","0272-4332","西文","20000201-","MEDLINE電子期刊"
"47209","Risk Management","0035-5593","西文","1987-present","ProQuest 【電子期刊】"
"47820","RMD Open","2056-5933","西文","2015-present","ProQuest 【電子期刊】"
"49397","Romanian Archives of Microbiology and Immunology","1222-3891","西文","1/1/2019+","ProQuest 【電子期刊】"
"47887","Romanian Journal of Urology","1842-2187","西文","2009-present","ProQuest 【電子期刊】"
"46613","Royal Society of Medicine (Great Britain). Journal of the Royal Society of Medicine","0141-0768","西文","2001.05-2006.07","ProQuest 【電子期刊】"
"47750","RSBO","1806-7727","西文","2010-2016","ProQuest 【電子期刊】"
"47808","RT (Online)","","西文","2006-present","ProQuest 【電子期刊】"
"19262","Rural and remote health","","西文","20070101-","MEDLINE電子期刊"
"49398","Rural and Remote Health","1445-6354","西文","1/1/2018+","ProQuest 【電子期刊】"
"49399","Safe Healthcare [BLOG]","","西文","5/2/2018-3/5/2020","ProQuest 【電子期刊】"
"47549","Safe Motherhood","1014-9511","西文","1998-2014","ProQuest 【電子期刊】"
"47042","Safer Communities","1757-8043","西文","2003-present","ProQuest 【電子期刊】"
"48115","Safety & Health Practitioner, The","0958-479X","西文","1997-2016","ProQuest 【電子期刊】"
"47550","Safety in Health","2056-5917","西文","2015-present","ProQuest 【電子期刊】"
"49400","SAGE Open Medical Case Reports","2050-313X","西文","1/1/2013+","ProQuest 【電子期刊】"
"49401","Sage Open Medicine","2050-3121","西文","1/1/2016+","ProQuest 【電子期刊】"
"19348","Salud publica de Mexico","0036-3634","西文","19980101-","MEDLINE電子期刊"
"47861","Same - Day Surgery","0190-5066","西文","2008-present","ProQuest 【電子期刊】"
"19272","Sao Paulo medical journal = Revista paulista de medicina","1516-3180","西文","20081101-","MEDLINE電子期刊"
"37208","Sarcoma","1357-714X","西文","20141201-20141201","Airiti Library 【華藝中文電子期刊】"
"49402","Saude e Sociedade","0104-1290","西文","1/1/2016+","ProQuest 【電子期刊】"
"47606","Saudi Journal of Anaesthesia","1658-354X","西文","2009-present","ProQuest 【電子期刊】"
"46614","Saudi Journal of Gastroenterology","1319-3767","西文","2008.01-present","ProQuest 【電子期刊】"
"47888","Saudi Journal of Kidney Diseases and Transplantation","1319-2442","西文","2014-present","ProQuest 【電子期刊】"
"49403","Saudi Medical Journal","0379-5284","西文","1/1/2017+","ProQuest 【電子期刊】"
"19221","Scandinavian audiology","0105-0397","西文","19980401-20011201","MEDLINE電子期刊"
"19233","Scandinavian cardiovascular journal. Supplement","1401-7458","西文","19980401-","MEDLINE電子期刊"
"19234","Scandinavian cardiovascular journal: SCJ","1401-7431","西文","19980201-","MEDLINE電子期刊"
"19273","Scandinavian journal of caring sciences","0283-9318","西文","19980401-","MEDLINE電子期刊"
"18897","Scandinavian journal of clinical and laboratory investigation","0036-5513","西文","19980501-","MEDLINE電子期刊"
"18926","Scandinavian journal of immunology","0300-9475","西文","19720101-","MEDLINE電子期刊"
"19292","Scandinavian journal of infectious diseases","0036-5548","西文","19980601-20141201","MEDLINE電子期刊"
"19293","Scandinavian journal of infectious diseases. Supplementum","0300-8878","西文","20011201-20091201","MEDLINE電子期刊"
"38380","Scandinavian Journal of Pain","1877-8860","西文","2009/05-present","ClinicalKey 【電子期刊&電子書】"
"19125","Scandinavian journal of plastic and reconstructive surgery and hand surgery / Nordisk plastikkirurgisk forening","0284-4311","西文","19980501-20091201","MEDLINE電子期刊"
"18989","Scandinavian journal of primary health care","0281-3432","西文","19980501-","MEDLINE電子期刊"
"47551","Scandinavian Journal of Primary Health Care","0281-3432","西文","2011-present","ProQuest 【電子期刊】"
"6941","Scandinavian journal of primary health care(免費)","","","","南醫單本訂購期刊"
"18990","Scandinavian journal of primary health care. Supplement","0284-6020","西文","20020301-20020301","MEDLINE電子期刊"
"19165","Scandinavian journal of psychology","0036-5564","西文","19980301-","MEDLINE電子期刊"
"19349","Scandinavian journal of public health","1403-4948","西文","19990401-20071201","MEDLINE電子期刊"
"27958","Scandinavian journal of public health. Supplement","1403-4956","西文","20010101-20071201","MEDLINE電子期刊"
"19366","Scandinavian journal of rheumatology","0300-9742","西文","19980801-","MEDLINE電子期刊"
"19367","Scandinavian journal of rheumatology. Supplement","0301-3847","西文","19990301-","MEDLINE電子期刊"
"49404","Scandinavian journal of trauma, resuscitation and emergency medicine.","1757-7241","西文","12/1/2008+","ProQuest 【電子期刊】"
"19374","Scandinavian journal of urology","2168-1805","西文","20130201-","MEDLINE電子期刊"
"19375","Scandinavian journal of urology and nephrology","0036-5599","西文","19980201-20121201","MEDLINE電子期刊"
"19376","Scandinavian journal of urology and nephrology. Supplementum","0300-8886","西文","19981201-20081201","MEDLINE電子期刊"
"46615","Scandinavian Journal of Work, Environment & Health","0355-3140","西文","2007-present","ProQuest 【電子期刊】"
"46953","Scanning","0161-0457","西文","2011-present","ProQuest 【電子期刊】"
"49405","Scars, Burns and Healing","2059-5131","西文","1/1/2016+","ProQuest 【電子期刊】"
"48584","Schizophrenia","2334-265X","西文","3/1/2015+","ProQuest 【電子期刊】"
"38381","Schizophrenia Research","0920-9964","西文","2007-present","ClinicalKey 【電子期刊&電子書】"
"37436","Schizophrenia Research and Treatment","2090-2085","西文","20111201-20161201","Airiti Library 【華藝中文電子期刊】"
"49406","Schizophrenia Research and Treatment","2090-2085","西文","1/1/2013+","ProQuest 【電子期刊】"
"38520","Schizophrenia Research: Cognition","2215-0013","西文","2014.01-present","ClinicalKey 【電子期刊&電子書】"
"49759","Schmerzmedizin","2194-2536","西文","2015-present","Springer 【電子期刊】"
"49407","SciDev.net - Health","","西文","4/23/2003+","ProQuest 【電子期刊】"
"46616","Science","0036-8075","西文","1988-2005.12.23","ProQuest 【電子期刊】"
"18882","Science and engineering ethics","1353-3452","西文","20030101-","MEDLINE電子期刊"
"46618","Science and Engineering Ethics","1353-3452","西文","1997.03-present","ProQuest 【電子期刊】"
"49408","Science and Enterprise [BLOG]","","西文","5/2/2018+","ProQuest 【電子期刊】"
"38382","Science and Justice","1355-0306","西文","2007/05-present","ClinicalKey 【電子期刊&電子書】"
"46617","Science China. Life Sciences","1674-7305","西文","1997.02-present","ProQuest 【電子期刊】"
"48140","Science Illustrated","0897-8581","西文","2012-2013","ProQuest 【電子期刊】"
"48141","Science in Context","0269-8897","西文","2001-present","ProQuest 【電子期刊】"
"48143","Science News","0036-8423","西文","1992-2015","ProQuest 【電子期刊】"
"48185","Science of Gymnastics Journal","1855-7171","西文","2011-present","ProQuest 【電子期刊】"
"48144","Science Progress","0036-8504","西文","2001-present","ProQuest 【電子期刊】"
"48145","Sciences","0036-861X","西文","1994-2001","ProQuest 【電子期刊】"
"47980","Scientia Pharmaceutica","0036-8709","西文","2010-present","ProQuest 【電子期刊】"
"48146","Scientific Data","2052-4463","西文","2014-present","ProQuest 【電子期刊】"
"47751","Scientific Journal of Dentistry","2394-7144","西文","2014-2015","ProQuest 【電子期刊】"
"48147","Scientific Reports (Nature Publisher Group)","2045-2322","西文","2001-present","ProQuest 【電子期刊】"
"48148","Scientific World Journal, The","1537-744X","西文","2012-present","ProQuest 【電子期刊】"
"46801","Scitech Book News","0196-6006","西文","2000-present","ProQuest 【電子期刊】"
"48457","Scoliosis and Spinal Disorders","2397-1789","西文","1/1/2009+","ProQuest 【電子期刊】"
"38383","Seizure: European Journal of Epilepsy","1059-1311","西文","2007/01-present","ClinicalKey 【電子期刊&電子書】"
"38384","Seminars in Arthritis and Rheumatism","0049-0172","西文","2007/02-present","ClinicalKey 【電子期刊&電子書】"
"38385","Seminars in Arthroplasty","1045-4527","西文","2007-present","ClinicalKey 【電子期刊&電子書】"
"38386","Seminars in Cancer Biology","1044-579X","西文","2007/02-present","ClinicalKey 【電子期刊&電子書】"
"38387","Seminars in Colon and Rectal Surgery","1043-1489","西文","2007/03-present","ClinicalKey 【電子期刊&電子書】"
"38388","Seminars in Diagnostic Pathology","0740-2570","西文","2003/05-present","ClinicalKey 【電子期刊&電子書】"
"8674","Seminars In Dialysis","1525-139X","西文","1988-present","Wiley Online Library(電子期刊)"
"6942","Seminars in Dialysis","0894-0959","西文","1997-present(三院共享)","南醫單本訂購期刊"
"19318","Seminars in dialysis","0894-0959","西文","20000101-","MEDLINE電子期刊"
"38389","Seminars in Fetal and Neonatal Medicine","1744-165X","西文","2007/02-present","ClinicalKey 【電子期刊&電子書】"
"38390","Seminars in Hematology","0037-1963","西文","2007/01-present","ClinicalKey 【電子期刊&電子書】"
"38391","Seminars in Immunology","1044-5323","西文","2007/02-present","ClinicalKey 【電子期刊&電子書】"
"18927","Seminars in immunopathology","1863-2297","西文","20070401-","MEDLINE電子期刊"
"46619","Seminars in Immunopathology","1863-2297","西文","1997-present(已延遲 1 年)","ProQuest 【電子期刊】"
"38392","Seminars in Nephrology","0270-9295","西文","2007/01-present","ClinicalKey 【電子期刊&電子書】"
"38393","Seminars in Nuclear Medicine","0001-2998","西文","2007/01-present","ClinicalKey 【電子期刊&電子書】"
"38394","Seminars in Oncology","0093-7754","西文","2007/02-present","ClinicalKey 【電子期刊&電子書】"
"19335","Seminars in ophthalmology","0882-0538","西文","20030601-","MEDLINE電子期刊"
"8733","Seminars in Orthodontics","","西文","訂購年份：2016","ScienceDirect(SDOL)"
"38395","Seminars in Orthodontics","1073-8746","西文","2007/03-present","ClinicalKey 【電子期刊&電子書】"
"38396","Seminars in Pediatric Neurology","1071-9091","西文","2007/03-present","ClinicalKey 【電子期刊&電子書】"
"38397","Seminars in Pediatric Surgery","1055-8586","西文","2007/02-present","ClinicalKey 【電子期刊&電子書】"
"38398","Seminars in Perinatology","0146-0005","西文","2007/02-present","ClinicalKey 【電子期刊&電子書】"
"38399","Seminars in Radiation Oncology","1053-4296","西文","2007/01-present","ClinicalKey 【電子期刊&電子書】"
"38400","Seminars in Roentgenology","0037-198X","西文","2007/01-present","ClinicalKey 【電子期刊&電子書】"
"38401","Seminars in Spine Surgery","1040-7383","西文","2007.03-present","ClinicalKey 【電子期刊&電子書】"
"38402","Seminars in Thoracic and Cardiovascular Surgery","1043-0679","西文","2007-present","ClinicalKey 【電子期刊&電子書】"
"38403","Seminars in Thoracic and Cardiovascular Surgery: Pediatric Cardiac Surgery Annual","1092-9126","西文","2007-present","ClinicalKey 【電子期刊&電子書】"
"38404","Seminars in Ultrasound, CT, and MRI","0887-2171","西文","2007/02-present","ClinicalKey 【電子期刊&電子書】"
"38405","Seminars in Vascular Surgery","0895-7967","西文","2007-present","ClinicalKey 【電子期刊&電子書】"
"47163","Sensing and Imaging","1557-2064","西文","2000-2013","ProQuest 【電子期刊】"
"47034","Sensors","1424-8220","西文","2001-present","ProQuest 【電子期刊】"
"47552","Sensory Integration Special Interest Section Quarterly / American Occupational Therapy Association","1093-7250","西文","2006-2015","ProQuest 【電子期刊】"
"46930","Sequencing","2090-0325","西文","2010-2013","ProQuest 【電子期刊】"
"18868","Sexual abuse: a journal of research and treatment","1079-0632","西文","20040101-20071201","MEDLINE電子期刊"
"48066","Sexual and Relationship Therapy","1468-1994","西文","1998-2000","ProQuest 【電子期刊】"
"38406","Sexual and Reproductive Healthcare","1877-5756","西文","2010/02-present","ClinicalKey 【電子期刊&電子書】"
"46766","Sexual Health (Online); Collingwood","1449-8987","西文","2014-present","ProQuest 【電子期刊】"
"33623","Sexual Medicine","2050-1161","西文","2013-present","Open Access"
"51029","Sexual Medicine","2050-1161","西文","2013.08-present","其它"
"38631","Sexual Medicine","2050-1161","西文","2015-present","ClinicalKey 【電子期刊&電子書】"
"47553","Sexuality and Disability","0146-1044","西文","1997-present","ProQuest 【電子期刊】"
"47554","Sexuality Research & Social Policy","1868-9884","西文","2004-present","ProQuest 【電子期刊】"
"37791","Sexually Transmitted Diseases","0148-5717","西文","1996.01-present","OVID 【電子期刊】"
"46620","Sexually Transmitted Infections","1368-4973","西文","1996.12-2003.12","ProQuest 【電子期刊】"
"19254","Shanghai kou qiang yi xue = Shanghai journal of stomatology","1006-7248","西文","20071201-","MEDLINE電子期刊"
"48005","Shape","0744-5121","西文","1997-2018","ProQuest 【電子期刊】"
"49409","SharpBrains [BLOG]","","西文","7/23/2018+","ProQuest 【電子期刊】"
"37792","Shock","1073-2322","西文","2002.01-present","OVID 【電子期刊】"
"47555","Shots [BLOG]","","西文","2016-present","ProQuest 【電子期刊】"
"48458","SICOT-J","2426-8887","西文","1/1/2015+","ProQuest 【電子期刊】"
"46861","Signal Transduction and Targeted Therapy","2059-3635","西文","2016-present","ProQuest 【電子期刊】"
"37209","Signal Transduction Insights","","西文","20141201-20151201","Airiti Library 【華藝中文電子期刊】"
"37793","Simulation in Healthcare: The Journal of the Society for Simulation in Healthcare","1559-2332","西文","2006.01-present","OVID 【電子期刊】"
"36052","SJWEH Supplements","1795-9926","西文","20040901-20081230","Airiti Library 【華藝中文電子期刊】"
"46962","Skeletal Muscle","2044-5040","西文","2015-present","ProQuest 【電子期刊】"
"46621","Skeletal Radiology","0364-2348","西文","1997-present","ProQuest 【電子期刊】"
"49760","Skeletal Radiology","0364-2348","西文","1997-present","Springer 【電子期刊】"
"46622","Skin Pharmacology and Physiology","1660-5527","西文","1998-present","ProQuest 【電子期刊】"
"49411","Skin Research and Technology","0909-752X","西文","1/1/2022+","ProQuest 【電子期刊】"
"18965","Skin research and technology: official journal of International Society for Bioengineering and the Skin (ISBS)","0909-752X","西文","20010201-","MEDLINE電子期刊"
"18911","Skinmed","1540-9740","西文","20030101-20080301","MEDLINE電子期刊"
"48596","Sleep","0161-8105","西文","10/1/2016+","ProQuest 【電子期刊】"
"46623","Sleep and Breathing","1520-9512","西文","1997.03-present","ProQuest 【電子期刊】"
"49761","Sleep and Breathing","1520-9512","西文","1997-present","Springer 【電子期刊】"
"48597","Sleep and Hypnosis","1302-1192","西文","1/1/2004-1/1/2010","ProQuest 【電子期刊】"
"48598","Sleep and Hypnosis (Online)","2458-9101","西文","1/1/2012+","ProQuest 【電子期刊】"
"49412","Sleep and Vigilance","2510-2265","西文","6/1/2017+","ProQuest 【電子期刊】"
"48599","Sleep Disorders","2090-3545","西文","1/1/2012+","ProQuest 【電子期刊】"
"38632","Sleep Epidemiology","2667-3436","西文","2021-present","ClinicalKey 【電子期刊&電子書】"
"38407","Sleep Health: Journal of the National Sleep Foundation","2352-7218","西文","2015.03-present","ClinicalKey 【電子期刊&電子書】"
"38408","Sleep Medicine","1389-9457","西文","2007/01-present","ClinicalKey 【電子期刊&電子書】"
"38409","Sleep Medicine Clinics","1556-407X","西文","2007/03-present","ClinicalKey 【電子期刊&電子書】"
"38410","Sleep Medicine Reviews","1087-0792","西文","2007/02-present","ClinicalKey 【電子期刊&電子書】"
"47556","Sleep Review (Online)","","西文","2000-present","ProQuest 【電子期刊】"
"49413","Sleep Science and Practice","2398-2683","西文","1/1/2017+","ProQuest 【電子期刊】"
"47020","Sloan Management Review (1986-1998)","0019-848X","西文","1986-1987","ProQuest 【電子期刊】"
"47021","Sloan Management Review (pre-1986)","0019-848X","西文","1970-1985","ProQuest 【電子期刊】"
"47557","Smart Engage. In Depth Report","","西文","2016-present","ProQuest 【電子期刊】"
"49414","Smart Medicine","2751-1871","西文","12/1/2022+","ProQuest 【電子期刊】"
"37210","Smart Science","2308-0477","西文","20130919-20151225","Airiti Library 【華藝中文電子期刊】"
"18796","Social biology","0037-766X","西文","20050301-20060301","MEDLINE電子期刊"
"47143","Social Care and Neurodisability","2042-0919","西文","2010-2014","ProQuest 【電子期刊】"
"48172","Social Choice and Welfare","0176-1714","西文","1997-present","ProQuest 【電子期刊】"
"48179","Social Forces","0037-7732","西文","1988-2001","ProQuest 【電子期刊】"
"18984","Social psychiatry and psychiatric epidemiology","0933-7954","西文","19980101-","MEDLINE電子期刊"
"46624","Social Psychiatry and Psychiatric Epidemiology","0933-7954","西文","1997-present","ProQuest 【電子期刊】"
"49762","Social Psychiatry and Psychiatric Epidemiology","0933-7954","西文","1997-present","Springer 【電子期刊】"
"48180","Social Psychology Quarterly","0190-2725","西文","1995-2013","ProQuest 【電子期刊】"
"18885","Social security bulletin","0037-7910","西文","19900101-","MEDLINE電子期刊"
"46625","Social Security Bulletin","0037-7910","西文","1987.10-present","ProQuest 【電子期刊】"
"48116","Social Theory & Health","1477-8211","西文","2003-present","ProQuest 【電子期刊】"
"46626","Social Work","0037-8046","西文","1988-2012.10","ProQuest 【電子期刊】"
"19350","Social work in public health","1937-1918","西文","20070301-","MEDLINE電子期刊"
"48173","Social Work Research","1070-5309","西文","1997-2012","ProQuest 【電子期刊】"
"48156","Society","0147-2011","西文","1997-present","ProQuest 【電子期刊】"
"48600","Socioaffective Neuroscience & Psychology","2000-9011","西文","1/1/2013+","ProQuest 【電子期刊】"
"37825","Soil Science","0038-075X","西文","1996.01-2019.06","OVID 【電子期刊】"
"19067","Somatosensory & motor research","0899-0220","西文","19970101-","MEDLINE電子期刊"
"49415","Somnologie","1432-9123","西文","2/1/1997+","ProQuest 【電子期刊】"
"49802","Somnologie","1432-9123","西文","1997-present","Springer 【電子期刊】"
"47251","Soundings","1362-6620","西文","2007-present","ProQuest 【電子期刊】"
"46830","Source Code for Biology and Medicine","1751-0473","西文","2009-present","ProQuest 【電子期刊】"
"49416","South Africa Pharmaceutical Journal","2221-5875","西文","3/1/2016+","ProQuest 【電子期刊】"
"49417","South African General Practitioner, The","2706-9613","西文","4/1/2020+","ProQuest 【電子期刊】"
"49418","South African Journal of Clinical Nutrition, The","1607-0658","西文","11/1/2018+","ProQuest 【電子期刊】"
"49419","South African Journal of Sports Medicine","1015-5163","西文","1/1/1982-1/1/2021","ProQuest 【電子期刊】"
"49420","South African Journal of Surgery","0038-2361","西文","1/1/2004+","ProQuest 【電子期刊】"
"49421","South African Orthopaedic Journal","1681-150X","西文","3/1/2019+","ProQuest 【電子期刊】"
"49422","South African Pharmacist’s Assistant","1608-9634","西文","4/1/2016+","ProQuest 【電子期刊】"
"46627","South Carolina Nurse, The","1046-7394","西文","2003-present","ProQuest 【電子期刊】"
"19274","South Dakota medicine: the journal of the South Dakota State Medical Association","0038-3317","西文","20080401-","MEDLINE電子期刊"
"46628","Southeast Asian Journal of Tropical Medicine and Public Health","0125-1562","西文","2005-present","ProQuest 【電子期刊】"
"49423","Southern Clinics of Istanbul Eurasia","2587-0998","西文","1/1/2020+","ProQuest 【電子期刊】"
"19275","Southern medical journal","0038-4348","西文","19940101-20070801","MEDLINE電子期刊"
"37794","Southern Medical Journal","0038-4348","西文","2000.01-present","OVID 【電子期刊】"
"33682","Southwest Respiratory and Critical Care","2325-9205","西文","2013-present","其它"
"38411","Spanish Journal of Cardiology (Revista Española de Cardiología, English Edition)","1885-5857","西文","2011-present","ClinicalKey 【電子期刊&電子書】"
"38817","Spanish Journal of Legal Medicine","2445-4249","西文","2016-present","ClinicalKey 【電子期刊&電子書】"
"38412","Spanish Journal of Nuclear Medicine and Molecular Imaging","2253-8089","西文","2012/01-present","ClinicalKey 【電子期刊&電子書】"
"38767","Spanish Journal of Psychiatry and Mental Health","2950-2853","西文","2023-present","ClinicalKey 【電子期刊&電子書】"
"46629","Spanish Journal of Psychology, The","1138-7416","西文","2006-present","ProQuest 【電子期刊】"
"38740","Spanish Otorhinolaryngology (Acta Otorrinolaringológica Española, English Edition)","2173-5735","西文","2011-present","ClinicalKey 【電子期刊&電子書】"
"38413","Spanish Surgery (Cirug?a Espa?ola, English Edition)","2173-5077","西文","2009/01-present","ClinicalKey 【電子期刊&電子書】"
"38414","Spanish Urology (Actas Urol?gicas Espa?olas, English Edition)","2173-5786","西文","2011.01-present","ClinicalKey 【電子期刊&電子書】"
"19338","Spatial vision","0169-1015","西文","19990101-20091201","MEDLINE電子期刊"
"49424","Specialty Pharmacy Times","","西文","9/21/2020-11/3/2020","ProQuest 【電子期刊】"
"48016","Spectrum","1067-8530","西文","2005","ProQuest 【電子期刊】"
"49763","Spektrum der Augenheilkunde","0930-4282","西文","1990-present","Springer 【電子期刊】"
"19110","Spinal cord","1362-4393","西文","19970101-20151101","MEDLINE電子期刊"
"46630","Spinal Cord","1362-4393","西文","2000-present","ProQuest 【電子期刊】"
"48601","Spinal Cord Series and Cases","2058-6124","西文","7/1/2015+","ProQuest 【電子期刊】"
"37795","Spine","0362-2436","西文","1996.01-present","OVID 【電子期刊】"
"38505","Spine Journal, The","1529-9430","西文","2007-present","ClinicalKey 【電子期刊&電子書】"
"47862","Spine Surgery Today","2334-0002","西文","2014-2018","ProQuest 【電子期刊】"
"48186","Sport Science Review","2066-8732","西文","2010-2016","ProQuest 【電子期刊】"
"49425","Sport Sciences for Health","1824-7490","西文","12/1/2004+","ProQuest 【電子期刊】"
"49764","Sport Sciences for Health","1824-7490","西文","2004-present","Springer 【電子期刊】"
"46631","Sports Medicine","0112-1642","西文","2008.06-present","ProQuest 【電子期刊】"
"49795","Sports Medicine","0112-1642","西文","1984-present","Springer 【電子期刊】"
"37796","Sports Medicine & Arthroscopy Review","1062-8592","西文","2001.01-present","OVID 【電子期刊】"
"49426","Springer Nature Medical Video","","西文","1/1/2019-1/1/2022","ProQuest 【電子期刊】"
"18928","Springer seminars in immunopathology","0344-4325","西文","20000301-20061201","MEDLINE電子期刊"
"38682","SSM - Qualitative Research in Health","2667-3215","西文","2021-present","ClinicalKey 【電子期刊&電子書】"
"47213","Stanford Law Review","0038-9765","西文","2005-present","ProQuest 【電子期刊】"
"46632","Stapp Car Crash Journal","1532-8546","西文","2003.10-present","ProQuest 【電子期刊】"
"48117","State Health Watch","1074-4754","西文","2008-2011","ProQuest 【電子期刊】"
"48017","State Legislatures","0147-6041","西文","1997-present","ProQuest 【電子期刊】"
"47678","Statistical Communications in Infectious Diseases","2194-6310","西文","2012-2016","ProQuest 【電子期刊】"
"46633","Statistical Methods in Medical Research","0962-2802","西文","1997-present","ProQuest 【電子期刊】"
"36054","Statistics Of Communicable Diseases and Surveillance Report Republic China","1992-4526","西文","20060101-20121001","Airiti Library 【華藝中文電子期刊】"
"46898","Stem Cell Research & Therapy","1757-6512","西文","2015-present","ProQuest 【電子期刊】"
"46634","Stem Cell Reviews and Reports; New York","1550-8943","西文","2005.03-present","ProQuest 【電子期刊】"
"48237","Stem Cell Week","1537-1360","西文","10/1/2001+","ProQuest 【電子期刊】"
"37376","Stem Cells International","1687-966X","西文","20121201-20171201","Airiti Library 【華藝中文電子期刊】"
"46899","Stem Cells International","1687-966X","西文","2014-present","ProQuest 【電子期刊】"
"49427","Stem Cells Translational Medicine","2157-6564","西文","1/1/2012-12/1/2021","ProQuest 【電子期刊】"
"19336","Strabismus","0927-3972","西文","19990301-","MEDLINE電子期刊"
"46635","Strahlentherapie und Onkologie","0179-7158","西文","1997-present","ProQuest 【電子期刊】"
"49765","Strahlentherapie und Onkologie","0179-7158","西文","1997-present","Springer 【電子期刊】"
"19092","Strahlentherapie und Onkologie: Organ der Deutschen Rontgengesellschaft ...","0179-7158","西文","20060801-","MEDLINE電子期刊"
"47558","Strategies","0892-4562","西文","2002-2016","ProQuest 【電子期刊】"
"47863","Strategies in trauma and limb reconstruction.","1828-8936","西文","2012-present","ProQuest 【電子期刊】"
"37797","Strength & Conditioning Journal","1524-1602","西文","1999.02-present","OVID 【電子期刊】"
"48006","Strength and Conditioning Journal","1524-1602","西文","2004-2011","ProQuest 【電子期刊】"
"18861","Stress: the international journal on the biology of stress","1025-3890","西文","20020201-","MEDLINE電子期刊"
"37798","Stroke","0039-2499","西文","1970.01-present","OVID 【電子期刊】"
"49428","Stroke and Vascular Neurology","2059-8696","西文","3/1/2016+","ProQuest 【電子期刊】"
"37212","Stroke Research and Treatment","2042-0056","西文","20141201-20141201","Airiti Library 【華藝中文電子期刊】"
"48602","Stroke Research and Treatment","2090-8105","西文","1/1/2014+","ProQuest 【電子期刊】"
"38703","Structural Heart","2474-8706","西文","2023-present","ClinicalKey 【電子期刊&電子書】"
"47559","Student BMJ","0966-6494","西文","1999-2016","ProQuest 【電子期刊】"
"19328","Studies in family planning","0039-3665","西文","20040601-","MEDLINE電子期刊"
"19304","Studies in health technology and informatics","0926-9630","西文","20050101-","MEDLINE電子期刊"
"19142","Substance abuse","0889-7077","西文","20040301-","MEDLINE電子期刊"
"47070","Substance Abuse : Research and Treatment","1178-2218","西文","2008-present","ProQuest 【電子期刊】"
"46636","Substance Abuse Treatment, Prevention and Policy","1747-597X","西文","2009-present","ProQuest 【電子期刊】"
"37213","Substance Abuse: Research and Treatment","1178-2218","西文","20111201-20151203","Airiti Library 【華藝中文電子期刊】"
"19143","Substance use & misuse","1082-6084","西文","20010101-","MEDLINE電子期刊"
"46637","Suicide & Life - Threatening Behavior","0363-0234","西文","1994.04-2010.04","ProQuest 【電子期刊】"
"19184","Suicide & life-threatening behavior","0363-0234","西文","20050201-","MEDLINE電子期刊"
"47560","Sultan Qaboos University Medical Journal","2075-051X","西文","2016-present","ProQuest 【電子期刊】"
"46638","Supportive Care in Cancer","0941-4355","西文","1997-present","ProQuest 【電子期刊】"
"49766","Supportive Care in Cancer","0941-4355","西文","1997-present","Springer 【電子期刊】"
"38416","Surgeon, The","1479-666X","西文","2007/02-present","ClinicalKey 【電子期刊&電子書】"
"38417","Surgery","0263-9319","西文","2007/01-present","ClinicalKey 【電子期刊&電子書】"
"38755","Surgery Case Reports: Advances and Techniques","2950-1032","西文","2024-present","ClinicalKey 【電子期刊&電子書】"
"38418","Surgery for Obesity and Related Diseases","1550-7289","西文","2007/01-present","ClinicalKey 【電子期刊&電子書】"
"38741","Surgery in Practice and Science","2666-2620","西文","2020-present","ClinicalKey 【電子期刊&電子書】"
"38633","Surgery Open Digestive Advance","2667-0089","西文","2021-present","ClinicalKey 【電子期刊&電子書】"
"51096","Surgery Open Science","2589-8450","西文","2019-present","ClinicalKey 【電子期刊&電子書】"
"49767","Surgery Today","0941-1291","西文","1997-present","Springer 【電子期刊】"
"38419","Surgery: Official Journal of the Society of University Surgeons, Central Surgical Association, and the American Association of Endocrine Surgeons","0039-6060","西文","2007/01-present","ClinicalKey 【電子期刊&電子書】"
"49827","Surgical and Experimental Pathology","2520-8454","西文","1/1/2018+","ProQuest 【電子期刊】"
"49769","Surgical and Radiologic Anatomy","0930-1038","西文","1997-present","Springer 【電子期刊】"
"18874","Surgical and radiologic anatomy: SRA","0930-1038","西文","20030401-","MEDLINE電子期刊"
"46641","Surgical and Radiologic Anatomy; SRA","0930-1038","西文","1997.04-present","ProQuest 【電子期刊】"
"49429","Surgical Case Reports","2198-7793","西文","5/1/2019+","ProQuest 【電子期刊】"
"38420","Surgical Clinics of North America, The","0039-6109","西文","2007/02-present","ClinicalKey 【電子期刊&電子書】"
"19191","Surgical endoscopy","0930-2794","西文","20030101-","MEDLINE電子期刊"
"46639","Surgical Endoscopy","0930-2794","西文","2000-present","ProQuest 【電子期刊】"
"49768","Surgical Endoscopy","0930-2794","西文","1997-present","Springer 【電子期刊】"
"37799","Surgical Laparoscopy, Endoscopy & Percutaneous Techniques","1530-4515","西文","1999.04-present","OVID 【電子期刊】"
"48603","Surgical Neurology International","2152-7806","西文","1/1/2011+","ProQuest 【電子期刊】"
"38422","Surgical Oncology","0960-7404","西文","2007/07-present","ClinicalKey 【電子期刊&電子書】"
"38423","Surgical Oncology Clinics of North America","1055-3207","西文","2007/01-present","ClinicalKey 【電子期刊&電子書】"
"38777","Surgical Oncology Insight","2950-2470","西文","2012-present","ClinicalKey 【電子期刊&電子書】"
"38424","Surgical Pathology Clinics","1875-9181","西文","2008/12-present","ClinicalKey 【電子期刊&電子書】"
"47561","Surgical Products","1062-4732","西文","2002-present","ProQuest 【電子期刊】"
"37800","Survey of Anesthesiology","0039-6206","西文","2001-2017","OVID 【電子期刊】"
"38425","Survey of Ophthalmology","0039-6257","西文","2007/01-present","ClinicalKey 【電子期刊&電子書】"
"48118","Sveikatos Politika ir Valdymas","2029-3569","西文","2011-present","ProQuest 【電子期刊】"
"46644","Systematic and Applied Microbiology","0723-2020","西文","2001.11-2005.01","ProQuest 【電子期刊】"
"18936","Systematic biology","1063-5157","西文","19961201-","MEDLINE電子期刊"
"46642","Systematic Biology","1063-5157","西文","1998.09-2007.10","ProQuest 【電子期刊】"
"46643","Systematic Parasitology","0165-5752","西文","1997-present","ProQuest 【電子期刊】"
"46831","Systematic Reviews","2046-4053","西文","2014-present","ProQuest 【電子期刊】"
"46832","Systems and Synthetic Biology","1872-5325","西文","2007-2015","ProQuest 【電子期刊】"
"19329","Systems biology in reproductive medicine","1939-6368","西文","20080101-","MEDLINE電子期刊"
"19226","The South African journal of communication disorders = Die Suid-Afrikaanse tydskrif vir Kommunikasieafwykings","0379-8046","西文","20070101-","MEDLINE電子期刊"
"19205","The surgeon: journal of the Royal Colleges of Surgeons of Edinburgh and Ireland","1479-666X","西文","20030201-20091201","MEDLINE電子期刊"
"19011","TAG. Theoretical and applied genetics. Theoretische und angewandte Genetik","0040-5752","西文","20021201-","MEDLINE電子期刊"
"36059","Taiwan Journal of Oral Medicine & Health Sciences","1560-1587","西文","20000101-20051001","Airiti Library 【華藝中文電子期刊】"
"36058","Taiwan Journal of Oral Medicine Sciences","2072-2486","西文","20060401-20151231","Airiti Library 【華藝中文電子期刊】"
"36060","Taiwan Pharmaceutical Journal","1016-1015","西文","20070601-20091201","Airiti Library 【華藝中文電子期刊】"
"38426","Taiwanese Journal of Obstetrics and Gynecology","1028-4559","西文","2007/03-present","ClinicalKey 【電子期刊&電子書】"
"36061","Taiwanese Journal of Obstetrics ＆ Gynecology","1028-4559","西文","20070201-20091201","Airiti Library 【華藝中文電子期刊】"
"36057","TAIWANIA","0372-333X","西文","19750101-","Airiti Library 【華藝中文電子期刊】"
"19277","Tanzania journal of health research","1821-6404","西文","20080201-","MEDLINE電子期刊"
"46645","Targeted Oncology","1776-2596","西文","2006-present","ProQuest 【電子期刊】"
"49828","Targeted Therapies in Oncology","1539-8226","西文","9/15/2020+","ProQuest 【電子期刊】"
"47680","TDR News","1028-5911","西文","2009-2010","ProQuest 【電子期刊】"
"38796","Technical Innovations & Patient Support in Radiation Oncology","2405-6324","西文","2017-present","ClinicalKey 【電子期刊&電子書】"
"46646","Technical Report Series. National Toxicology Program","0888-8051","西文","2007-present","ProQuest 【電子期刊】"
"38742","Techniques and Innovations in Gastrointestinal Endoscopy","1096-2883","西文","2007-present","ClinicalKey 【電子期刊&電子書】"
"18955","Techniques in coloproctology","1123-6337","西文","20030401-","MEDLINE電子期刊"
"46647","Techniques in Coloproctology","1123-6337","西文","2003.04-present","ProQuest 【電子期刊】"
"37801","Techniques in Foot & Ankle Surgery","1536-0644","西文","2002.09-present","OVID 【電子期刊】"
"37802","Techniques in Hand & Upper Extremity Surgery","1089-3393","西文","1997.03-present","OVID 【電子期刊】"
"37803","Techniques in Orthopaedics","0885-9698","西文","2001.03-present","OVID 【電子期刊】"
"38428","Techniques in Regional Anesthesia and Pain Management","1084-208X","西文","2007/01-2014.10","ClinicalKey 【電子期刊&電子書】"
"37804","Techniques in Shoulder & Elbow Surgery","1523-9896","西文","2000-2020","OVID 【電子期刊】"
"38429","Techniques in Vascular and Interventional Radiology","1089-2516","西文","2007/03-present","ClinicalKey 【電子期刊&電子書】"
"48157","Technology and Culture","0040-165X","西文","1996-present","ProQuest 【電子期刊】"
"18826","Technology and health care: official journal of the European Society for Engineering and Medicine","0928-7329","西文","19970201-","MEDLINE電子期刊"
"49430","Technology in Cancer Research & Treatment","1533-0346","西文","4/1/2016+","ProQuest 【電子期刊】"
"49431","Telehealth and Medicine Today","2471-6960","西文","1/1/2016+","ProQuest 【電子期刊】"
"47562","Telehealth Magazine","1522-354X","西文","1998-1999","ProQuest 【電子期刊】"
"48149","Tennessee Academy of Science. Journal of the Tennessee Academy of Science","0040-313X","西文","2007-present","ProQuest 【電子期刊】"
"18887","Tennessee medicine: journal of the Tennessee Medical Association","1088-6222","西文","20061101-","MEDLINE電子期刊"
"19235","Texas Heart Institute journal","0730-2347","西文","19990901-","MEDLINE電子期刊"
"49432","Texas Nursing","0095-036X","西文","1/1/2018-4/1/2022","ProQuest 【電子期刊】"
"48199","Thai Journal of Veterinary Medicine, The","0125-6491","西文","2011-present","ProQuest 【電子期刊】"
"19282","The Tohoku journal of experimental medicine","0040-8727","西文","20061101-","MEDLINE電子期刊"
"19118","The Turkish journal of pediatrics","0041-4301","西文","20071001-","MEDLINE電子期刊"
"46653","Theoretical and Applied Genetics","0040-5752","西文","1997-present(已延遲 1 年)","ProQuest 【電子期刊】"
"18942","Theoretical biology & medical modelling","","西文","20040101-","MEDLINE電子期刊"
"46652","Theoretical Biology and Medical Modeling","1742-4682","西文","2009-present","ProQuest 【電子期刊】"
"49433","Theoretical Medicine and Bioethics","1386-7415","西文","3/1/1997+","ProQuest 【電子期刊】"
"49434","Theranostics","1838-7640","西文","1/1/2019+","ProQuest 【電子期刊】"
"49435","Therapeutic Advances in Cardiovascular Disease","1753-9447","西文","2/1/2016+","ProQuest 【電子期刊】"
"49436","Therapeutic Advances in Chronic Disease","2040-6223","西文","1/1/2016+","ProQuest 【電子期刊】"
"49437","Therapeutic Advances in Endocrinology and Metabolism","2042-0188","西文","2/1/2016+","ProQuest 【電子期刊】"
"49438","Therapeutic Advances in Gastroenterology","1756-283X","西文","1/1/2017+","ProQuest 【電子期刊】"
"48254","Therapeutic Advances in Gastrointestinal Endoscopy","1179-5522","西文","2008-present","ProQuest 【電子期刊】"
"49440","Therapeutic Advances in Hematology","2040-6207","西文","2/1/2016+","ProQuest 【電子期刊】"
"49441","Therapeutic Advances in Medical Oncology","1758-8340","西文","7/1/2009+","ProQuest 【電子期刊】"
"49442","Therapeutic Advances in Musculoskeletal Disease","1759-720X","西文","10/1/2009+","ProQuest 【電子期刊】"
"49443","Therapeutic Advances in Neurological Disorders","1756-2856","西文","1/1/2016+","ProQuest 【電子期刊】"
"48422","Therapeutic Advances in Ophthalmology","2515-8414","西文","1/1/2009+","ProQuest 【電子期刊】"
"49444","Therapeutic Advances in Psychopharmacology","2045-1253","西文","2/1/2016+","ProQuest 【電子期刊】"
"49445","Therapeutic Advances in Respiratory Disease","1753-4658","西文","10/1/2007+","ProQuest 【電子期刊】"
"49446","Therapeutic Advances in Urology","1756-2872","西文","4/1/2009+","ProQuest 【電子期刊】"
"19319","Therapeutic apheresis and dialysis: official peer-reviewed journal of the International Society for Apheresis, the Japanese Society for Apheresis...","1744-9979","西文","20040601-","MEDLINE電子期刊"
"19025","Therapeutic apheresis: official journal of the International Society for Apheresis and the Japanese Society for Apheresis","1091-6660","西文","19990201-20021201","MEDLINE電子期刊"
"49447","Therapeutic Delivery","2041-5990","西文","1/1/2018-10/1/2020","ProQuest 【電子期刊】"
"37805","Therapeutic Drug Monitoring","0163-4356","西文","1996.02-present","OVID 【電子期刊】"
"47981","Therapeutic Innovation & Regulatory Science","2168-4790","西文","1998-2017","ProQuest 【電子期刊】"
"47564","Therapeutic Recreation Journal","0040-5914","西文","1998-present","ProQuest 【電子期刊】"
"49448","Therapeutics and Clinical Risk Management","1176-6336","西文","1/1/2005+","ProQuest 【電子期刊】"
"18845","Therapeutische Umschau. Revue therapeutique","","西文","20080101-","MEDLINE電子期刊"
"48604","Therapie Familiale","0250-4952","西文","3/1/2007+","ProQuest 【電子期刊】"
"49449","Thoracic Cancer","1759-7706","西文","1/1/2015+","ProQuest 【電子期刊】"
"49450","Thoracic Research and Practice","2979-9139","西文","9/1/2008-5/1/2021","ProQuest 【電子期刊】"
"38430","Thoracic Surgery Clinics","1547-4127","西文","2007/02-present","ClinicalKey 【電子期刊&電子書】"
"46667","Thorax","0040-6376","西文","1997-2003.12","ProQuest 【電子期刊】"
"6943","Thorax(南醫2024年起停訂)","0040-6376","西文","1946-present","南醫單本訂購期刊"
"37215","Thrombosis","2090-1488","西文","20141201-20141201","Airiti Library 【華藝中文電子期刊】"
"47648","Thrombosis Journal [NLM - MEDLINE](2005)","1477-9560","西文","2005","ProQuest 【電子期刊】"
"47647","Thrombosis Journal(2010+)","1477-9560","西文","2010-present","ProQuest 【電子期刊】"
"38431","Thrombosis Research","0049-3848","西文","2007/01-present","ClinicalKey 【電子期刊&電子書】"
"38588","Thrombosis Update","2666-5727","西文","2020-present","ClinicalKey 【電子期刊&電子書】"
"9030","Thyroid","1050-7256","西文","1990-present","其它"
"47565","Thyroid Research","1756-6614","西文","2009-present","ProQuest 【電子期刊】"
"38761","Thyroid Science","2950-3000","西文","2024-present","ClinicalKey 【電子期刊&電子書】"
"49451","Tijdschrift voor Urologie","2211-3037","西文","2/1/2017+","ProQuest 【電子期刊】"
"38432","Tissue and Cell","0040-8166","西文","2007/02-present","ClinicalKey 【電子期刊&電子書】"
"18794","Tissue antigens","0001-2815","西文","19990101-20151201","MEDLINE電子期刊"
"46668","Tissue Engineering","1076-3279","西文","1995.06-2007.12","ProQuest 【電子期刊】"
"46669","Tissue Engineering Part A","1937-3341","西文","2008.01-present","ProQuest 【電子期刊】"
"46670","Tissue Engineering Part B: Reviews","1937-3368","西文","2008.03-present","ProQuest 【電子期刊】"
"46671","Tissue Engineering Part C: Methods","1937-3384","西文","2008.03-present","ProQuest 【電子期刊】"
"48174","Tizard Learning Disability Review","1359-5474","西文","2003-present","ProQuest 【電子期刊】"
"46672","Tobacco Control","0964-4563","西文","2003.09-2003.11","ProQuest 【電子期刊】"
"48190","Tobacco Induced Diseases","1617-9625","西文","2009-present","ProQuest 【電子期刊】"
"47071","Tobacco Use Insights","1179-173X","西文","2008-present","ProQuest 【電子期刊】"
"48350","Today's Parent Pregnancy","1919-6571","西文","1/1/2002-10/1/2005","ProQuest 【電子期刊】"
"46673","Today's Surgical Nurse","1087-1667","西文","1998-1999.05","ProQuest 【電子期刊】"
"37806","Topics in Clinical Nutrition","0883-5691","西文","2002.03-present","OVID 【電子期刊】"
"37807","Topics in Geriatric Rehabilitation","0882-7524","西文","1998.03-present","OVID 【電子期刊】"
"37808","Topics in Language Disorders","0271-8294","西文","2001.11-present","OVID 【電子期刊】"
"37809","Topics in Magnetic Resonance Imaging","0899-3459","西文","2000.02-present","OVID 【電子期刊】"
"37827","Topics in Obstetrics & Gynecology","2380-0216","西文","2016.01-present","OVID 【電子期刊】"
"37810","Topics in Pain Management","0882-5645","西文","2005.01-present","OVID 【電子期刊】"
"47258","Tort Trial & Insurance Practice Law Journal","1543-3234","西文","2007-present","ProQuest 【電子期刊】"
"47916","Total Health","0274-6743","西文","1995-2009","ProQuest 【電子期刊】"
"49452","Total Pharmacy","2767-5408","西文","2/19/2021-11/17/2021","ProQuest 【電子期刊】"
"19372","Toxicological reviews","1176-2551","西文","20030101-20061201","MEDLINE電子期刊"
"38433","Toxicology","0300-483X","西文","2007-present","ClinicalKey 【電子期刊&電子書】"
"46675","Toxicology and Industrial Health","0748-2337","西文","1999-present","ProQuest 【電子期刊】"
"49453","Toxicology Research and Application","2397-8473","西文","1/1/2017+","ProQuest 【電子期刊】"
"46833","Toxins","2072-6651","西文","2009-present","ProQuest 【電子期刊】"
"49454","Traditional Medicine Research","2413-3973","西文","1/1/2016-1/1/2021","ProQuest 【電子期刊】"
"18809","Traffic","1398-9219","西文","20000101-","MEDLINE電子期刊"
"19255","Traffic injury prevention","1538-9588","西文","20030301-","MEDLINE電子期刊"
"47022","Training","0095-5892","西文","1987-present","ProQuest 【電子期刊】"
"48605","Transactional Analysis Journal","0362-1537","西文","1/1/2004+","ProQuest 【電子期刊】"
"19337","Transactions of the American Ophthalmological Society","0065-9533","西文","20081201-","MEDLINE電子期刊"
"36067","Transactions of the Mycological Society of Republic of China","1013-2732","西文","19940901-19940901","Airiti Library 【華藝中文電子期刊】"
"19392","Transboundary and emerging diseases","1865-1674","西文","20080201-","MEDLINE電子期刊"
"38435","Transfusion and Apheresis Science","1473-0502","西文","2007/02-present","ClinicalKey 【電子期刊&電子書】"
"19026","Transfusion medicine","0958-7578","西文","19980301-","MEDLINE電子期刊"
"38434","Transfusion Medicine Reviews","0887-7963","西文","2007/01-present","ClinicalKey 【電子期刊&電子書】"
"6944","Transfusion(南醫2025年起停訂)","0041-1132","西文","1997-present訂購年份:2022-2024(三院共享)","南醫單本訂購期刊"
"47237","Transgender Health","2380-193X","西文","2016-present","ProQuest 【電子期刊】"
"46676","Transgenic Research","0962-8819","西文","1997-present","ProQuest 【電子期刊】"
"48606","Translational Developmental Psychiatry","2001-7022","西文","1/1/2013+","ProQuest 【電子期刊】"
"37841","Translational Journal of the American College of Sports Medicine","2379-2868","西文","2016-present","OVID 【電子期刊】"
"49455","Translational Medicine Communications","2396-832X","西文","1/1/2016+","ProQuest 【電子期刊】"
"47566","Translational Neurodegeneration","2047-9158","西文","2015-present","ProQuest 【電子期刊】"
"37216","Translational Oncogenomics","1177-2727","西文","20121201-20151202","Airiti Library 【華藝中文電子期刊】"
"48400","Translational Oncogenomics","1177-2727","西文","1/1/2006-1/1/2017","ProQuest 【電子期刊】"
"38436","Translational Oncology","1936-5233","西文","2011/02-present","ClinicalKey 【電子期刊&電子書】"
"46834","Translational Psychiatry","2158-3188","西文","2011-present","ProQuest 【電子期刊】"
"38437","Translational Research","1931-5244","西文","2007/01-present","ClinicalKey 【電子期刊&電子書】"
"38783","Translational Research in Anatomy","2214-854X","西文","2015-present","ClinicalKey 【電子期刊&電子書】"
"49456","Translational Research in Oral Oncology","2057-178X","西文","1/1/2016-1/1/2019","ProQuest 【電子期刊】"
"47809","Translational Respiratory Medicine","2213-0802","西文","2013-2015","ProQuest 【電子期刊】"
"49457","Translational Stroke Research","1868-4483","西文","3/1/2010+","ProQuest 【電子期刊】"
"38438","Transplant Immunology","0966-3274","西文","2006/12-present","ClinicalKey 【電子期刊&電子書】"
"19295","Transplant infectious disease: an official journal of the Transplantation Society","1398-2273","西文","19990301-","MEDLINE電子期刊"
"19211","Transplant international: official journal of the European Society for Organ Transplantation","0934-0874","西文","20040501-","MEDLINE電子期刊"
"37811","Transplantation","0041-1337","西文","1996.01-present","OVID 【電子期刊】"
"38557","Transplantation and Cellular Therapy","2666-6367","西文","2021-present","ClinicalKey 【電子期刊&電子書】"
"38439","Transplantation Proceedings","0041-1345","西文","2007/01-present","ClinicalKey 【電子期刊&電子書】"
"38440","Transplantation Reports","2451-9596","西文","2016.10-present","ClinicalKey 【電子期刊&電子書】"
"47865","Transplantation Research","2047-1440","西文","2015-2016","ProQuest 【電子期刊】"
"19212","Transplantation reviews","0082-5948","西文","19690301-19761201","MEDLINE電子期刊"
"38441","Transplantation Reviews","0955-470X","西文","2007/01-present","ClinicalKey 【電子期刊&電子書】"
"48459","Trauma","1460-4086","西文","1/1/1999-10/1/2015","ProQuest 【電子期刊】"
"38521","Trauma Case Reports","2352-6440","西文","2015.01-present","ClinicalKey 【電子期刊&電子書】"
"48460","Trauma Reports","1531-1082","西文","1/1/2008+","ProQuest 【電子期刊】"
"49458","Trauma Surgery & Acute Care Open","2397-5776","西文","5/1/2016+","ProQuest 【電子期刊】"
"47567","Travel Medicine Advisor","1930-0867","西文","2008-2012","ProQuest 【電子期刊】"
"38442","Travel Medicine and Infectious Disease","1477-8939","西文","2007/01-present","ClinicalKey 【電子期刊&電子書】"
"46677","Travel Medicine and Infectious Disease","1477-8939","西文","2003.02-present","ProQuest 【電子期刊】"
"46678","Treatment Strategies; New York","","西文","2004-2011","ProQuest 【電子期刊】"
"18978","Treatments in endocrinology","1175-6349","西文","20030101-20061201","MEDLINE電子期刊"
"19291","TreatmentUpdate","1181-7186","西文","20080801-","MEDLINE電子期刊"
"49459","Tremor and Other Hyperkinetic Movements","2160-8288","西文","1/1/2011+","ProQuest 【電子期刊】"
"19222","Trends in amplification","1084-7138","西文","20040301-20130901","MEDLINE電子期刊"
"38443","Trends in Anaesthesia and Critical Care","2210-8440","西文","2011/02-present","ClinicalKey 【電子期刊&電子書】"
"38444","Trends in Biotechnology","0167-7799","西文","2007/01-present","ClinicalKey 【電子期刊&電子書】"
"46679","Trends in Biotechnology","0167-7799","西文","2002-present","ProQuest 【電子期刊】"
"38445","Trends in Cardiovascular Medicine","1050-1738","西文","2007/01-present","ClinicalKey 【電子期刊&電子書】"
"38446","Trends in Cell Biology","0962-8924","西文","2007/01-present","ClinicalKey 【電子期刊&電子書】"
"38447","Trends in Cognitive Sciences","1364-6613","西文","2007/01-present","ClinicalKey 【電子期刊&電子書】"
"38448","Trends in Endocrinology & Metabolism","1043-2760","西文","2007/01-present","ClinicalKey 【電子期刊&電子書】"
"38449","Trends in Genetics","0168-9525","西文","2007/01-present","ClinicalKey 【電子期刊&電子書】"
"51049","Trends in Hearing","1878-5891","西文","1999-present","其它"
"19223","Trends in hearing","","西文","20130901-20160601","MEDLINE電子期刊"
"49460","Trends in Hearing","2331-2165","西文","1/1/2018+","ProQuest 【電子期刊】"
"38450","Trends in Immunology","1471-4906","西文","2007/01-present","ClinicalKey 【電子期刊&電子書】"
"38451","Trends in Microbiology","0966-842X","西文","2007/01-present","ClinicalKey 【電子期刊&電子書】"
"38452","Trends in Molecular Medicine","1471-4914","西文","2007/01-present","ClinicalKey 【電子期刊&電子書】"
"38453","Trends in Neurosciences","0166-2236","西文","2007/01-present","ClinicalKey 【電子期刊&電子書】"
"38454","Trends in Parasitology","1471-4922","西文","2007/01-present","ClinicalKey 【電子期刊&電子書】"
"38455","Trends in Pharmacological Sciences","0165-6147","西文","2007/01-present","ClinicalKey 【電子期刊&電子書】"
"46768","Trends in psychiatry and psychotherapy; Porto Alegre","2238-0019","西文","2011-2021","ProQuest 【電子期刊】"
"49461","Trends in psychology = Temas em psicologia","2358-1883","西文","3/1/2020+","ProQuest 【電子期刊】"
"49462","Trials","1745-6215","西文","4/1/2000+","ProQuest 【電子期刊】"
"46682","Tropical Animal Health and Production","0049-4747","西文","1999.02-present","ProQuest 【電子期刊】"
"47681","Tropical Diseases, Travel Medicine and Vaccines","2055-0936","西文","2015-present","ProQuest 【電子期刊】"
"49463","Tropical Medicine and Health","1348-8945","西文","1/1/2016+","ProQuest 【電子期刊】"
"49464","Tropical Medicine and Infectious Disease","2414-6366","西文","1/1/2018+","ProQuest 【電子期刊】"
"49465","Tropical Parasitology","2229-5070","西文","7/1/2011-1/1/2023","ProQuest 【電子期刊】"
"46683","Trustee","0041-3674","西文","1988-present","ProQuest 【電子期刊】"
"19215","Trustee: the journal for hospital governing boards","0041-3674","西文","19950101-","MEDLINE電子期刊"
"49466","TSG ; Tijdschrift voor gezondheiswetenschappen","1388-7491","西文","2/1/2019+","ProQuest 【電子期刊】"
"38456","Tuberculosis","1472-9792","西文","2007/01-present","ClinicalKey 【電子期刊&電子書】"
"37217","Tuberculosis Research and Treatment","2090-150X","西文","20141201-20141201","Airiti Library 【華藝中文電子期刊】"
"19250","Tuberkuloz ve toraks","0494-1373","西文","20080901-","MEDLINE電子期刊"
"47917","Tufts University Health & Nutrition Letter","1526-0143","西文","1995-present","ProQuest 【電子期刊】"
"46684","Tumor Biology","1010-4283","西文","1997-2015","ProQuest 【電子期刊】"
"18943","Tumour biology: the journal of the International Society for Oncodevelopmental Biology and Medicine","1010-4283","西文","20050101-20161201","MEDLINE電子期刊"
"47775","Turk Dermatoloji Dergisi","1307-7635","西文","2008-present","ProQuest 【電子期刊】"
"49467","Turk Kardiyoloji Dernegi Arsivi","1016-5169","西文","6/1/2007-12/1/2022","ProQuest 【電子期刊】"
"49468","Turk Noroloji Dergisi","1301-062X","西文","1/1/2018-1/1/2019","ProQuest 【電子期刊】"
"46769","Turk Oftalmoloji Dergisi; Istanbul","1300-0659","西文","2015 - present","ProQuest 【電子期刊】"
"46770","Turk Osteoporoz Dergisi; Istanbul","2146-3816","西文","2015 - present","ProQuest 【電子期刊】"
"46685","Turk Psikiyatri Dergisi","1300-2163","西文","2010.04-present","ProQuest 【電子期刊】"
"19157","Turk psikiyatri dergisi = Turkish journal of psychiatry","1300-2163","西文","20071201-","MEDLINE電子期刊"
"47569","Türk Yogun Bakim Dergisi","2602-2974","西文","2012-present","ProQuest 【電子期刊】"
"47776","Turkderm","","西文","2009-present","ProQuest 【電子期刊】"
"47607","Turkish Journal of Anaesthesiology & Reanimation","","西文","2011-present","ProQuest 【電子期刊】"
"47570","Turkish Journal of Cancer","1019-3103","西文","2002-2009","ProQuest 【電子期刊】"
"49469","Turkish Journal of Colorectal Disease","2536-4898","西文","3/1/2018+","ProQuest 【電子期刊】"
"46771","Turkish Journal of Endocrinology and Metabolism","1301-2193","西文","2015- present","ProQuest 【電子期刊】"
"46772","Turkish Journal of Haematology; Istanbul","1300-7777","西文","2008 - present","ProQuest 【電子期刊】"
"49470","Turkish Journal of Obstetrics and Gynecology","2149-9322","西文","3/1/2018+","ProQuest 【電子期刊】"
"49471","Turkish Journal of Oncology","1300-7467","西文","1/1/2004-1/1/2022","ProQuest 【電子期刊】"
"46686","Turkish Journal of Pediatrics, The","0041-4301","西文","2006-present","ProQuest 【電子期刊】"
"49472","Turkish Journal of Pharmaceutical Sciences","1304-530X","西文","4/1/2018-2/1/2022","ProQuest 【電子期刊】"
"48119","Turkish Journal of Public Health","1304-1096","西文","2010-present","ProQuest 【電子期刊】"
"47821","Turkish Journal of Rheumatology","1309-0291","西文","2008-present","ProQuest 【電子期刊】"
"47866","Turkish Journal of Surgery","","西文","2013-2019","ProQuest 【電子期刊】"
"49473","Turkish Journal of Trauma and Emergency Surgery","1306-696x","西文","1/1/2021+","ProQuest 【電子期刊】"
"46835","Türkiye Klinikleri Biyoistatistik","1308-7894","西文","2009-present","ProQuest 【電子期刊】"
"47752","Turkiye Klinikleri. Dishekimligi Bilimleri Dergisi","1300-7734","西文","2010-present","ProQuest 【電子期刊】"
"47571","Türkiye Klinikleri. Tip Bilimleri Dergisi","1300-0292","西文","2010-present","ProQuest 【電子期刊】"
"49829","Türkiye Parazitolojii Dergisi","1300-6320","西文","3/1/2011+","ProQuest 【電子期刊】"
"19341","Turkiye parazitolojii dergisi / Turkiye Parazitoloji Dernegi = Acta parasitologica Turcica / Turkish Society for Parasitology","1300-6320","西文","20080901-","MEDLINE電子期刊"
"49474","TWiV: This Week in Virology [BLOG]","","西文","7/29/2018+","ProQuest 【電子期刊】"
"49905","Tzu Chi Medical & Nursing Care","","西文","20160101-present","Airiti Library 【華藝中文電子期刊】"
"37218","Tzu Chi Medical Care","","西文","20100801-20160701","Airiti Library 【華藝中文電子期刊】"
"49906","Tzu Chi Nursing Journal","","西文","20100501-20150501","Airiti Library 【華藝中文電子期刊】"
"46700","WHO Technical Report Series","0512-3054","西文","2009-present","ProQuest 【電子期刊】"
"49599","Die Unfallchirurgie","2731-7021","西文","1997-present","Springer 【電子期刊】"
"45726","Die Urologie","0340-2592","西文","1997-present (已延遲 1 年)","ProQuest 【電子期刊】"
"49600","Die Urologie","2731-7064","西文","1997-present","Springer 【電子期刊】"
"19283","The Ulster medical journal","0041-6193","西文","20080101-","MEDLINE電子期刊"
"48613","The Ultrasound Journal","2036-3176","西文","2009-present","ProQuest 【電子期刊】"
"48120","U.S. Food & Drug Administration Documents / FIND","","西文","2005-present","ProQuest 【電子期刊】"
"37219","ULCERS","2090-1526","西文","20141201-20141201","Airiti Library 【華藝中文電子期刊】"
"38457","Ultrasound in Medicine & Biology","0301-5629","西文","2007/01-present","ClinicalKey 【電子期刊&電子書】"
"37812","Ultrasound Quarterly","0894-8771","西文","2001.03-present","OVID 【電子期刊】"
"48628","Ultrasound Review of Obstetrics and Gynecology","1472-2240","西文","3/1/2003-9/1/2006","ProQuest 【電子期刊】"
"19112","Ultrastructural pathology","0191-3123","西文","19990101-","MEDLINE電子期刊"
"49475","Ulusal Romatoloji Dergisi","2651-2653","西文","6/1/2009+","ProQuest 【電子期刊】"
"49476","Umraniye Pediatri Dergisi","2757-7074","西文","1/1/2021-1/1/2021","ProQuest 【電子期刊】"
"46687","Undersea & Hyperbaric Medicine","1066-2936","西文","1998-2012.11","ProQuest 【電子期刊】"
"6732","Undersea and Hyperbaric Medicine (需帳密,請見簡介)","1066-2936","西文","2015.01-2025.12","彰秀單本期刊"
"49477","United European Gastroenterology Journal","2050-6406","西文","2/1/2021+","ProQuest 【電子期刊】"
"47753","Universitas Odontologica","0120-4319","西文","2011-present","ProQuest 【電子期刊】"
"49775","Updates in Surgery","2038-131X","西文","2010-present","Springer 【電子期刊】"
"49478","Upsala Journal of Medical Sciences","0300-9734","西文","3/1/2011+","ProQuest 【電子期刊】"
"47890","Uro - Gram","1074-8687","西文","2007-present","ProQuest 【電子期刊】"
"49776","Uro-News","1432-9026","西文","2014.11-present","Springer 【電子期刊】"
"19377","Urolithiasis","2194-7228","西文","20130201-","MEDLINE電子期刊"
"46688","Urolithiasis","2194-7228","西文","1997-present","ProQuest 【電子期刊】"
"49777","Urolithiasis","2194-7228","西文","1997-present","Springer 【電子期刊】"
"19378","Urologia internationalis","0042-1138","西文","19980101-","MEDLINE電子期刊"
"38458","Urologic Clinics of North America","0094-0143","西文","2007/02-present","ClinicalKey 【電子期刊&電子書】"
"46689","Urologic Nursing","1053-816X","西文","1998.06-present","ProQuest 【電子期刊】"
"38459","Urologic Oncology: Seminars and Original Investigations","1078-1439","西文","2007/01-present","ClinicalKey 【電子期刊&電子書】"
"19379","Urological research","0300-5623","西文","20000201-20111201","MEDLINE電子期刊"
"49479","Urologists in Cancer Care","2767-4029","西文","9/10/2020-12/7/2021","ProQuest 【電子期刊】"
"38460","Urology","0090-4295","西文","2007/01-present","ClinicalKey 【電子期刊&電子書】"
"47891","Urology Annals","0974-7796","西文","2009-present","ProQuest 【電子期刊】"
"38461","Urology Case Reports","2214-4420","西文","2013/12-present","ClinicalKey 【電子期刊&電子書】"
"46690","Urology Journal","1735-1308","西文","2010.01-present","ProQuest 【電子期刊】"
"47889","Urology Research & Practice","","西文","2009-present","ProQuest 【電子期刊】"
"47892","Urology Times","0093-9722","西文","1998-present","ProQuest 【電子期刊】"
"38589","Urology Video Journal","2590-0897","西文","2019-present","ClinicalKey 【電子期刊&電子書】"
"47893","Uroonkoloji Buelteni = Bulletin of Urooncology","2147-2270","西文","2016-present","ProQuest 【電子期刊】"
"38463","Vaccine","0264-410X","西文","2007-present","ClinicalKey 【電子期刊&電子書】"
"46691","Vaccine","0264-410X","西文","2010-present","ProQuest 【電子期刊】"
"38464","Value in Health","1098-3015","西文","2007/01-present","ClinicalKey 【電子期刊&電子書】"
"19019","Value in health: the journal of the International Society for Pharmacoeconomics and Outcomes Research","1098-3015","西文","20010101-20101201","MEDLINE電子期刊"
"19239","Vascular","1708-5381","西文","20040501-20150601","MEDLINE電子期刊"
"19206","Vascular and endovascular surgery","1538-5744","西文","20020101-","MEDLINE電子期刊"
"46693","Vascular and Endovascular Surgery","1538-5744","西文","1998.09-2005.03","ProQuest 【電子期刊】"
"48401","Vascular Cell","2045-824X","西文","1/1/2009-1/1/2016","ProQuest 【電子期刊】"
"51730","Vascular Diseases","3050-6581","西文","2025-present","ClinicalKey 【電子期刊&電子書】"
"49480","Vascular Health and Risk Management","1176-6344","西文","1/1/2005+","ProQuest 【電子期刊】"
"46692","Vascular Medicine","1358-863X","西文","1998.02-present","ProQuest 【電子期刊】"
"38465","Vascular Pharmacology","1537-1891","西文","2007/01-present","ClinicalKey 【電子期刊&電子書】"
"18953","Vascular surgery","0042-2835","西文","19670401-20011201","MEDLINE電子期刊"
"47918","Vegetarian Times","0164-8497","西文","1997-2016","ProQuest 【電子期刊】"
"47572","Verdauungskrankheiten","0174-738X","西文","2016-present","ProQuest 【電子期刊】"
"48200","Veterinary Medicine","8750-7943","西文","2002-2015","ProQuest 【電子期刊】"
"37377","Veterinary Medicine International","2090-8113","西文","20101201-20171201","Airiti Library 【華藝中文電子期刊】"
"48201","Veterinary Record Case Reports","2052-6121","西文","2013-present","ProQuest 【電子期刊】"
"48202","Veterinary Record Open","2052-6113","西文","2014-present","ProQuest 【電子期刊】"
"48203","Veterinary Record, The","0042-4900","西文","1996-present","ProQuest 【電子期刊】"
"46773","Veterinary Research","0928-4249","西文","2015-present","ProQuest 【電子期刊】"
"48204","Veterinary Research Communications","0165-7380","西文","1999-present","ProQuest 【電子期刊】"
"38743","Video Journal and Encyclopedia of GI Endoscopy","2212-0971","西文","2013-2014","ClinicalKey 【電子期刊&電子書】"
"38524","VideoGIE","2468-4481","西文","2016-present","ClinicalKey 【電子期刊&電子書】"
"49481","View","2688-268X","西文","6/1/2020+","ProQuest 【電子期刊】"
"46694","Violence and Victims","0886-6708","西文","1986.04-present","ProQuest 【電子期刊】"
"47682","Viral Hepatit Dergisis","1307-9441","西文","2009-present","ProQuest 【電子期刊】"
"46695","Viral Immunology","0882-8245","西文","2000.09-present","ProQuest 【電子期刊】"
"46696","Virchows Archiv","0945-6317","西文","2003-present","ProQuest 【電子期刊】"
"49778","Virchows Archiv","0945-6317","西文","1997-present","Springer 【電子期刊】"
"38466","Virology","0042-6822","西文","2007-present","ClinicalKey 【電子期刊&電子書】"
"49482","Virology Blog","","西文","5/2/2018+","ProQuest 【電子期刊】"
"19216","Virology journal","","西文","20040101-","MEDLINE電子期刊"
"46697","Virology Journal","1743-422X","西文","2009-present","ProQuest 【電子期刊】"
"37220","Virology: Research and Treatment","1178-122X","西文","20131201-20151201","Airiti Library 【華藝中文電子期刊】"
"46698","Virus Genes","0920-8569","西文","1999-present","ProQuest 【電子期刊】"
"49483","VirusDisease","2347-3584","西文","6/1/2010+","ProQuest 【電子期刊】"
"46950","Viruses","1999-4915","西文","2009-present","ProQuest 【電子期刊】"
"48423","Vision Pan-America","2219-4665","西文","1/1/2012+","ProQuest 【電子期刊】"
"38467","Visual Journal of Emergency Medicine","2405-4690","西文","2015.02-present","ClinicalKey 【電子期刊&電子書】"
"46699","Visual Neuroscience","0952-5238","西文","2001-present","ProQuest 【電子期刊】"
"49484","Visualized Cancer Medicine","2740-4218","西文","1/1/2020+","ProQuest 【電子期刊】"
"47754","Vital","1741-7503","西文","2003-2013","ProQuest 【電子期刊】"
"19351","Vital & health statistics. Series 3, Analytical and epidemiological studies /","0886-4691","西文","20070201-20160201","MEDLINE電子期刊"
"19352","Vital & health statistics. Series 5, Comparative international vital and health statistics reports","0892-8959","西文","20030601-20030601","MEDLINE電子期刊"
"19353","Vital and health statistics. Ser. 1, Programs and collection procedures","0083-2014","西文","20070301-","MEDLINE電子期刊"
"19354","Vital and health statistics. Ser. 4, Documents and committee reports","0083-2073","西文","20020701-20020701","MEDLINE電子期刊"
"19355","Vital and health statistics. Series 10, Data from the National Health Survey","0083-1972","西文","20080101-20140201","MEDLINE電子期刊"
"19356","Vital and health statistics. Series 11, Data from the National Health Survey","0083-1980","西文","20070401-20130801","MEDLINE電子期刊"
"19357","Vital and health statistics. Series 13, Data from the National Health Survey","0083-2006","西文","20071201-20110401","MEDLINE電子期刊"
"19358","Vital and health statistics. Series 2, Data evaluation and methods research","0083-2057","西文","20080101-","MEDLINE電子期刊"
"19359","Vital and health statistics. Series 20, Data from the National Vital Statistics System","0083-2022","西文","20070301-20070301","MEDLINE電子期刊"
"19360","Vital and health statistics. Series 23, Data from the National Survey of Family Growth","0278-5234","西文","20060501-20111001","MEDLINE電子期刊"
"47255","Vital Speeches of the Day","0042-742X","西文","1995-2017","ProQuest 【電子期刊】"
"19261","Vojnosanitetski pregled","0042-8450","西文","20020101-","MEDLINE電子期刊"
"19027","Vox sanguinis","0042-9007","西文","20010101-","MEDLINE電子期刊"
"19284","The West Indian medical journal","0043-3144","西文","20080901-20161201","MEDLINE電子期刊"
"48150","Washington Academy of Sciences. Journal of the Washington Academy of Sciences","0043-0439","西文","2011-present","ProQuest 【電子期刊】"
"46701","Water Environment Research","1061-4303","西文","1997-2012.04","ProQuest 【電子期刊】"
"47112","Water Science and Technology","0273-1223","西文","1982-present","ProQuest 【電子期刊】"
"47113","Water, Air and Soil Pollution","0049-6979","西文","1997-present","ProQuest 【電子期刊】"
"46702","Weekly Epidemiological Record","0049-8114","西文","1998-present","ProQuest 【電子期刊】"
"47573","Wellcome Open Research","2398-502X","西文","2016-2020","ProQuest 【電子期刊】"
"19285","West African journal of medicine","0189-160X","西文","20080101-20110901","MEDLINE電子期刊"
"49485","Western Journal of Emergency Medicine, The","1936-900X","西文","1/1/2019+","ProQuest 【電子期刊】"
"47574","Western Journal of Medicine, The","0093-0415","西文","1974-2002","ProQuest 【電子期刊】"
"38687","WFUMB Ultrasound Open","2949-6683","西文","2023-present","ClinicalKey 【電子期刊&電子書】"
"47223","What's New","1098-9544","西文","1998-2004","ProQuest 【電子期刊】"
"47867","Wideochirurgia i Inne Techniki Malo Inwazyjne","1895-4588","西文","2006-present","ProQuest 【電子期刊】"
"49780","Wiener klinische Wochenschrift","0043-5325","西文","2003-present","Springer 【電子期刊】"
"49781","Wiener klinisches Magazin","1869-1757","西文","2009-present","Springer 【電子期刊】"
"49779","Wiener Medizinische Wochenschrift","0043-5341","西文","2003-present","Springer 【電子期刊】"
"38468","Wilderness & Environmental Medicine","1080-6032","西文","2007-present","ClinicalKey 【電子期刊&電子書】"
"46703","Wilderness & Environmental Medicine","1080-6032","西文","2005-2011","ProQuest 【電子期刊】"
"36068","Wildlife Biology","0909-6396","西文","20050301-20081201","Airiti Library 【華藝中文電子期刊】"
"18842","WMJ: official publication of the State Medical Society of Wisconsin","1098-1861","西文","20070401-","MEDLINE電子期刊"
"48214","Women in Sport & Physical Activity Journal","1063-6161","西文","1992-2012","ProQuest 【電子期刊】"
"46704","Women's Health","1745-5057","西文","2005-present","ProQuest 【電子期刊】"
"48212","Women's Health Activist, The","1547-8823","西文","1997-present","ProQuest 【電子期刊】"
"38469","Women's Health Issues","1049-3867","西文","2007/01-present","ClinicalKey 【電子期刊&電子書】"
"49486","Women's Midlife Health","2054-2690","西文","1/1/2015+","ProQuest 【電子期刊】"
"48402","Women's Oncology Review","1473-3404","西文","2003-2006","ProQuest 【電子期刊】"
"48175","Working With Older People","1366-3666","西文","2003-present","ProQuest 【電子期刊】"
"46705","Workplace Health & Safety","2165-0799","西文","1969-present","ProQuest 【電子期刊】"
"38807","World Allergy Organization Journal","1939-4551","西文","2012-present","ClinicalKey 【電子期刊&電子書】"
"47599","World Allergy Organization Journal","1939-4551","西文","2015-present","ProQuest 【電子期刊】"
"48122","World Health","0043-8502","西文","1988-1998","ProQuest 【電子期刊】"
"48123","World Health Forum","0251-2432","西文","1998","ProQuest 【電子期刊】"
"46706","World Health Organization. Bulletin of the World Health Organization","0042-9686","西文","1996-present","ProQuest 【電子期刊】"
"48124","World Health Report : Report of the Director-General, The","1020-3311","西文","2008-2013","ProQuest 【電子期刊】"
"48127","World Health Statistics Quarterly","0379-8070","西文","1998","ProQuest 【電子期刊】"
"47649","World Heart Journal","1556-4002","西文","2011-present","ProQuest 【電子期刊】"
"49487","World Journal of Acupuncture - Moxibustion","1003-5257","西文","1/1/2024+","ProQuest 【電子期刊】"
"47577","World Journal of Emergency Medicine","1920-8642","西文","2010-present","ProQuest 【電子期刊】"
"47868","World Journal of Emergency Surgery","1749-7922","西文","2009-present","ProQuest 【電子期刊】"
"46707","World Journal of Microbiology and Biotechnology","0959-3993","西文","1997-present","ProQuest 【電子期刊】"
"49488","World Journal of Nuclear Medicine","1450-1147","西文","7/1/2011-10/1/2021","ProQuest 【電子期刊】"
"49489","World Journal of Pediatric Surgery","2516-5410","西文","6/1/2018+","ProQuest 【電子期刊】"
"49803","World Journal of Pediatrics","1708-8569","西文","2008-present","Springer 【電子期刊】"
"19207","World journal of surgery","0364-2313","西文","20030401-","MEDLINE電子期刊"
"46708","World Journal of Surgery","0364-2313","西文","1997-present","ProQuest 【電子期刊】"
"46709","World Journal of Surgical Oncology","1477-7819","西文","2009-present","ProQuest 【電子期刊】"
"19380","World journal of urology","0724-4983","西文","20000201-","MEDLINE電子期刊"
"46710","World Journal of Urology","0724-4983","西文","1997-present(已延遲 1 年)","ProQuest 【電子期刊】"
"49783","World Journal of Urology","0724-4983","西文","1997-present","Springer 【電子期刊】"
"37369","World Journal of Veterinary Science","2310-0796","西文","20141101-20151201","Airiti Library 【華藝中文電子期刊】"
"38470","World Neurosurgery","1878-8750","西文","2010/01-present","ClinicalKey 【電子期刊&電子書】"
"37344","World Scientific Research Journal","2472-3703","西文","20190701-20231001","Airiti Library 【華藝中文電子期刊】"
"46784","World's Poultry Science Journal","0043-9339","西文","2001-present","ProQuest 【電子期刊】"
"49490","Wound Healing Southern Africa","1998-8885","西文","6/1/2016+","ProQuest 【電子期刊】"
"18805","Wound repair and regeneration: official publication of the Wound Healing Society","1067-1927","西文","19990101-","MEDLINE電子期刊"
"48403","Wspólczesna Onkologia","1428-2526","西文","1999-present","ProQuest 【電子期刊】"
"18810","Xenobiotica; the fate of foreign compounds in biological systems","0049-8254","西文","19970101-","MEDLINE電子期刊"
"19213","Xenotransplantation","0908-665X","西文","19990101-","MEDLINE電子期刊"
"47578","Xi'an jiao tong da xue xue bao. Yi xue ban","1671-8259","西文","2002-present","ProQuest 【電子期刊】"
"49491","Yale Journal of Biology and Medicine, The","0044-0086","西文","1/1/2002+","ProQuest 【電子期刊】"
"46727","Year in Therapeutics, The","1745-848X","西文","2005.03-2005.03","ProQuest 【電子期刊】"
"18881","Ying yong sheng tai xue bao = The journal of applied ecology / Zhongguo sheng tai xue xue hui, Zhongguo ke xue yuan Shenyang ying yong sheng tai yan...","1001-9332","西文","20080901-","MEDLINE電子期刊"
"19286","Yonsei medical journal","0513-5796","西文","20071201-","MEDLINE電子期刊"
"49492","Zdravniski Vestnik","1318-0347","西文","1/1/2004-1/1/2020","ProQuest 【電子期刊】"
"48125","Zdravstveno Varstvo","0351-0026","西文","2010-present","ProQuest 【電子期刊】"
"49784","Zeitschrift für Gerontologie und Geriatrie","0948-6704","西文","1998-present","Springer 【電子期刊】"
"49785","Zeitschrift für Herz-,Thorax- und Gefäßchirurgie","0930-9225","西文","1997-present","Springer 【電子期刊】"
"49786","Zeitschrift für Rheumatologie","0340-1855","西文","1997-present","Springer 【電子期刊】"
"49493","Zeitschrift für Herz-,Thorax- und Gefäßchirurgie","0930-9225","西文","1/1/1997+","ProQuest 【電子期刊】"
"49596","Zeitschrift für Pneumologie","1613-5636","西文","2004-present","Springer 【電子期刊】"
"49494","Zeitschrift für Pneumologie","1613-5636","西文","9/1/2004+","ProQuest 【電子期刊】"
"19126","Zhongguo xiu fu chong jian wai ke za zhi = Zhongguo xiufu chongjian waike zazhi = Chinese journal of reparative and reconstructive surgery","1002-1892","西文","20090101-","MEDLINE電子期刊"
"46967","Zoological Research","0254-5853","西文","2013-present","ProQuest 【電子期刊】"
"36074","Zoological Studies","1021-5506","西文","20090101-20121201","Airiti Library 【華藝中文電子期刊】"
"19361","Zoonoses and public health","1863-1959","西文","20070201-","MEDLINE電子期刊"
"46729","Zygote","0967-1994","西文","2001-present","ProQuest 【電子期刊】"
"49505","ästhetische dermatologie & kosmetologie","1867-481X","西文","2012-present","Springer 【電子期刊】"
"51141","(Insight): Supporting Imaging and Radiotherapy Practice","2752-9762","西文","3/1/2000-6/1/2020","ProQuest 【電子期刊】"
"48811","Çocuk ve Gençlik Ruh Sağlığı Dergisi = Turkish Journal of Child and Adolescent Health","1301-3904","西文","7/1/2019-3/1/2022","ProQuest 【電子期刊】"
"49068","İstanbul Gelişim Üniversitesi Sağlık Bilimleri Dergisi","2536-4499","西文","4/1/2018-4/1/2019","ProQuest 【電子期刊】"
"49410","Şişli Etfal Hastanesi Tip Bülteni","1302-7123","西文","1/1/2014+","ProQuest 【電子期刊】"
"32069","卫生研究","1000-8020","中文","1999-","萬方醫學網"
"32067","卫生经济研究","1004-7778","中文","2001-","萬方醫學網"
"32070","卫生职业教育","1671-1246","中文","2001-","萬方醫學網"
"32068","卫生软科学","1003-2800","中文","2001-","萬方醫學網"
"32106","广东医学","1001-9448","中文","1999-","萬方醫學網"
"32107","广东医科大学学报","1005-4057","中文","1990-","萬方醫學網"
"32110","广东微量元素科学","1006-446X","中文","1999-2017","萬方醫學網"
"32108","广东畜牧兽医科技","1005-8567","中文","2001-","萬方醫學網"
"32109","广东药科大学学报","1006-8783","中文","2000-","萬方醫學網"
"32111","广州中医药大学学报","1007-3213","中文","1999-","萬方醫學網"
"32112","广州医科大学学报","2095-9664","中文","1999-","萬方醫學網"
"32113","广州医药","1000-8535","中文","1999-","萬方醫學網"
"32114","广西中医药","1003-0719","中文","1999-","萬方醫學網"
"32115","广西中医药大学学报","2095-4441","中文","1998-","萬方醫學網"
"32116","广西医学","0253-4304","中文","1990-","萬方醫學網"
"32117","广西医科大学学报","1005-930X","中文","1998-","萬方醫學網"
"32119","广西植物","1000-3142","中文","1999-","萬方醫學網"
"32118","广西畜牧兽医","1002-5235","中文","1999-","萬方醫學網"
"32572","内科","1673-7768","中文","2006-","萬方醫學網"
"32573","内科急危重症杂志","1007-1024","中文","1999-","萬方醫學網"
"32574","内科理论与实践","1673-6087","中文","2006-","萬方醫學網"
"32575","内蒙古中医药","1006-0979","中文","2001-","萬方醫學網"
"32576","内蒙古医学杂志","1004-0951","中文","1991-","萬方醫學網"
"32577","内蒙古医科大学学报","2095-512X","中文","2001-","萬方醫學網"
"32582","双足与保健","1004-6569","中文","2000-2019","萬方醫學網"
"32592","开卷有益（求医问药）","1007-2950","中文","2001-","萬方醫學網"
"32716","长春中医药大学学报","2095-6258","中文","1994-","萬方醫學網"
"32715","长治医学院学报","1006-0588","中文","2001-","萬方醫學網"
"32619","风湿病与关节炎","2095-4174","中文","2012-","萬方醫學網"
"32638","东南国防医药","1672-271X","中文","2001-","萬方醫學網"
"32637","东南大学学报（医学版）","1671-6264","中文","1983-","萬方醫學網"
"32636","东方食疗与保健","","中文","2008-2018","萬方醫學網"
"32639","兰州大学学报（医学版）","1000-2812","中文","1989-","萬方醫學網"
"32652","发育医学电子杂志","2095-5340","中文","2013-","萬方醫學網"
"32717","鸟类学研究（英文版）","2055-6187","西文","2010-","萬方醫學網"
"32719","亚太传统医药","1673-2197","中文","2007-","萬方醫學網"
"32721","亚太热带医药杂志（英文版）","1995-7645","西文","2008-","萬方醫學網"
"32720","亚太热带生物医学杂志（英文版）","2221-1691","西文","2011-","萬方醫學網"
"32722","亚太热带病杂志（英文版）","2222-1808","西文","2017-2017","萬方醫學網"
"32718","亚太生殖杂志（英文版）","2305-0500","西文","2012-","萬方醫學網"
"32723","亚洲两栖爬行动物研究（英文版）","2095-0357","西文","2010-","萬方醫學網"
"32724","亚洲男性学杂志（英文版）","1008-682X","西文","2001-","萬方醫學網"
"32725","亚洲药物制剂科学(英文版)","1818-0876","西文","2021-2022","萬方醫學網"
"32728","传染病信息","1007-8134","中文","2001-","萬方醫學網"
"32729","传统医学研究（英文版）","2413-3973","西文","2016-","萬方醫學網"
"32730","伤害医学（电子版）","2095-1566","中文","2012-","萬方醫學網"
"32736","军事医学","1674-9960","中文","2000-","萬方醫學網"
"32737","军事医学研究（英文）","2095-7467","西文","2014-","萬方醫學網"
"32738","军事护理","2097-1826","中文","2000-","萬方醫學網"
"32739","农垦医学","1008-1127","中文","2001-","萬方醫學網"
"32740","创伤与急危重病医学","2095-5561","中文","2013-","萬方醫學網"
"32741","创伤与急诊电子杂志","2095-5316","中文","2013-","萬方醫學網"
"32742","创伤外科杂志","1009-4237","中文","2000-","萬方醫學網"
"32743","创新光学健康科学杂志（英文）","1793-5458","西文","2019-2022","萬方醫學網"
"32744","动物分类学报","2095-6827","中文","1998-","萬方醫學網"
"32745","动物医学进展","1007-5038","中文","2001-","萬方醫學網"
"32747","动物学报（英文版）","1674-5507","西文","1997-2022","萬方醫學網"
"32746","动物学杂志","0250-3263","中文","1998-","萬方醫學網"
"32748","动物学研究","2095-8137","中文","1999-2022","萬方醫學網"
"32750","动物模型与实验医学（英文）","2096-5451","西文","2018-","萬方醫學網"
"32749","动物营养学报","1006-267X","中文","2001-","萬方醫學網"
"32753","华东昆虫学报","1005-1694","中文","2001-2011","萬方醫學網"
"32751","华中医学杂志","1007-5534","中文","2000-2009","萬方醫學網"
"32752","华中科技大学学报（医学版）","1672-0741","中文","1999-","萬方醫學網"
"32754","华北理工大学学报（医学版）","2095-2694","中文","2001-","萬方醫學網"
"32758","华南预防医学","1671-5039","中文","2001-","萬方醫學網"
"32759","华夏医学","1008-2409","中文","1988-","萬方醫學網"
"32756","华西医学","1002-0179","中文","1986-","萬方醫學網"
"32755","华西口腔医学杂志","1000-1182","中文","1999-","萬方醫學網"
"32757","华西药学杂志","1006-0103","中文","1999-","萬方醫學網"
"32760","协和医学杂志","1674-9081","中文","2010-","萬方醫學網"
"32770","妇产与遗传（电子版）","2095-1558","中文","2011-","萬方醫學網"
"32771","妇产科临床医学（英文）","2097-0597","西文","2021-","萬方醫學網"
"32769","妇儿健康导刊","2097-115X","中文","2019-","萬方醫學網"
"32784","当代临床医刊","2095-9559","中文","2015-","萬方醫學網"
"32778","当代医学","1009-4393","中文","2001-2022","萬方醫學網"
"32779","当代医学科学(英文)","2096-5230","西文","2000-","萬方醫學網"
"32780","当代医药论丛","2095-7629","中文","2014-","萬方醫學網"
"32781","当代护士","1006-6411","中文","2001-","萬方醫學網"
"32782","当代护士（下旬刊）","1006-6411","中文","2008-2022","萬方醫學網"
"32783","当代护士（中旬刊）","1006-6411","中文","2001-2022","萬方醫學網"
"32816","辽宁中医杂志","1000-1719","中文","1998-","萬方醫學網"
"32817","辽宁中医药大学学报","1673-842X","中文","2001-","萬方醫學網"
"32818","辽宁医学杂志","1001-1722","中文","2001-","萬方醫學網"
"32820","齐鲁医学杂志","1008-0341","中文","1994-2017","萬方醫學網"
"32821","齐鲁护理杂志","1006-7256","中文","2001-","萬方醫學網"
"32819","齐齐哈尔医学院学报","1002-1256","中文","1996-","萬方醫學網"
"32831","医学与哲学","1002-0772","中文","1997-","萬方醫學網"
"32829","医学与法学","1674-7526","中文","2009-","萬方醫學網"
"32830","医学与社会","1006-5563","中文","2000-","萬方醫學網"
"32834","医学临床研究","1671-7171","中文","1989-","萬方醫學網"
"32835","医学信息","1006-1959","中文","2000-","萬方醫學網"
"32838","医学信息学杂志","1673-6036","中文","1998-","萬方醫學網"
"32836","医学信息（下旬刊）","1006-1959","中文","2009-2013","萬方醫學網"
"32837","医学信息（中旬刊）","1006-1959","中文","2006-2011","萬方醫學網"
"32832","医学分子生物学杂志","1672-8009","中文","2001-","萬方醫學網"
"32833","医学动物防制","1003-6245","中文","2001-","萬方醫學網"
"32856","医学影像学杂志","1006-9011","中文","2000-","萬方醫學網"
"32850","医学教育研究与实践","2096-3181","中文","2000-","萬方醫學網"
"32851","医学教育管理","2096-045X","中文","2015-","萬方醫學網"
"32855","医学新知","1004-5511","中文","1999-","萬方醫學網"
"32852","医学检验与临床","1673-5013","中文","2000-","萬方醫學網"
"32853","医学理论与实践","1001-7585","中文","2001-","萬方醫學網"
"32839","医学研究与教育","1674-490X","中文","2001-","萬方醫學網"
"32841","医学研究杂志","1673-548X","中文","1989-","萬方醫學網"
"32840","医学研究生学报","1008-8199","中文","1988-","萬方醫學網"
"32854","医学综述","1006-2084","中文","1995-2022","萬方醫學網"
"32842","医学美学美容","1004-4949","中文","2018-","萬方醫學網"
"32843","医学美学美容（中旬刊）","1004-4949","中文","2012-2015","萬方醫學網"
"32848","医学美学美容（瘦佳人）","1004-4949","中文","2010-2011","萬方醫學網"
"32845","医学美学美容（美容师）","1004-4949","中文","2001-2007","萬方醫學網"
"32846","医学美学美容（美颜志）","1004-4949","中文","2000-2010","萬方醫學網"
"32847","医学美学美容（蜜）","1004-4949","中文","2011-2016","萬方醫學網"
"32844","医学美学美容（财智）","1004-4949","中文","2004-2015","萬方醫學網"
"32849","医学食疗与健康","2096-5249","中文","2018-2022","萬方醫學網"
"32826","医师在线","2095-7165","中文","2016-","萬方醫學網"
"32824","医用气体工程","2096-2525","中文","2017-2018","萬方醫學網"
"32825","医用生物力学","1004-7220","中文","2000-","萬方醫學網"
"32827","医疗卫生装备","1003-8868","中文","2000-","萬方醫學網"
"32828","医疗装备","1002-2376","中文","2000-","萬方醫學網"
"32859","医药世界","1008-6919","中文","2000-2009","萬方醫學網"
"32862","医药前沿","2095-1752","中文","2011-","萬方醫學網"
"32860","医药导报","1004-0781","中文","1982-","萬方醫學網"
"32861","医药论坛杂志","1672-3422","中文","2003-","萬方醫學網"
"32863","医药高职教育与现代护理","2096-501X","中文","2001-","萬方醫學網"
"32858","医院管理论坛","1671-9069","中文","2002-","萬方醫學網"
"32857","医院院长论坛","1673-1700","中文","2006-2015","萬方醫學網"
"32866","应用与环境生物学报","1006-687X","中文","1999-","萬方醫學網"
"32867","应用心理学","1006-6020","中文","2001-","萬方醫學網"
"32869","应用昆虫学报","2095-1353","中文","1997-2021","萬方醫學網"
"32868","应用生态学报","1001-9332","中文","1999-","萬方醫學網"
"32870","应用预防医学","1673-758X","中文","1999-","萬方醫學網"
"32873","护士进修杂志","1002-6975","中文","2000-","萬方醫學網"
"32874","护理与康复","1671-9875","中文","2002-","萬方醫學網"
"32878","护理前沿（英文）","2095-7718","西文","2014-","萬方醫學網"
"32876","护理学报","1008-9969","中文","2000-","萬方醫學網"
"32875","护理学杂志","1001-4152","中文","1998-","萬方醫學網"
"32877","护理实践与研究","1672-9676","中文","2004-","萬方醫學網"
"32879","护理研究","1009-6493","中文","1989-","萬方醫學網"
"32880","护理管理杂志","1671-315X","中文","2001-","萬方醫學網"
"32881","时珍国医国药","1008-0805","中文","1990-","萬方醫學網"
"32887","灾害医学与救援（电子版）","2095-3496","中文","2012-2018","萬方醫學網"
"32900","肠外与肠内营养","1007-810X","中文","1999-","萬方醫學網"
"32901","诊断学理论与实践","1671-2870","中文","2002-","萬方醫學網"
"32902","诊断病理学杂志","1007-8096","中文","2000-","萬方醫學網"
"32907","针刺研究","1000-0607","中文","1994-","萬方醫學網"
"32905","针灸临床杂志","1005-0779","中文","1993-","萬方醫學網"
"32904","针灸和草药（英文）","","西文","2021-","萬方醫學網"
"32906","针灸推拿医学（英文版）","1672-3597","西文","2003-","萬方醫學網"
"32908","饮食保健","2095-8439","中文","2015-","萬方醫學網"
"32913","国医论坛","1002-1078","中文","2001-","萬方醫學網"
"32911","国外医学（医学地理分册）","1001-8883","中文","2001-2019","萬方醫學網"
"32912","国外医药（抗生素分册）","1001-8751","中文","2001-","萬方醫學網"
"32916","国际内科学杂志","1004-2369","中文","2001-2009","萬方醫學網"
"32922","国际医学寄生虫病杂志","1673-4122","中文","2001-2015","萬方醫學網"
"32921","国际医学放射学杂志","1674-1897","中文","1994-","萬方醫學網"
"32914","国际口腔医学杂志","1673-5749","中文","2001-","萬方醫學網"
"32915","国际口腔科学杂志（英文版）","1674-2818","西文","2009-","萬方醫學網"
"32919","国际妇产科学杂志","1674-1870","中文","2001-","萬方醫學網"
"32917","国际心血管病杂志","1673-6583","中文","1998-","萬方醫學網"
"32931","国际感染病学（电子版）","2544-0349","中文","2012-2020","萬方醫學網"
"32928","国际检验医学杂志","1673-4130","中文","2000-","萬方醫學網"
"32925","国际消化病杂志","1673-534X","中文","2001-","萬方醫學網"
"32918","国际生殖健康/计划生育杂志","1674-1889","中文","2001-","萬方醫學網"
"32929","国际眼科杂志","1672-5123","中文","2001-","萬方醫學網"
"32926","国际神经病学神经外科学杂志","1673-2642","中文","2001-","萬方醫學網"
"32932","国际精神病学杂志","1673-2952","中文","2000-","萬方醫學網"
"32920","国际老年医学杂志","1674-7593","中文","2000-","萬方醫學網"
"32923","国际肝胆胰疾病杂志(英文版)","1499-3872","西文","2006-","萬方醫學網"
"32930","国际药学研究杂志","1674-0440","中文","2001-2020","萬方醫學網"
"32924","国际转化医学杂志（英文版）","2227-6394","西文","2013-2020","萬方醫學網"
"32927","国际骨科学杂志","1673-7083","中文","2001-","萬方醫學網"
"32935","实用中医内科杂志","1671-7813","中文","2001-","萬方醫學網"
"32936","实用中医药杂志","1004-2814","中文","2001-","萬方醫學網"
"32934","实用中西医结合临床","1671-4040","中文","2001-","萬方醫學網"
"32955","实用临床医学","1009-8194","中文","2000-","萬方醫學網"
"32956","实用临床医药杂志","1672-2353","中文","1999-","萬方醫學網"
"32957","实用临床护理学电子杂志","2096-2479","中文","2016-2022","萬方醫學網"
"32941","实用休克杂志（中英文）","2096-4544","西文","2017-","萬方醫學網"
"32947","实用医学影像杂志","1009-6817","中文","2001-","萬方醫學網"
"32946","实用医学杂志","1006-5725","中文","1994-","萬方醫學網"
"32945","实用医技杂志","1671-5098","中文","1997-2022","萬方醫學網"
"32949","实用医药杂志","1671-4008","中文","1984-2021","萬方醫學網"
"32948","实用医院临床杂志","1672-6170","中文","2004-","萬方醫學網"
"32933","实用口腔医学杂志","1001-3733","中文","1999-","萬方醫學網"
"32962","实用器官移植电子杂志","2095-5332","中文","2013-","萬方醫學網"
"32942","实用妇产科杂志","1003-6946","中文","1989-","萬方醫學網"
"32943","实用妇科内分泌电子杂志","2095-8803","中文","2014-","萬方醫學網"
"32937","实用心电学杂志","1008-0740","中文","2001-","萬方醫學網"
"32938","实用心脑肺血管病杂志","1008-5971","中文","2001-","萬方醫學網"
"32939","实用手外科杂志","1671-2722","中文","2001-","萬方醫學網"
"32952","实用放射学杂志","1002-1671","中文","1999-","萬方醫學網"
"32960","实用检验医师杂志","1674-7151","中文","2009-","萬方醫學網"
"32964","实用癌症杂志","1001-5930","中文","1998-","萬方醫學網"
"32940","实用皮肤病学杂志","1674-1293","中文","2008-","萬方醫學網"
"32963","实用糖尿病杂志","1673-9191","中文","2000-2021","萬方醫學網"
"32944","实用老年医学","1003-9198","中文","2000-","萬方醫學網"
"32950","实用肝脏病杂志","1672-5069","中文","2003-","萬方醫學網"
"32954","实用肿瘤学杂志","1002-3070","中文","2000-","萬方醫學網"
"32953","实用肿瘤杂志","1001-1692","中文","1997-","萬方醫學網"
"32961","实用药物与临床","1673-0070","中文","2001-","萬方醫學網"
"32951","实用防盲技术","1673-3835","中文","2007-","萬方醫學網"
"32958","实用预防医学","1006-3110","中文","1995-","萬方醫學網"
"32959","实用骨科杂志","1008-5572","中文","2001-","萬方醫學網"
"32965","实验与检验医学","1674-1129","中文","2000-","萬方醫學網"
"32966","实验动物与比较医学","1674-5817","中文","1981-","萬方醫學網"
"32967","实验动物科学","1006-6179","中文","1998-","萬方醫學網"
"33000","环境与健康杂志","1001-5914","中文","1999-2022","萬方醫學網"
"33001","环境与职业医学","2095-9982","中文","2000-","萬方醫學網"
"32999","环境卫生学杂志","2095-1906","中文","1999-","萬方醫學網"
"33002","环境昆虫学报","1674-0858","中文","2000-","萬方醫學網"
"32998","环球中医药","1674-1749","中文","2008-","萬方醫學網"
"33005","现代中医临床","2095-6606","中文","2001-","萬方醫學網"
"33006","现代中医药","1672-0571","中文","2001-","萬方醫學網"
"33007","现代中药研究与实践","1673-6427","中文","2001-","萬方醫學網"
"33004","现代中西医结合杂志","1008-8849","中文","1999-","萬方醫學網"
"33025","现代临床医学","1673-1557","中文","2001-","萬方醫學網"
"33026","现代临床护理","1671-8283","中文","2002-","萬方醫學網"
"33008","现代仪器与医疗","2095-5200","中文","2000-","萬方醫學網"
"33027","现代保健·医学创新研究","1671-7821","中文","2005-2008","萬方醫學網"
"33035","现代健康人","1009-704X","中文","2003-2006","萬方醫學網"
"33012","现代免疫学","1001-2478","中文","2000-","萬方醫學網"
"33028","现代养生","1671-0223","中文","2001-","萬方醫學網"
"33029","现代养生（下半月版）","1671-0223","中文","2009-2022","萬方醫學網"
"33014","现代医学","1671-7562","中文","1976-","萬方醫學網"
"33015","现代医学与健康研究（电子版）","2096-3718","中文","2019-","萬方醫學網"
"33016","现代医学仪器与应用","1005-8516","中文","2001-2008","萬方醫學網"
"33013","现代医用影像学","1006-7035","中文","2001-","萬方醫學網"
"33019","现代医药卫生","1009-5519","中文","2001-","萬方醫學網"
"33017","现代医院","1671-332X","中文","2001-","萬方醫學網"
"33018","现代医院管理","1672-4232","中文","2003-","萬方醫學網"
"33003","现代口腔医学杂志","1003-7632","中文","2000-","萬方醫學網"
"33011","现代妇产科进展","1004-7379","中文","2000-","萬方醫學網"
"33021","现代实用医学","1671-0800","中文","1996-","萬方醫學網"
"33036","现代检验医学杂志","1671-7414","中文","2000-","萬方醫學網"
"33022","现代泌尿外科杂志","1009-8291","中文","2001-","萬方醫學網"
"33023","现代泌尿生殖肿瘤杂志","1674-4624","中文","2009-","萬方醫學網"
"33032","现代消化及介入诊疗","1672-2159","中文","1996-","萬方醫學網"
"33009","现代生物医学进展","1673-6273","中文","2001-","萬方醫學網"
"33010","现代电生理学杂志","1672-0458","中文","2001-","萬方醫學網"
"33033","现代畜牧兽医","1672-9692","中文","2001-","萬方醫學網"
"33024","现代肿瘤医学","1672-4992","中文","1999-","萬方醫學網"
"33037","现代药物与临床","1674-5515","中文","2001-","萬方醫學網"
"33020","现代诊断与治疗","1001-8174","中文","1990-","萬方醫學網"
"33034","现代预防医学","1003-8507","中文","2000-","萬方醫學網"
"33030","现代食品","2096-5060","中文","2001-","萬方醫學網"
"33031","现代食品科技","1673-9078","中文","2000-","萬方醫學網"
"33041","组织工程与重建外科杂志","1673-0364","中文","2005-","萬方醫學網"
"33042","细胞与分子免疫学杂志","1007-8738","中文","1985-","萬方醫學網"
"33043","细胞研究（英文版）","1001-0602","西文","2000-","萬方醫學網"
"33045","肾脏病与透析肾移植杂志","1006-298X","中文","1999-","萬方醫學網"
"33046","肿瘤","1000-7431","中文","1998-2022","萬方醫學網"
"33047","肿瘤代谢与营养电子杂志","2095-7807","中文","2014-","萬方醫學網"
"33052","肿瘤基础与临床","1673-5412","中文","2001-","萬方醫學網"
"33049","肿瘤学与转化医学（英文）","2095-9621","西文","1999-","萬方醫學網"
"33050","肿瘤学杂志","1671-170X","中文","1992-","萬方醫學網"
"33056","肿瘤影像学","2096-6210","中文","2001-","萬方醫學網"
"33053","肿瘤综合治疗电子杂志","2096-2940","中文","2017-","萬方醫學網"
"33054","肿瘤药学","2095-1264","中文","2011-","萬方醫學網"
"33055","肿瘤营养学杂志（英文）","2096-2746","西文","2016-","萬方醫學網"
"33048","肿瘤防治研究","1000-8578","中文","1999-","萬方醫學網"
"33051","肿瘤预防与治疗","1674-0904","中文","1996-","萬方醫學網"
"33225","苏州大学学报（医学版）","1673-0399","中文","1990-2012","萬方醫學網"
"33058","转化医学杂志","2095-3097","中文","2012-","萬方醫學網"
"33057","转化医学电子杂志","2095-6894","中文","2014-2019","萬方醫學網"
"33059","转化医学研究（电子版）","2095-154X","中文","2011-2014","萬方醫學網"
"33060","转化神经变性病（英文）","2096-6466","西文","2020-2022","萬方醫學網"
"33061","转化神经科学电子杂志（英文）","2096-0689","西文","2016-2022","萬方醫學網"
"33064","陆军军医大学学报","2097-0927","中文","1999-","萬方醫學網"
"33072","临床与实验病理学杂志","1001-7399","中文","1999-","萬方醫學網"
"33074","临床与病理杂志","1673-2588","中文","1996-","萬方醫學網"
"33073","临床与转化肝病杂志（英文版）","2225-0719","西文","2013-2022","萬方醫學網"
"33070","临床儿科杂志","1000-3606","中文","2000-","萬方醫學網"
"33075","临床内科杂志","1001-9057","中文","1990-","萬方醫學網"
"33081","临床军医杂志","1671-3826","中文","2000-","萬方醫學網"
"33086","临床医学","1003-3548","中文","2000-","萬方醫學網"
"33087","临床医学工程","1674-4659","中文","1999-","萬方醫學網"
"33088","临床医学研究与实践","2096-1413","中文","2016-","萬方醫學網"
"33090","临床医药实践","1671-8631","中文","1995-","萬方醫學網"
"33089","临床医药文献电子杂志","2095-8242","中文","2014-","萬方醫學網"
"33071","临床口腔医学杂志","1003-1634","中文","1999-","萬方醫學網"
"33082","临床合理用药","1374-3296","中文","2008-","萬方醫學網"
"33093","临床和实验医学杂志","1671-4695","中文","2002-","萬方醫學網"
"33079","临床外科杂志","1005-6483","中文","1999-","萬方醫學網"
"33076","临床心电学杂志","1005-0272","中文","2001-","萬方醫學網"
"33077","临床心血管病杂志","1001-1439","中文","1998-","萬方醫學網"
"33078","临床心身疾病杂志","1672-187X","中文","2004-","萬方醫學網"
"33100","临床急诊杂志","1009-5918","中文","2001-","萬方醫學網"
"33091","临床护理杂志","1671-8933","中文","2002-","萬方醫學網"
"33094","临床放射学杂志","1001-9324","中文","1995-","萬方醫學網"
"33112","临床普外科电子杂志","2095-5308","中文","2013-","萬方醫學網"
"33108","临床检验杂志","1001-764X","中文","1998-","萬方醫學網"
"33109","临床检验杂志（电子版）","2095-2775","中文","2013-2020","萬方醫學網"
"33095","临床泌尿外科杂志","1001-1420","中文","1999-","萬方醫學網"
"33103","临床消化病杂志","1005-541X","中文","1999-","萬方醫學網"
"33104","临床病例讨论杂志（英文版）","2375-8449","西文","2014-2018","萬方醫學網"
"33080","临床皮肤科杂志","1000-4963","中文","1998-","萬方醫學網"
"33110","临床眼科杂志","1006-8422","中文","2001-","萬方醫學網"
"33101","临床研究","2096-1278","中文","2001-","萬方醫學網"
"33105","临床神经外科杂志","1672-7770","中文","2004-","萬方醫學網"
"33106","临床神经病学杂志","1004-1648","中文","2000-","萬方醫學網"
"33117","临床精神医学杂志","1005-3220","中文","1994-","萬方醫學網"
"33083","临床耳鼻咽喉头颈外科杂志","2096-7993","中文","1998-","萬方醫學網"
"33092","临床肝胆病杂志","1001-5256","中文","1996-","萬方醫學網"
"33096","临床肺科杂志","1009-6663","中文","2001-","萬方醫學網"
"33097","临床肾脏病杂志","1671-2390","中文","2001-","萬方醫學網"
"33098","临床肿瘤学杂志","1009-0460","中文","2001-","萬方醫學網"
"33113","临床荟萃","1004-583X","中文","1995-","萬方醫學網"
"33114","临床药物治疗杂志","1672-3384","中文","2003-","萬方醫學網"
"33084","临床血液学杂志","1004-2806","中文","1999-","萬方醫學網"
"33085","临床血液学杂志（输血与检验版）","1004-2806","中文","2007-2020","萬方醫學網"
"33102","临床误诊误治","1002-3429","中文","1999-","萬方醫學網"
"33115","临床超声医学杂志","1008-6978","中文","2000-","萬方醫學網"
"33099","临床转化神经医学（英文）","2096-0441","西文","2015-2017","萬方醫學網"
"33116","临床输血与检验","1671-2587","中文","2001-","萬方醫學網"
"33107","临床骨科杂志","1008-0287","中文","1999-","萬方醫學網"
"33111","临床麻醉学杂志","1004-5805","中文","1999-","萬方醫學網"
"33131","叙事医学","2096-5893","中文","2019-","萬方醫學網"
"33139","标记免疫分析与临床","1006-1703","中文","2000-","萬方醫學網"
"33141","济宁医学院学报","1000-9760","中文","2001-","萬方醫學網"
"33142","结合医学学报（英文版）","2095-4964","西文","2003-","萬方醫學網"
"33144","结核与肺部疾病杂志","2096-8493","中文","2000-","萬方醫學網"
"33143","结直肠肛门外科","1674-0491","中文","2001-","萬方醫學網"
"33147","贵州医科大学学报","2096-8388","中文","2000-","萬方醫學網"
"33148","贵州医药","1000-744X","中文","2000-","萬方醫學網"
"33149","贵州畜牧兽医","1007-1474","中文","2001-","萬方醫學網"
"33150","贵阳中医学院学报","1002-1108","中文","2000-2020","萬方醫學網"
"33151","郑州大学学报（医学版）","1671-6825","中文","1982-","萬方醫學網"
"33154","陕西中医","1000-7369","中文","2000-","萬方醫學網"
"33155","陕西中医药大学学报","2096-1340","中文","2000-","萬方醫學網"
"33156","陕西医学杂志","1000-7377","中文","2000-","萬方醫學網"
"33123","养生保健指南","1006-6845","中文","2016-","萬方醫學網"
"33124","养生保健指南（中旬刊）","1006-6845","中文","2011-2012","萬方醫學網"
"33120","养生大世界","1671-2269","中文","2015-","萬方醫學網"
"33121","养生大世界B刊","1671-2269","中文","2005-2006","萬方醫學網"
"33122","养生月刊","1671-1734","中文","2000-","萬方醫學網"
"33199","烧伤与创伤","","中文","2013-2018","萬方醫學網"
"33200","热带亚热带植物学报","1005-3395","中文","2000-","萬方醫學網"
"33201","热带医学杂志","1672-3619","中文","2001-","萬方醫學網"
"33202","热带病与寄生虫学","1672-2302","中文","1999-","萬方醫學網"
"33220","继续医学教育","1004-6763","中文","2000-","萬方醫學網"
"33222","脑与神经疾病杂志","1006-351X","中文","2000-","萬方醫學網"
"33314","药品评价","1672-2809","中文","2004-","萬方醫學網"
"33304","药学与临床研究","1673-7806","中文","2001-","萬方醫學網"
"33305","药学学报","0513-4870","中文","1989-","萬方醫學網"
"33306","药学实践与服务","2097-2024","中文","2001-","萬方醫學網"
"33310","药学教育","1007-3531","中文","2001-","萬方醫學網"
"33307","药学服务与研究","1671-2838","中文","2001-2022","萬方醫學網"
"33309","药学研究","2095-5375","中文","2001-","萬方醫學網"
"33308","药学进展","1001-5094","中文","2001-","萬方醫學網"
"33311","药物分析学报（英文）","2095-1779","西文","2011-","萬方醫學網"
"33313","药物流行病学杂志","1005-0698","中文","2000-","萬方醫學網"
"33312","药物生物技术","1005-8915","中文","1999-","萬方醫學網"
"33227","预防医学","2096-5087","中文","2000-","萬方醫學網"
"33229","预防医学情报杂志","1006-4028","中文","2001-","萬方醫學網"
"33228","预防医学论坛","1672-9153","中文","2000-","萬方醫學網"
"33244","兽医导刊","1673-8586","中文","2006-","萬方醫學網"
"33245","兽类学报","1000-1050","中文","1999-","萬方醫學網"
"33258","检验医学","1673-8640","中文","1998-","萬方醫學網"
"33259","检验医学与临床","1672-9455","中文","2004-","萬方醫學網"
"33267","综合精神医学","2096-5923","中文","2019-","萬方醫學網"
"33270","职业与健康","1004-1257","中文","1993-","萬方醫學網"
"33268","职业卫生与应急救援","1007-1326","中文","2000-","萬方醫學網"
"33269","职业卫生与病伤","1006-172X","中文","2001-","萬方醫學網"
"33273","颈腰痛杂志","1005-7234","中文","1998-","萬方醫學網"
"33289","温州医科大学学报","2095-9400","中文","1999-","萬方醫學網"
"33303","联勤军事医学","2097-2148","中文","2000-","萬方醫學網"
"33373","营养学报","0512-7955","中文","2000-","萬方醫學網"
"33334","数字中医药（英文）","2096-479X","西文","2018-","萬方醫學網"
"33335","数理医药学杂志","1004-4337","中文","1996-","萬方醫學網"
"33344","滨州医学院学报","1001-9510","中文","2001-","萬方醫學網"
"33345","粮油食品科技","1007-7561","中文","1999-","萬方醫學網"
"33359","辐射防护通讯","1004-6356","中文","2001-","萬方醫學網"
"33360","遗传","0253-9772","中文","1979-","萬方醫學網"
"33361","遗传学报","1673-8527","中文","2000-","萬方醫學網"
"33362","锦州医科大学学报","1674-0424","中文","1999-","萬方醫學網"
"33364","潍坊医学院学报","1004-3101","中文","2000-","萬方醫學網"
"33394","癫痫与神经电生理学杂志","1674-8972","中文","2001-","萬方醫學網"
"33395","赣南医学院学报","1001-5779","中文","2001-","萬方醫學網"
"32591","巴楚医学","2096-6113","中文","2018-","萬方醫學網"
"32642","包头医学","1007-3507","中文","1997-","萬方醫學網"
"32643","包头医学院学报","1006-740X","中文","1995-","萬方醫學網"
"32648","北京中医药","1674-1307","中文","1998-","萬方醫學網"
"32649","北京中医药大学学报","1006-2157","中文","1994-","萬方醫學網"
"32651","北京医学","0253-9713","中文","1999-","萬方醫學網"
"32646","北京口腔医学","1006-673X","中文","2000-","萬方醫學網"
"32647","北京大学学报（医学版）","1671-167X","中文","1989-","萬方醫學網"
"32650","北京生物医学工程","1002-3208","中文","1998-","萬方醫學網"
"32645","北华大学学报（自然科学版）","1009-4822","中文","1997-","萬方醫學網"
"37236","北台灣中醫醫學雜誌","2078-4791","中文","20090801-present","Airiti Library 【華藝中文電子期刊】"
"36356","北市中醫會刊","2311-0643","中文","20080930-","Airiti Library 【華藝中文電子期刊】"
"36357","北市醫學雜誌","1810-2549","中文","20040101-present","Airiti Library 【華藝中文電子期刊】"
"37237","北市醫放雜誌","2308-300X","中文","20111001-present","Airiti Library 【華藝中文電子期刊】"
"32644","北方药学","1672-8351","中文","2005-","萬方醫學網"
"32710","白求恩医学杂志","2095-7858","中文","2003-2020","萬方醫學網"
"32823","兵团医学","1672-4356","中文","2012-","萬方醫學網"
"37490","貝類學報","0250-6378","中文","20071201-present","Airiti Library 【華藝中文電子期刊】"
"32996","泌尿外科杂志（电子版）","1674-7410","中文","2008-","萬方醫學網"
"33119","保健医学研究与实践","1673-873X","中文","2004-","萬方醫學網"
"33118","保健文汇","1671-5217","中文","2015-","萬方醫學網"
"36581","病歷資訊管理","1682-7988","中文","19960901-present","Airiti Library 【華藝中文電子期刊】"
"33210","病毒学报","1000-8721","中文","1999-","萬方醫學網"
"33226","蚌埠医学院学报","1000-2200","中文","1999-","萬方醫學網"
"37335","寶建醫護與管理雜誌","1683-0806","中文","20091201-20181201","Airiti Library 【華藝中文電子期刊】"
"32711","皮肤性病诊疗学杂志","1674-8468","中文","2001-","萬方醫學網"
"32713","皮肤病与性病","1002-1310","中文","2001-","萬方醫學網"
"32712","皮肤科学通报","1001-8077","中文","2001-","萬方醫學網"
"37269","品質季刊","2072-6341","中文","20130301-20131201","Airiti Library 【華藝中文電子期刊】"
"37458","屏東教育大學學報-理工類","2070-1497","中文","20090901-20090901","Airiti Library 【華藝中文電子期刊】"
"37252","民生論叢","2074-8159","中文","20100501-20180701","Airiti Library 【華藝中文電子期刊】"
"32888","牡丹江医学院学报","1001-7550","中文","1999-","萬方醫學網"
"36478","明通醫藥","1023-4497","中文","20040301-present","Airiti Library 【華藝中文電子期刊】"
"37271","美和休閒運動保健學報","","中文","20080101-20090201","Airiti Library 【華藝中文電子期刊】"
"37272","美和學報","1998-1848","中文","20100901-20200501","Airiti Library 【華藝中文電子期刊】"
"36542","美和技術學院學報","1998-1848","中文","20070301-","Airiti Library 【華藝中文電子期刊】"
"36543","美容科技學刊","1727-6799","中文","20021201-present","Airiti Library 【華藝中文電子期刊】"
"37466","苗栗區農情月刊","","中文","19991201-present","Airiti Library 【華藝中文電子期刊】"
"37482","苗栗區農業專訊","1561-2600","中文","19980301-present","Airiti Library 【華藝中文電子期刊】"
"37473","苗栗區農業改良場年報","1997-6895","中文","19981001-present","Airiti Library 【華藝中文電子期刊】"
"37467","苗栗區農業改良場研究彙報","1998-1120","中文","20070901-present","Airiti Library 【華藝中文電子期刊】"
"37278","馬偕學報","2072-5396","中文","20090701-20130801","Airiti Library 【華藝中文電子期刊】"
"36601","馬偕護理專科學校學報","1683-5999","中文","20020201-20030501","Airiti Library 【華藝中文電子期刊】"
"36602","馬偕護理雜誌","1990-4282","中文","20070101-present","Airiti Library 【華藝中文電子期刊】"
"51114","馬偕醫訊","","中文","20250415-","Airiti Library 【華藝中文電子期刊】"
"36600","馬偕醫護管理專科學校學報","1683-5999","中文","20040501-","Airiti Library 【華藝中文電子期刊】"
"33274","麻醉安全与质控","2096-2681","中文","2017-2021","萬方醫學網"
"49926","慢性腎臟病及其合併症：治療與照護手冊","","中文","20180401-20180401","Airiti Library 【華藝中文電子期刊】"
"32580","分子影像学杂志","1674-4500","中文","2013-","萬方醫學網"
"32579","分子细胞生物学报（英文版）","1674-2788","西文","2000-2022","萬方醫學網"
"32578","分子诊断与治疗杂志","1674-6929","中文","2009-","萬方醫學網"
"32583","反射疗法与康复医学","2096-7950","中文","2020-","萬方醫學網"
"32727","仿生工程学报（英文版）","1672-6529","西文","2004-","萬方醫學網"
"32974","放射免疫学杂志","1008-9810","中文","2000-2013","萬方醫學網"
"32975","放射学实践","1000-0313","中文","1999-","萬方醫學網"
"36473","放射治療與腫瘤學","1023-988x","中文","20030701-20180601","Airiti Library 【華藝中文電子期刊】"
"32997","法医学杂志","1004-5619","中文","2000-","萬方醫學網"
"37456","法律與生命科學","1995-6517","中文","20160301-20201201","Airiti Library 【華藝中文電子期刊】"
"33044","肥料与健康","2096-7047","中文","2020-","萬方醫學網"
"33134","复旦学报（医学版）","1672-8467","中文","2000-","萬方醫學網"
"51118","飛越一甲子的港都護理","","中文","20250801-","Airiti Library 【華藝中文電子期刊】"
"37339","飛越半世紀的港都護理","","中文","20150801-20150801","Airiti Library 【華藝中文電子期刊】"
"37287","婦癌醫學期刊","1019-5998","中文","20150401-present","Airiti Library 【華藝中文電子期刊】"
"36650","復健諮商","2070-1969","中文","20070601-","Airiti Library 【華藝中文電子期刊】"
"33347","腹腔镜外科杂志","1009-6612","中文","2001-","萬方醫學網"
"33346","腹部外科","1003-5591","中文","1999-","萬方醫學網"
"33367","福建中医药","1000-338X","中文","2001-","萬方醫學網"
"33368","福建医科大学学报","1672-4194","中文","1999-","萬方醫學網"
"33369","福建医药杂志","1002-2600","中文","1999-","萬方醫學網"
"33370","福建畜牧兽医","1003-4331","中文","2001-","萬方醫學網"
"36789","福爾摩莎醫務管理雜誌","1816-6636","中文","20031201-20060401","Airiti Library 【華藝中文電子期刊】"
"37317","福祉科技與服務管理學刊","2306-1790","中文","20121201-20161201","Airiti Library 【華藝中文電子期刊】"
"36837","輔仁醫學期刊","1810-2093","中文","20031201-present","Airiti Library 【華藝中文電子期刊】"
"49949","輔醫學人學術學刊","","中文","20241215-present","Airiti Library 【華藝中文電子期刊】"
"49948","輔醫學人學術論文集","","中文","20241201-present","Airiti Library 【華藝中文電子期刊】"
"49954","豐年雜誌","0017-8195","中文","20170118-present","Airiti Library 【華藝中文電子期刊】"
"36096","大仁學報","1021-3708","中文","20100901-20231231","Airiti Library 【華藝中文電子期刊】"
"32079","大众健康","1002-574X","中文","2001-2022","萬方醫學網"
"32081","大医生","2096-2665","中文","2019-","萬方醫學網"
"32080","大同医学专科学校学报","1671-069X","中文","2001-2006","萬方醫學網"
"32083","大家健康（上旬版）","1009-6019","中文","2010-2018","萬方醫學網"
"32084","大家健康（下旬版）","1009-6019","中文","2011-2018","萬方醫學網"
"32085","大家健康（中旬版）","1009-6019","中文","2010-2018","萬方醫學網"
"37226","大漢學報","2071-4912","中文","20061201-20121201","Airiti Library 【華藝中文電子期刊】"
"32086","大理学院学报（医学版）","1004-4442","中文","2000-2002","萬方醫學網"
"32082","大连医科大学学报","1671-7295","中文","2000-","萬方醫學網"
"37264","東吳社會工作學報","1026-4493","中文","20041201-20161201","Airiti Library 【華藝中文電子期刊】"
"37263","東方學報","1816-4587","中文","20091201-20221231","Airiti Library 【華藝中文電子期刊】"
"36483","東港安泰醫護雜誌","1811-1955","中文","20040430-20080430","Airiti Library 【華藝中文電子期刊】"
"33140","毒理学杂志","1002-3127","中文","1999-","萬方醫學網"
"33265","第一军医大学分校学报","1009-1793","中文","2001-2005","萬方醫學網"
"37504","第九屆「醫學與社會」理論暨實務研討會論文集","","中文","20190601-20190601","Airiti Library 【華藝中文電子期刊】"
"37509","第六屆亞洲健康識能國際會議","","中文","20181022-20181022","Airiti Library 【華藝中文電子期刊】"
"33266","第四军医大学学报","1000-2790","中文","1995-2009","萬方醫學網"
"36712","當代醫學","1816-4749","中文","19731101-20131201","Airiti Library 【華藝中文電子期刊】"
"36752","電子化優質健康照護","","中文","20071101-","Airiti Library 【華藝中文電子期刊】"
"36866","蝶","","中文","20010201-","Airiti Library 【華藝中文電子期刊】"
"36094","土壤與環境","1029-2950","中文","19980101-20161201","Airiti Library 【華藝中文電子期刊】"
"32584","天津中医药","1672-1519","中文","2000-","萬方醫學網"
"32585","天津中医药大学学报","1673-9043","中文","2000-","萬方醫學網"
"32586","天津医科大学学报","1006-8147","中文","1999-","萬方醫學網"
"32587","天津医药","0253-9896","中文","2000-","萬方醫學網"
"32588","天津护理","1006-9143","中文","2001-","萬方醫學網"
"32589","天津药学","1006-5687","中文","2001-","萬方醫學網"
"32590","天然产物研究与开发","1001-6880","中文","2000-","萬方醫學網"
"37421","台北市中醫醫學雜誌","2311-0643","中文","20170331-present","Airiti Library 【華藝中文電子期刊】"
"36368","台北市醫師公會會刊","","中文","20110101-present","Airiti Library 【華藝中文電子期刊】"
"37502","台灣中醫兒童暨青少年科醫學會雜誌","2789-3189","中文","20210601-present","Airiti Library 【華藝中文電子期刊】"
"37516","台灣中醫臨床醫學雜誌","1817-6720","中文","20050301-present","Airiti Library 【華藝中文電子期刊】"
"37506","台灣中風醫誌","2664-1976","中文","20190601-present","Airiti Library 【華藝中文電子期刊】"
"36376","台灣健康照顧研究學刊","1994-6236","中文","20060601-present","Airiti Library 【華藝中文電子期刊】"
"37239","台灣公共衛生學會聯合年會學術研討會手冊","","中文","20060930-20161001","Airiti Library 【華藝中文電子期刊】"
"37240","台灣公共衛生雜誌","1023-2141","中文","20010201-present","Airiti Library 【華藝中文電子期刊】"
"51112","台灣口腔矯正醫學會雜誌","","中文","20250901-","Airiti Library 【華藝中文電子期刊】"
"49912","台灣基層糖尿病協會會訊","","中文","20240901-present","Airiti Library 【華藝中文電子期刊】"
"37242","台灣家庭醫學雜誌","1682-3281","中文","20000901-present","Airiti Library 【華藝中文電子期刊】"
"37507","台灣實證醫學學會會刊","2313-7924","中文","20080331-present","Airiti Library 【華藝中文電子期刊】"
"37243","台灣專科護理師學刊","2410-325X","中文","20150201-present","Airiti Library 【華藝中文電子期刊】"
"37244","台灣復健醫學雜誌","1025-3009","中文","20040301-20151201","Airiti Library 【華藝中文電子期刊】"
"36373","台灣急診專科醫師期刊","2077-351X","中文","20050801-20141201","Airiti Library 【華藝中文電子期刊】"
"36381","台灣應用輻射與同位素雜誌","1815-6290","中文","20050301-present","Airiti Library 【華藝中文電子期刊】"
"49910","台灣手術全期護理學會會訊","","中文","20180311-present","Airiti Library 【華藝中文電子期刊】"
"37245","台灣擬真醫學教育期刊","2409-7551","中文","20141101-20220601","Airiti Library 【華藝中文電子期刊】"
"37457","台灣昆蟲","1680-7650","中文","20010301-20150301","Airiti Library 【華藝中文電子期刊】"
"37241","台灣更年期醫學會會訊","","中文","20160801-present","Airiti Library 【華藝中文電子期刊】"
"49911","台灣林業科學","1026-4469","中文","19960301-present","Airiti Library 【華藝中文電子期刊】"
"36374","台灣氣喘衛教學會會刊","","中文","20070801-","Airiti Library 【華藝中文電子期刊】"
"36372","台灣法醫學誌","2075-5848","中文","20051201-20121201","Airiti Library 【華藝中文電子期刊】"
"37501","台灣營養學會雜誌","1011-6958","中文","20180901-present","Airiti Library 【華藝中文電子期刊】"
"37478","台灣猛禽研究","1817-6364","中文","20030901-20161001","Airiti Library 【華藝中文電子期刊】"
"36369","台灣生物多樣性研究","2076-6971","中文","20051101-","Airiti Library 【華藝中文電子期刊】"
"37246","台灣癌症醫學雜誌","2311-3006","中文","20100201-20140301","Airiti Library 【華藝中文電子期刊】"
"37519","台灣精神醫學","1028-3684","中文","20040601-present","Airiti Library 【華藝中文電子期刊】"
"37524","台灣老年醫學暨老年學會雜誌","2071-9833","中文","20180801-present","Airiti Library 【華藝中文電子期刊】"
"36370","台灣老年醫學暨老年學雜誌","2071-9833","中文","20070801-20180501","Airiti Library 【華藝中文電子期刊】"
"36371","台灣老年醫學雜誌","1817-2784","中文","20060525-20070425","Airiti Library 【華藝中文電子期刊】"
"37521","台灣耳鼻喉頭頸外科雜誌","1019-6102","中文","20030101-present","Airiti Library 【華藝中文電子期刊】"
"36385","台灣聽力語言學會雜誌","1606-0059","中文","20121201-present","Airiti Library 【華藝中文電子期刊】"
"36384","台灣藝術治療學刊","2077-0065","中文","20090601-","Airiti Library 【華藝中文電子期刊】"
"37503","台灣血液安全監測網絡年報","2790-9905","中文","20210315-present","Airiti Library 【華藝中文電子期刊】"
"37487","台灣農學會報","2960-0790","中文","20080201-present","Airiti Library 【華藝中文電子期刊】"
"36377","台灣農業研究","0022-4847","中文","20050301-present","Airiti Library 【華藝中文電子期刊】"
"36380","台灣遊戲治療學報","2306-7470","中文","20090601-20121201","Airiti Library 【華藝中文電子期刊】"
"36956","台灣醫學","1028-1916","西文","19970101-present","Airiti Library 【華藝中文電子期刊】"
"37247","台灣醫檢會報","","中文","20110601-20160301","Airiti Library 【華藝中文電子期刊】"
"37340","台灣醫檢雜誌","","中文","20160601-present","Airiti Library 【華藝中文電子期刊】"
"37493","台灣香蕉研究所年報","0257-5515","中文","19851201-20221201","Airiti Library 【華藝中文電子期刊】"
"36375","台灣高齡服務管理學刊","","中文","20110401-present","Airiti Library 【華藝中文電子期刊】"
"32768","同济大学学报（医学版）","1008-0392","中文","1999-","萬方醫學網"
"37469","桃園區農情月刊","","中文","20070115-present","Airiti Library 【華藝中文電子期刊】"
"37468","桃園區農技報導","","中文","20010601-present","Airiti Library 【華藝中文電子期刊】"
"37481","桃園區農業專訊","1683-9668","中文","19921001-present","Airiti Library 【華藝中文電子期刊】"
"37470","桃園區農業技術專輯","","中文","20090601-20201201","Airiti Library 【華藝中文電子期刊】"
"37452","桃園區農業改良場研究報告","0257-5523","中文","19830901-19990601","Airiti Library 【華藝中文電子期刊】"
"37494","桃園區農業改良場研究彙報","2220-0363","中文","19990901-20211201","Airiti Library 【華藝中文電子期刊】"
"33203","特别健康","2095-6851","中文","2001-","萬方醫學網"
"36576","特有生物研究","1561-3771","中文","20050101-20090701","Airiti Library 【華藝中文電子期刊】"
"36577","特殊教育與復健學報","1563-3586","中文","19910701-present","Airiti Library 【華藝中文電子期刊】"
"36583","疼痛醫學雜誌","1021-7959","中文","20100330-20200301","Airiti Library 【華藝中文電子期刊】"
"33272","透析与人工器官","1005-0809","中文","2001-","萬方醫學網"
"36678","童綜合醫學雜誌","2071-3592","中文","20071201-present","Airiti Library 【華藝中文電子期刊】"
"49931","臺中區農情月刊","","中文","20070301-present","Airiti Library 【華藝中文電子期刊】"
"49936","臺中區農業專訊","0257-571X","中文","19950601-present","Airiti Library 【華藝中文電子期刊】"
"49932","臺中區農業技術專刊","0257-5701","中文","19990501-present","Airiti Library 【華藝中文電子期刊】"
"49933","臺中區農業改良場年報","0258-2708","中文","19870601-present","Airiti Library 【華藝中文電子期刊】"
"49935","臺中區農業改良場特刊","","中文","19850301-present","Airiti Library 【華藝中文電子期刊】"
"49934","臺中區農業改良場研究彙報","0255-5905","中文","19890901-present","Airiti Library 【華藝中文電子期刊】"
"49941","臺南區農業專訊","1560-6627","中文","19980601-present","Airiti Library 【華藝中文電子期刊】"
"49939","臺南區農業改良場技術專刊","","中文","19970215-present","Airiti Library 【華藝中文電子期刊】"
"49940","臺南區農業改良場研究彙報","0255-6189","中文","19901201-present","Airiti Library 【華藝中文電子期刊】"
"49930","臺大護理雜誌","1729-6838","中文","20180101-present","Airiti Library 【華藝中文電子期刊】"
"51101","臺東區農情月刊","1819-7442","中文","20231201-","Airiti Library 【華藝中文電子期刊】"
"51099","臺東區農技報導","","中文","20220701-","Airiti Library 【華藝中文電子期刊】"
"49938","臺東區農業專訊","1023-876X","中文","19920901-present","Airiti Library 【華藝中文電子期刊】"
"49937","臺東區農業改良場研究彙報","1023-7321","中文","19870601-present","Airiti Library 【華藝中文電子期刊】"
"36797","臺灣中醫科學雜誌","1819-8384","中文","20060201-present","Airiti Library 【華藝中文電子期刊】"
"36799","臺灣中醫醫學雜誌","1684-1166","中文","20010901-present","Airiti Library 【華藝中文電子期刊】"
"36808","臺灣兒童牙醫學雜誌","1816-2584","中文","20021201-present","Airiti Library 【華藝中文電子期刊】"
"36810","臺灣兒童過敏氣喘免疫及風濕病醫學會學會通訊","","中文","19990801-20120901","Airiti Library 【華藝中文電子期刊】"
"36809","臺灣兒童過敏氣喘及免疫學會學會通訊","","中文","19750301-20120701","Airiti Library 【華藝中文電子期刊】"
"49943","臺灣口腔醫學會雜誌","1560-1587","中文","19970701-","Airiti Library 【華藝中文電子期刊】"
"49944","臺灣口腔顎面外科學會雜誌","","中文","20080301-","Airiti Library 【華藝中文電子期刊】"
"37530","臺灣台北醫療聯盟學術期刊","2709-717X","中文","20210101-present","Airiti Library 【華藝中文電子期刊】"
"36821","臺灣園藝","1819-8317","中文","20060601-present","Airiti Library 【華藝中文電子期刊】"
"36805","臺灣地區傳染病監視年報","","中文","19960801-","Airiti Library 【華藝中文電子期刊】"
"36803","臺灣地區傳染病統計年報","","中文","19951201-","Airiti Library 【華藝中文電子期刊】"
"36804","臺灣地區傳染病統計暨監視年報","1029-3965","中文","20021001-20051001","Airiti Library 【華藝中文電子期刊】"
"37319","臺灣家庭醫學教育研究學會會訊","","中文","20120701-20140331","Airiti Library 【華藝中文電子期刊】"
"36815","臺灣家庭醫學研究","1729-388X","中文","20030101-20090401","Airiti Library 【華藝中文電子期刊】"
"36828","臺灣整形外科醫學會雜誌","1025-1375","中文","20100301-","Airiti Library 【華藝中文電子期刊】"
"36801","臺灣水產學會刊","0379-4180","中文","20031101-20121201","Airiti Library 【華藝中文電子期刊】"
"36813","臺灣泌尿科醫學會雜誌","1016-3220","中文","20020901-20091201","Airiti Library 【華藝中文電子期刊】"
"51122","臺灣消化醫學雜誌","1013-7696","中文","20020601-","Airiti Library 【華藝中文電子期刊】"
"36830","臺灣營養學會雜誌","1011-6958","中文","20060601-20180601","Airiti Library 【華藝中文電子期刊】"
"36802","臺灣牙周病醫學會雜誌","1027-9962","中文","20080301-present","Airiti Library 【華藝中文電子期刊】"
"36835","臺灣獸醫學雜誌","1682-6485","中文","20080101-20140101","Airiti Library 【華藝中文電子期刊】"
"49945","臺灣研蟲誌","2521-4012","中文","20161225-present","Airiti Library 【華藝中文電子期刊】"
"36806","臺灣老人保健學刊","1818-6009","中文","20050701-present","Airiti Library 【華藝中文電子期刊】"
"49947","臺灣職能治療期刊","1013-7661","中文","20230401-present","Airiti Library 【華藝中文電子期刊】"
"36832","臺灣職能治療研究與實務雜誌","1819-7167","中文","20051101-present","Airiti Library 【華藝中文電子期刊】"
"36820","臺灣腎臟護理學會雜誌","1726-7404","中文","20020801-present","Airiti Library 【華藝中文電子期刊】"
"37531","臺灣膳食營養學雜誌","2523-1553","中文","20160601-present","Airiti Library 【華藝中文電子期刊】"
"36831","臺灣臨床藥學雜誌","1027-5096","中文","20120301-present","Airiti Library 【華藝中文電子期刊】"
"36822","臺灣農業化學與食品科學","1605-2471","中文","20090601-20120801","Airiti Library 【華藝中文電子期刊】"
"49946","臺灣農藥科學","2518-9751","中文","20161201-present","Airiti Library 【華藝中文電子期刊】"
"37532","臺灣醫事放射期刊","2307-597X","中文","20121101-present","Airiti Library 【華藝中文電子期刊】"
"36834","臺灣醫學","1028-1916","中文","19970101-present","Airiti Library 【華藝中文電子期刊】"
"36833","臺灣醫界","1726-3603","中文","20080101-present","Airiti Library 【華藝中文電子期刊】"
"36827","臺灣齒科醫學會雜誌","","中文","19851001-","Airiti Library 【華藝中文電子期刊】"
"49942","臺閩地區傳染病統計年報","","中文","19940901-","Airiti Library 【華藝中文電子期刊】"
"33383","糖尿病临床","1672-7851","中文","2008-2016","萬方醫學網"
"33381","糖尿病天地","1672-7851","中文","2007-","萬方醫學網"
"33382","糖尿病文摘","1672-7851","中文","2008-2015","萬方醫學網"
"33384","糖尿病新世界","1672-4062","中文","2007-","萬方醫學網"
"36951","聽語會刊","","中文","19911201-19980601","Airiti Library 【華藝中文電子期刊】"
"36324","內科學誌","1016-7390","中文","20050201-present","Airiti Library 【華藝中文電子期刊】"
"33126","南京中医药大学学报","1672-0482","中文","1998-","萬方醫學網"
"33127","南京军医学院学报","1009-1874","中文","2001-2003","萬方醫學網"
"33128","南京医科大学学报（自然科学版）","1007-4368","中文","2000-","萬方醫學網"
"33125","南方医科大学学报","1673-4254","中文","1999-","萬方醫學網"
"33129","南昌大学学报（医学版）","2095-4727","中文","2000-","萬方醫學網"
"36532","南臺灣醫學雜誌","1991-4784","中文","20060501-present","Airiti Library 【華藝中文電子期刊】"
"33130","南通大学学报（医学版）","1674-7887","中文","1994-","萬方醫學網"
"36716","腦中風會訊","","中文","19940501-20181201","Airiti Library 【華藝中文電子期刊】"
"36725","農林學報","0550-3744","中文","20030601-20121201","Airiti Library 【華藝中文電子期刊】"
"36731","農業工程學報","0257-5744","中文","20061001-present","Airiti Library 【華藝中文電子期刊】"
"36737","農業推廣學報","0253-8873","中文","20071025-20120701","Airiti Library 【華藝中文電子期刊】"
"36736","農業推廣文彙","","中文","20000301-20211201","Airiti Library 【華藝中文電子期刊】"
"36746","農業機械學刊","1019-0430","中文","19921201-present","Airiti Library 【華藝中文電子期刊】"
"49922","農業生技產業季刊","1815-4379","中文","20070504-20220929","Airiti Library 【華藝中文電子期刊】"
"36739","農業經濟半年刊","0546-9600","中文","20040601-20080601","Airiti Library 【華藝中文電子期刊】"
"36740","農業經濟叢刊","1027-7757","中文","20031201-present","Airiti Library 【華藝中文電子期刊】"
"36741","農業經營管理年刊","1027-3751","中文","20070601-20111201","Airiti Library 【華藝中文電子期刊】"
"36742","農業經營管理會訊","","中文","20030901-20031201","Airiti Library 【華藝中文電子期刊】"
"36744","農業與經濟","1011-520x","中文","19950101-present","Airiti Library 【華藝中文電子期刊】"
"36745","農業與資源經濟","1729-2794","中文","20090601-20110601","Airiti Library 【華藝中文電子期刊】"
"49923","農業部種苗改良繁殖場年報","","中文","20231001-present","Airiti Library 【華藝中文電子期刊】"
"51105","農業部種苗改良繁殖場年報","","中文","20231001-","Airiti Library 【華藝中文電子期刊】"
"51098","農業部臺東區農業改良場年報","1819-7442","中文","20200701-","Airiti Library 【華藝中文電子期刊】"
"51100","農業部臺東區農業改良場技術專刊","1819-7442","中文","20210401-","Airiti Library 【華藝中文電子期刊】"
"51097","農業部農業試驗所年報","0494-5263","中文","20230801-","Airiti Library 【華藝中文電子期刊】"
"32714","立体定向和功能性神经外科杂志","1008-2425","中文","2000-","萬方醫學網"
"32801","老年医学与保健","1008-8296","中文","2001-","萬方醫學網"
"32802","老年医学研究","2096-9058","中文","2020-","萬方醫學網"
"51119","老年學研究","2791-1357","中文","20220101-","Airiti Library 【華藝中文電子期刊】"
"32800","老年心脏病学杂志（英文版）","1671-5411","西文","2004-","萬方醫學網"
"32968","岭南心血管病杂志","1007-9688","中文","1999-","萬方醫學網"
"32970","岭南急诊医学杂志","1671-301X","中文","2001-","萬方醫學網"
"32969","岭南现代临床外科","1009-976X","中文","2001-","萬方醫學網"
"36486","林業研究季刊","1606-8351","中文","20080601-present","Airiti Library 【華藝中文電子期刊】"
"36487","林業研究專訊","1605-6922","中文","20070201-present","Airiti Library 【華藝中文電子期刊】"
"36491","林業試驗所研究報告季刊","1010-5204","中文","19840101-19951201","Airiti Library 【華藝中文電子期刊】"
"37495","林產工業","0254-6523","中文","19820901-20210601","Airiti Library 【華藝中文電子期刊】"
"33177","旅行医学科学","1006-7159","中文","1995-2011","萬方醫學網"
"37276","旅遊與健康學術研討會論文集","","中文","20140601-20140601","Airiti Library 【華藝中文電子期刊】"
"37290","勞動及職業安全衛生研究季刊","1024-9877","中文","20150301-present","Airiti Library 【華藝中文電子期刊】"
"37520","勞工安全衛生研究季刊","1024-9877","中文","20060301-20141201","Airiti Library 【華藝中文電子期刊】"
"36841","領導護理","1560-6619","中文","20050601-present","Airiti Library 【華藝中文電子期刊】"
"36903","聯新醫管","1815-6428","中文","19960901-present","Airiti Library 【華藝中文電子期刊】"
"37330","臨床口腔植體學與科學","2311-973X","中文","20140101-20150101","Airiti Library 【華藝中文電子期刊】"
"36908","臨床家庭牙醫","","中文","20000201-20070201","Airiti Library 【華藝中文電子期刊】"
"36909","臨床家庭牙醫學雜誌","","中文","19930301-20080301","Airiti Library 【華藝中文電子期刊】"
"36904","臨床心理學刊","1813-6419","中文","20041201-present","Airiti Library 【華藝中文電子期刊】"
"37331","臨床心理通訊","","中文","20060224-20140531","Airiti Library 【華藝中文電子期刊】"
"37332","臨床醫學月刊","0258-4697","中文","20161001-present","Airiti Library 【華藝中文電子期刊】"
"37336","蘭陽學報","","中文","20070601-","Airiti Library 【華藝中文電子期刊】"
"32103","工业卫生与职业病","1000-7164","中文","2000-","萬方醫學網"
"32104","工业微生物","1001-6678","中文","2000-","萬方醫學網"
"32105","工企医刊","1001-814X","中文","2001-2014","萬方醫學網"
"36112","工業安全衛生","1819-7302","中文","19890501-present","Airiti Library 【華藝中文電子期刊】"
"32571","公共卫生与预防医学","1006-2483","中文","2001-","萬方醫學網"
"32640","功能与分子医学影像学杂志（电子版）","2095-2252","中文","2012-2020","萬方醫學網"
"32653","古生物学报","0001-6616","中文","1999-","萬方醫學網"
"32654","古脊椎动物学报","1000-3118","中文","2000-","萬方醫學網"
"32670","甘肃中医药大学学报","1003-8450","中文","1989-","萬方醫學網"
"32671","甘肃医药","1004-2725","中文","2009-","萬方醫學網"
"32672","甘肃畜牧兽医","1006-799X","中文","2001-","萬方醫學網"
"32731","光明中医","1003-8914","中文","2001-","萬方醫學網"
"32897","肝博士","1673-0550","中文","2010-","萬方醫學網"
"32898","肝癌电子杂志","2095-7815","中文","2014-","萬方醫學網"
"32899","肝癌研究（英文版）","2394-5079","西文","2015-","萬方醫學網"
"32892","肝胆外科与营养","2304-3881","中文","2012-2020","萬方醫學網"
"32893","肝胆外科杂志","1006-4761","中文","2000-","萬方醫學網"
"32894","肝胆胰外科杂志","1007-1954","中文","1999-","萬方醫學網"
"32895","肝脏","1008-1704","中文","2000-","萬方醫學網"
"32896","肝脏研究（英文）","2096-2878","西文","2021-","萬方醫學網"
"33174","家庭医学","1001-0203","中文","2001-","萬方醫學網"
"33175","家庭医学（下）","1001-0203","中文","2003-2022","萬方醫學網"
"36552","家庭醫學與基層醫療","","中文","20090401-present","Airiti Library 【華藝中文電子期刊】"
"33173","家有孕宝","2096-692X","中文","2019-2021","萬方醫學網"
"36585","耕莘學報","1810-0961","中文","20010301-20121001","Airiti Library 【華藝中文電子期刊】"
"33230","骨研究（英文版）","2095-4700","西文","2013-","萬方醫學網"
"33231","骨科","1674-8573","中文","2010-","萬方醫學網"
"33232","骨科临床与研究杂志","2096-269X","中文","2016-","萬方醫學網"
"33233","高原医学杂志","1007-3809","中文","2001-2022","萬方醫學網"
"49916","高市護士會刊","","中文","19840501-19920501","Airiti Library 【華藝中文電子期刊】"
"33235","高校医学教学研究（电子版）","2095-1582","中文","2011-","萬方醫學網"
"33234","高校生物学教学研究（电子版）","2095-1574","中文","2011-","萬方醫學網"
"37462","高雄區農情月刊","","中文","19971201-present","Airiti Library 【華藝中文電子期刊】"
"37464","高雄區農技報導","1812-3023","中文","19961201-present","Airiti Library 【華藝中文電子期刊】"
"37492","高雄區農業專訊","0257-5469","中文","19920901-present","Airiti Library 【華藝中文電子期刊】"
"37463","高雄區農業技術專刊","","中文","20110601-20190501","Airiti Library 【華藝中文電子期刊】"
"37465","高雄區農業改良場年報","","中文","19960601-present","Airiti Library 【華藝中文電子期刊】"
"37486","高雄區農業改良場研究彙報","1015-5864","中文","19880601-20180601","Airiti Library 【華藝中文電子期刊】"
"37476","高雄海洋科大學報","1819-6950","中文","20041231-20170301","Airiti Library 【華藝中文電子期刊】"
"37451","高雄海院學報","","中文","20031231-20031231","Airiti Library 【華藝中文電子期刊】"
"36603","高雄護理雜誌","1683-0903","中文","20060901-present","Airiti Library 【華藝中文電子期刊】"
"37286","國家實驗研究院年報（中文版）","2072-2559","中文","20040701-","Airiti Library 【華藝中文電子期刊】"
"37285","國家政策季刊","1684-7784","中文","20020901-20051201","Airiti Library 【華藝中文電子期刊】"
"37284","國研科技","","中文","20040101-","Airiti Library 【華藝中文電子期刊】"
"37491","國立臺灣博物館學刊","0257-0520","中文","20050601-present","Airiti Library 【華藝中文電子期刊】"
"37496","國立臺灣大學生物資源暨農學院實驗林研究報告","0255-6014","中文","20030601-present","Airiti Library 【華藝中文電子期刊】"
"37474","國立虎尾科技大學學報","1993-7571","中文","20080301-present","Airiti Library 【華藝中文電子期刊】"
"37282","國立金門大學學報","2221-142X","中文","20110301-present","Airiti Library 【華藝中文電子期刊】"
"37283","國立金門技術學院學報","","中文","20050301-20100101","Airiti Library 【華藝中文電子期刊】"
"37459","國際農業科技新知","1607-744X","中文","20000601-present","Airiti Library 【華藝中文電子期刊】"
"36665","港灣報導","1019-2603","中文","20061001-20131001","Airiti Library 【華藝中文電子期刊】"
"33316","菏泽医学专科学校学报","1008-4118","中文","2001-","萬方醫學網"
"33332","感染、炎症、修复","1672-8521","中文","2000-","萬方醫學網"
"36702","感染控制雜誌","1727-3269","中文","20030201-present","Airiti Library 【華藝中文電子期刊】"
"33333","感染疾病放射学杂志（英文）","2352-6211","西文","2022-","萬方醫學網"
"32071","口岸卫生控制","1008-5777","中文","2001-","萬方醫學網"
"32073","口腔医学","1003-9872","中文","2000-","萬方醫學網"
"32074","口腔医学研究","1671-7651","中文","1999-","萬方醫學網"
"32075","口腔材料器械杂志","1004-7565","中文","2000-","萬方醫學網"
"32072","口腔生物医学","1674-8603","中文","2010-","萬方醫學網"
"32076","口腔疾病防治","2096-1456","中文","1998-","萬方醫學網"
"32078","口腔颌面修复学杂志","1009-3761","中文","2000-","萬方醫學網"
"32077","口腔颌面外科杂志","1005-4979","中文","1999-","萬方醫學網"
"32871","抗感染药学","1672-7878","中文","2004-","萬方醫學網"
"32872","抗癌","1008-3065","中文","2001-2017","萬方醫學網"
"32978","昆明医科大学学报","2095-610x","中文","2000-","萬方醫學網"
"32976","昆虫分类学报","2096-8609","中文","2000-","萬方醫學網"
"32977","昆虫学报","0454-6296","中文","1998-","萬方醫學網"
"33039","空军军医大学学报","2097-1656","中文","2010-","萬方醫學網"
"33040","空军航空医学","2097-1753","中文","1985-","萬方醫學網"
"36539","科儀新知","1019-5440","中文","20050201-present","Airiti Library 【華藝中文電子期刊】"
"36540","科學與工程技術期刊","1816-6563","中文","20050901-present","Airiti Library 【華藝中文電子期刊】"
"36538","科技醫療與社會","1680-5585","中文","20111020-20121001","Airiti Library 【華藝中文電子期刊】"
"37270","科際整合之生命教育學術研討會會議手冊暨論文集","","中文","20061201-20061201","Airiti Library 【華藝中文電子期刊】"
"33256","康复学报","2096-0328","中文","2001-","萬方醫學網"
"32581","化工与医药工程","2095-817X","中文","2000-","萬方醫學網"
"37249","弘光學報","1025-0662","中文","19971001-present","Airiti Library 【華藝中文電子期刊】"
"37251","弘光護專學報","","中文","19730601-19900601","Airiti Library 【華藝中文電子期刊】"
"37250","弘光醫專學報","1025-0662","中文","19911001-19970401","Airiti Library 【華藝中文電子期刊】"
"32761","合成生物学","2096-8280","中文","2020-","萬方醫學網"
"49915","好健康","","中文","20211015-present","Airiti Library 【華藝中文電子期刊】"
"49914","好心肝","","中文","20200415-present","Airiti Library 【華藝中文電子期刊】"
"51106","行政院農業委員會畜產試驗所年報（中文年報）","1681-3863","中文","20021201-","Airiti Library 【華藝中文電子期刊】"
"51107","行政院農業委員會種苗改良繁殖場年報","","中文","19950101-","Airiti Library 【華藝中文電子期刊】"
"51111","行政院農業委員會農業試驗所年報","0494-5263","中文","20151001-","Airiti Library 【華藝中文電子期刊】"
"32890","罕少疾病杂志","1009-3257","中文","2001-","萬方醫學網"
"32891","罕见病研究","2097-0501","中文","2022-","萬方醫學網"
"36467","呼吸治療","1991-2609","中文","20020101-","Airiti Library 【華藝中文電子期刊】"
"32979","杭州师范学院学报（医学版）","1008-4894","中文","1999-2008","萬方醫學網"
"32983","河北中医","1002-2619","中文","2000-","萬方醫學網"
"32984","河北中医药学报","1007-5615","中文","1986-","萬方醫學網"
"32985","河北医学","1006-6233","中文","2000-","萬方醫學網"
"32986","河北医科大学学报","1007-3205","中文","1999-","萬方醫學網"
"32987","河北医药","1002-7386","中文","2001-","萬方醫學網"
"32989","河南中医","1003-5028","中文","2001-","萬方醫學網"
"32991","河南医学研究","1004-437X","中文","2000-","萬方醫學網"
"32992","河南医学高等专科学校学报","1008-9276","中文","2001-","萬方醫學網"
"32990","河南外科学杂志","1007-8991","中文","2001-","萬方醫學網"
"32988","河南大学学报（医学版）","1672-7606","中文","1997-","萬方醫學網"
"32994","河南畜牧兽医","1004-5090","中文","2001-","萬方醫學網"
"32993","河南科技大学学报（医学版）","1672-688X","中文","2001-2019","萬方醫學網"
"32995","河南预防医学杂志","1006-8414","中文","2000-","萬方醫學網"
"51103","花蓮區農情月刊","1027-7668","中文","20230301-","Airiti Library 【華藝中文電子期刊】"
"51102","花蓮區農技報導","1563-1192","中文","20140801-","Airiti Library 【華藝中文電子期刊】"
"37483","花蓮區農業專訊","1027-7684","中文","19950901-present","Airiti Library 【華藝中文電子期刊】"
"51104","花蓮區農業改良場年報","0254-6841","中文","20200801-","Airiti Library 【華藝中文電子期刊】"
"37485","花蓮區農業改良場研究彙報","1018-4457","中文","19850301-present","Airiti Library 【華藝中文電子期刊】"
"37460","花蓮區農業改良場研究彙報英文摘要版","","中文","19850301-present","Airiti Library 【華藝中文電子期刊】"
"33062","邯郸医学高等专科学校学报","1008-3073","中文","2001-2005","萬方醫學網"
"33132","哈尔滨医科大学学报","1000-1905","中文","1996-","萬方醫學網"
"33133","哈尔滨医药","1001-8131","中文","2005-","萬方醫學網"
"37277","核子醫學暨分子影像雜誌","2226-9681","中文","20120301-present","Airiti Library 【華藝中文電子期刊】"
"36558","核子醫學雜誌","1022-923X","中文","20071201-20121201","Airiti Library 【華藝中文電子期刊】"
"33189","海军军医大学学报","2097-1338","中文","1998-","萬方醫學網"
"33190","海军医学杂志","1009-0754","中文","1999-","萬方醫學網"
"33191","海军总医院学报","1009-3427","中文","1998-2011","萬方醫學網"
"33193","海南医学","1003-6350","中文","2000-","萬方醫學網"
"33194","海南医学院学报","1007-1237","中文","2000-","萬方醫學網"
"33195","海南医科大学学报（英文版）","1007-1237","西文","2015-2022","萬方醫學網"
"36563","海大漁推","1023-0750","中文","19980301-20121201","Airiti Library 【華藝中文電子期刊】"
"33192","海岸生命医学杂志(英文版)","2309-5288","西文","2013-2017","萬方醫學網"
"33197","海峡药学","1006-3765","中文","1999-","萬方醫學網"
"33196","海峡预防医学杂志","1007-2705","中文","2000-","萬方醫學網"
"37505","海峽循環醫學雜誌","","中文","20190101-20211001","Airiti Library 【華藝中文電子期刊】"
"33223","航天医学与医学工程","1002-0837","中文","1991-2021","萬方醫學網"
"33224","航空航天医学杂志","2095-1434","中文","1999-","萬方醫學網"
"33252","婚育与健康","1006-9488","中文","2010-","萬方醫學網"
"33253","婚育与健康·实用诊疗","1006-9488","中文","2012-2015","萬方醫學網"
"33260","淮海医药","1008-7044","中文","2000-","萬方醫學網"
"33275","寒地医学（英文）","2096-9074","西文","2021-","萬方醫學網"
"33290","湖北中医杂志","1000-0704","中文","1997-2020","萬方醫學網"
"33291","湖北中医药大学学报","1008-987X","中文","1999-","萬方醫學網"
"33294","湖北医药学院学报","1006-9674","中文","1999-","萬方醫學網"
"33292","湖北民族大学学报（医学版）","2096-7578","中文","2020-","萬方醫學網"
"33293","湖北民族学院学报（医学版）","1008-8164","中文","2001-2020","萬方醫學網"
"33295","湖北省卫生职工医学院学报","1673-1409","中文","2001-2004","萬方醫學網"
"33296","湖北科技学院学报（医学版）","2095-4646","中文","1999-","萬方醫學網"
"33297","湖南中医杂志","1003-7705","中文","1990-","萬方醫學網"
"33298","湖南中医药大学学报","1674-070X","中文","1999-","萬方醫學網"
"33299","湖南师范大学学报（医学版）","1673-016X","中文","1996-","萬方醫學網"
"33300","湖南畜牧兽医","1006-4907","中文","2001-","萬方醫學網"
"36683","華岡農科學報","1684-4335","中文","20050810-present","Airiti Library 【華藝中文電子期刊】"
"37300","華醫學報","1818-2763","中文","20140601-present","Airiti Library 【華藝中文電子期刊】"
"37299","華醫社會人文學報","1815-4158","中文","20140601-20151201","Airiti Library 【華藝中文電子期刊】"
"37526","黃庭中醫會刊","","中文","20050601-present","Airiti Library 【華藝中文電子期刊】"
"33318","黑龙江中医药","1000-9906","中文","2002-2022","萬方醫學網"
"33319","黑龙江医学","1004-5775","中文","1999-","萬方醫學網"
"33320","黑龙江医药","1006-2882","中文","1988-","萬方醫學網"
"33321","黑龙江医药科学","1008-0104","中文","1998-","萬方醫學網"
"36899","環境職業醫學會訊","","中文","20050501-present","Airiti Library 【華藝中文電子期刊】"
"36948","護理暨健康照護研究","2072-9235","中文","20090301-20151201","Airiti Library 【華藝中文電子期刊】"
"36947","護理研究","1022-6265","中文","19930301-200106","Airiti Library 【華藝中文電子期刊】"
"36949","護理雜誌","0047-262x","中文","19930301-present","Airiti Library 【華藝中文電子期刊】"
"32049","九江医学","1006-3838","中文","2001-2009","萬方醫學網"
"32565","井冈山医专学报","1008-2735","中文","2000-2009","萬方醫學網"
"32567","今日健康","1671-5160","中文","2015-2022","萬方醫學網"
"32566","今日畜牧兽医","","中文","2005-","萬方醫學網"
"32568","今日药学","1674-229X","中文","2000-","萬方醫學網"
"32569","介入医学杂志（英文）","2096-3602","西文","2018-2022","萬方醫學網"
"32570","介入放射学杂志","1008-794X","中文","1999-","萬方醫學網"
"32641","加速康复外科杂志","2096-5907","中文","2019-","萬方醫學網"
"37396","加馬","","中文","20000601-20211201","Airiti Library 【華藝中文電子期刊】"
"32726","交通医学","1006-2440","中文","2000-","萬方醫學網"
"32763","吉林中医药","1003-5699","中文","1999-","萬方醫學網"
"32764","吉林医学","1004-0412","中文","2001-","萬方醫學網"
"32765","吉林医学（护理版）","1004-0412","中文","2004-2004","萬方醫學網"
"32766","吉林医药学院学报","1673-2995","中文","2000-","萬方醫學網"
"32762","吉林大学学报（医学版）","1671-587X","中文","1999-","萬方醫學網"
"32767","吉林畜牧兽医","1672-2078","中文","2002-","萬方醫學網"
"32787","机器人外科学杂志（中英文）","2096-7721","西文","2020-","萬方醫學網"
"32796","江苏中医药","1672-397X","中文","2001-","萬方醫學網"
"32797","江苏医药","0253-3685","中文","1999-","萬方醫學網"
"32793","江苏卫生事业管理","1005-7803","中文","2001-","萬方醫學網"
"32794","江苏卫生保健","1008-7338","中文","2001-","萬方醫學網"
"32795","江苏大学学报（医学版）","1671-7783","中文","2001-","萬方醫學網"
"32798","江苏调味副食品","1006-8481","中文","2001-","萬方醫學網"
"32799","江苏预防医学","1006-9070","中文","2001-","萬方醫學網"
"32789","江西中医药","0411-9584","中文","2001-","萬方醫學網"
"32790","江西中医药大学学报","2095-7785","中文","1998-","萬方醫學網"
"32791","江西医药","1006-2238","中文","1998-","萬方醫學網"
"32792","江西畜牧兽医杂志","1004-2342","中文","2001-","萬方醫學網"
"32865","局解手术学杂志","1672-5042","中文","2001-","萬方醫學網"
"51109","技術服務","1017-0863","中文","19900301-","Airiti Library 【華藝中文電子期刊】"
"32903","足踝外科电子杂志","","中文","2014-","萬方醫學網"
"37510","奇美醫訊","","中文","20130601-present","Airiti Library 【華藝中文電子期刊】"
"33135","急性病杂志（英文版）","2221-6189","西文","2012-","萬方醫學網"
"33208","疾病监测","1003-9961","中文","1986-","萬方醫學網"
"33209","疾病预防控制通报","1000-3711","中文","1999-","萬方醫學網"
"33221","脊柱外科杂志","1672-2957","中文","2003-","萬方醫學網"
"36606","健康世界","1607-7059","中文","19760101-present","Airiti Library 【華藝中文電子期刊】"
"33237","健康之友","1002-8714","中文","2010-","萬方醫學網"
"33236","健康人生","1671-0061","中文","2001-2019","萬方醫學網"
"33240","健康体检与管理","2096-9449","中文","2020-","萬方醫學網"
"36608","健康促進暨衛生教育雜誌","1561-3852","中文","20090430-20120601","Airiti Library 【華藝中文電子期刊】"
"37525","健康促進研究與實務","2616-812X","中文","20180701-present","Airiti Library 【華藝中文電子期刊】"
"36609","健康促進與衛生教育學報","2070-1063","中文","20071201-","Airiti Library 【華藝中文電子期刊】"
"33243","健康博览","1006-415X","中文","2001-","萬方醫學網"
"33239","健康向导","1006-9038","中文","2004-","萬方醫學網"
"33238","健康天地","1002-431X","中文","2009-2010","萬方醫學網"
"33242","健康教育与健康促进","1673-6192","中文","2018-","萬方醫學網"
"49917","健康照護科學雜誌","2710-0340","中文","20231231-present","Airiti Library 【華藝中文電子期刊】"
"36607","健康生活與成功老化學刊","2076-5495","中文","20090430-","Airiti Library 【華藝中文電子期刊】"
"33241","健康研究","1674-6449","中文","2009-","萬方醫學網"
"37280","健康科技期刊","2311-2743","中文","20131201-present","Airiti Library 【華藝中文電子期刊】"
"37281","健康與建築雜誌","2310-1415","中文","20131001-20170201","Airiti Library 【華藝中文電子期刊】"
"33246","基因组学与应用生物学","1674-568X","中文","2009-2022","萬方醫學網"
"33247","基因组蛋白质组与生物信息学报（英文版）","1672-0229","西文","2003-2022","萬方醫學網"
"33248","基层中医药","2097-1222","中文","2022-","萬方醫學網"
"33249","基层医学论坛","1672-1721","中文","2002-","萬方醫學網"
"36621","基層醫學","","中文","20030101-","Airiti Library 【華藝中文電子期刊】"
"33250","基础医学与临床","1001-6325","中文","1999-","萬方醫學網"
"33251","基础医学教育","2095-1450","中文","2001-","萬方醫學網"
"33254","寄生虫与医学昆虫学报","1005-0507","中文","1994-","萬方醫學網"
"33255","寄生虫病与感染性疾病","1672-2116","中文","1999-","萬方醫學網"
"33257","教育生物学杂志","2095-4301","中文","2013-","萬方醫學網"
"33315","菌物学报","1672-6472","中文","2000-","萬方醫學網"
"36757","嘉南學報（人文類）","1023-4470","中文","20051201-","Airiti Library 【華藝中文電子期刊】"
"36758","嘉南學報（科技類）","1023-4470","中文","20051201-20111201","Airiti Library 【華藝中文電子期刊】"
"36759","嘉基藥訊","","中文","20030701-","Airiti Library 【華藝中文電子期刊】"
"36760","嘉基護理","1816-661x","中文","19671201-present","Airiti Library 【華藝中文電子期刊】"
"36756","嘉大農林學報","1029-0206","中文","20090901-present","Airiti Library 【華藝中文電子期刊】"
"33363","暨南大学学报（自然科学与医学版）","1000-9965","中文","1999-","萬方醫學網"
"33371","精准医学杂志","2096-529X","中文","2018-","萬方醫學網"
"33372","精神医学杂志","2095-9346","中文","2001-2022","萬方醫學網"
"36791","精神衛生護理雜誌","1004-3160","中文","20061101-present","Airiti Library 【華藝中文電子期刊】"
"33380","激光生物学报","1007-7146","中文","1999-","萬方醫學網"
"37534","檢驗及品保雜誌","2227-815X","中文","20120201-present","Airiti Library 【華藝中文電子期刊】"
"37539","鏡湖醫學","2223-4462","中文","20130601-present","Airiti Library 【華藝中文電子期刊】"
"37439","切膚之愛季刊","","中文","20080401-20191101","Airiti Library 【華藝中文電子期刊】"
"32616","气功与科学","1000-0895","中文","1999-1999","萬方醫學網"
"49913","全人健康學術研討暨臨床個案技術發表會論文摘要集","","中文","20240601-present","Airiti Library 【華藝中文電子期刊】"
"51116","全球中醫藥學術大會年報","","中文","20240928-","Airiti Library 【華藝中文電子期刊】"
"32735","全球健康杂志（英文）","2096-3947","西文","2017-","萬方醫學網"
"32733","全科医学临床与教育","1672-3686","中文","2003-","萬方醫學網"
"32732","全科口腔医学电子杂志","2095-7882","中文","2014-2022","萬方醫學網"
"32734","全科护理","1674-4748","中文","2006-","萬方醫學網"
"32884","求医问药·女人健康","1672-2523","中文","2010-2010","萬方醫學網"
"32882","求医问药（上半月）","1672-2523","中文","2010-2014","萬方醫學網"
"32883","求医问药（下半月）","1672-2523","中文","2010-2013","萬方醫學網"
"33066","青岛医药卫生","1006-5571","中文","2005-","萬方醫學網"
"33065","青岛大学学报（医学版）","1672-4488","中文","1999-","萬方醫學網"
"33067","青春期健康","1672-6502","中文","2009-","萬方醫學網"
"33068","青海医药杂志","1007-3795","中文","2001-","萬方醫學網"
"33069","青海畜牧兽医杂志","1003-7950","中文","2000-","萬方醫學網"
"33377","器官移植","1674-7445","中文","2010-","萬方醫學網"
"33387","黔南民族医专学报","1008-4983","中文","2000-","萬方醫學網"
"32602","心理与行为研究","1672-0628","中文","2005-","萬方醫學網"
"32605","心理医生","1007-8231","中文","2015-2019","萬方醫學網"
"32606","心理医生（下半月版）","1007-8231","中文","2012-2012","萬方醫學網"
"32604","心理发展与教育","1001-4918","中文","2000-","萬方醫學網"
"32608","心理学报","0439-755X","中文","2000-","萬方醫學網"
"32609","心理学探新","1003-5184","中文","1999-2022","萬方醫學網"
"32607","心理技术与应用","2095-5588","中文","2013-","萬方醫學網"
"32603","心理月刊","1673-6796","中文","2018-","萬方醫學網"
"32610","心理研究","2095-1159","中文","2008-","萬方醫學網"
"32611","心理科学","1671-6981","中文","2000-","萬方醫學網"
"32612","心理科学进展","1671-3710","中文","1998-","萬方醫學網"
"32593","心电与循环","2095-3933","中文","1991-","萬方醫學網"
"32594","心电图杂志（电子版）","2095-4220","中文","2012-2020","萬方醫學網"
"32599","心肺血管病杂志","1007-5062","中文","1999-","萬方醫學網"
"32600","心脏杂志","1009-7236","中文","2000-","萬方醫學網"
"32601","心脑血管病防治","1009-816X","中文","2001-","萬方醫學網"
"32595","心血管外科杂志（电子版）","2095-2260","中文","2012-2020","萬方醫學網"
"32598","心血管康复医学杂志","1008-0074","中文","1999-","萬方醫學網"
"32597","心血管病学进展","1004-3934","中文","2000-","萬方醫學網"
"32596","心血管病防治知识","1672-3015","中文","2011-","萬方醫學網"
"36416","休閒保健期刊","2075-3683","中文","20090630-","Airiti Library 【華藝中文電子期刊】"
"32803","血栓与止血学","1009-6213","中文","2001-","萬方醫學網"
"32804","血管与腔内血管外科杂志","2096-0646","中文","2015-","萬方醫學網"
"37260","血管醫學防治季刊","","中文","20091201-20181201","Airiti Library 【華藝中文電子期刊】"
"32805","西北国防医学杂志","1007-8622","中文","1985-2021","萬方醫學網"
"32806","西北植物学报","1000-4025","中文","1999-","萬方醫學網"
"32807","西北药学杂志","1004-2407","中文","1999-","萬方醫學網"
"32809","西南军医","1672-7193","中文","2003-2021","萬方醫學網"
"32810","西南医科大学学报","2096-3351","中文","2001-","萬方醫學網"
"32811","西南国防医药","1004-0188","中文","2000-2021","萬方醫學網"
"32808","西安交通大学学报（医学版）","1671-8259","中文","1999-","萬方醫學網"
"32814","西藏医药","1005-5177","中文","2001-","萬方醫學網"
"32815","西藏科技","1004-3403","中文","2001-","萬方醫學網"
"32812","西部中医药","1004-6852","中文","2001-","萬方醫學網"
"32813","西部医学","1672-3511","中文","2001-","萬方醫學網"
"36454","秀傳季刊","","中文","20080701-","Airiti Library 【華藝中文電子期刊】"
"36455","秀傳醫學雜誌","1561-0497","中文","19981001-present","Airiti Library 【華藝中文電子期刊】"
"32889","系统医学","2096-1782","中文","2016-","萬方醫學網"
"36471","性/別教育","","中文","19971201-","Airiti Library 【華藝中文電子期刊】"
"33176","徐州医科大学学报","2096-3882","中文","2001-","萬方醫學網"
"33198","消化肿瘤杂志（电子版）","1674-7402","中文","2008-","萬方醫學網"
"36586","胸腔醫學","1023-9855","中文","20000601-present","Airiti Library 【華藝中文電子期刊】"
"33276","循证医学","1671-5144","中文","2001-","萬方醫學網"
"33277","循证护理","2095-8668","中文","2015-","萬方醫學網"
"33301","湘南学院学报（医学版）","1673-498X","中文","2003-2022","萬方醫學網"
"49919","鄉間小路","1015-8367","中文","20170115-present","Airiti Library 【華藝中文電子期刊】"
"49920","鄉間小路","1015-8367","中文","20170115-present","Airiti Library 【華藝中文電子期刊】"
"33337","新中医","0256-7415","中文","1989-","萬方醫學網"
"33336","新乡医学院学报","1004-7239","中文","2000-","萬方醫學網"
"33339","新医学","0253-9802","中文","1998-","萬方醫學網"
"33338","新发传染病电子杂志","2096-2738","中文","2016-","萬方醫學網"
"33340","新疆中医药","1009-3931","中文","2001-","萬方醫學網"
"33341","新疆医学","1001-5183","中文","2001-","萬方醫學網"
"33342","新疆医科大学学报","1009-5551","中文","2001-","萬方醫學網"
"33343","新疆维吾尔医学专科学校学报（维文版）","1009-5977","中文","2013-2017","萬方醫學網"
"36705","新臺北護理期刊","1563-1230","中文","19990901-present","Airiti Library 【華藝中文電子期刊】"
"33356","解剖学报","0529-1356","中文","1989-","萬方醫學網"
"33355","解剖学杂志","1001-1633","中文","1997-","萬方醫學網"
"33357","解剖学研究","1671-0770","中文","2000-","萬方醫學網"
"33358","解剖科学进展","1006-2947","中文","2000-2022","萬方醫學網"
"33353","解放军健康","1000-9701","中文","2000-2021","萬方醫學網"
"33348","解放军医学杂志","0577-7402","中文","1998-","萬方醫學網"
"33349","解放军医学院学报","2095-5227","中文","1980-","萬方醫學網"
"33351","解放军医药杂志","2095-140X","中文","2001-2022","萬方醫學網"
"33350","解放军医院管理杂志","1008-9985","中文","2000-2021","萬方醫學網"
"33354","解放军药学学报","1008-9926","中文","1999-","萬方醫學網"
"33352","解放军预防医学杂志","1001-5248","中文","2000-2021","萬方醫學網"
"36875","學校衛生","1561-8137","中文","19971201-present","Airiti Library 【華藝中文電子期刊】"
"36876","學校衛生護理雜誌","2073-9834","中文","20100101-present","Airiti Library 【華藝中文電子期刊】"
"32556","中兽医学杂志","1003-8655","中文","1999-","萬方醫學網"
"32214","中医临床研究","1674-7860","中文","2009-","萬方醫學網"
"32217","中医健康养生","2095-9028","中文","2016-","萬方醫學網"
"32205","中医儿科杂志","1673-4297","中文","2005-","萬方醫學網"
"32207","中医外治杂志","1006-978X","中文","2001-","萬方醫學網"
"32211","中医学报","1674-8999","中文","1994-","萬方醫學網"
"32212","中医学报（英文）","2096-918X","西文","2021-","萬方醫學網"
"32218","中医教育","1003-305X","中文","1999-","萬方醫學網"
"32206","中医文献杂志","1006-4737","中文","2001-","萬方醫學網"
"32209","中医杂志","1001-1668","中文","1995-","萬方醫學網"
"32210","中医杂志（英文版）","0255-2922","西文","2000-","萬方醫學網"
"32208","中医正骨","1001-6015","中文","2000-","萬方醫學網"
"32219","中医眼耳鼻喉杂志","1674-9006","中文","2011-","萬方醫學網"
"32215","中医研究","1001-6910","中文","2001-","萬方醫學網"
"32216","中医科学杂志（英文）","2095-7548","西文","2014-","萬方醫學網"
"32213","中医肿瘤学杂志","2096-6628","中文","2019-","萬方醫學網"
"32224","中医药临床杂志","1672-7134","中文","2001-","萬方醫學網"
"32225","中医药信息","1002-2406","中文","1990-","萬方醫學網"
"32223","中医药学报","1002-2392","中文","1989-","萬方醫學網"
"32222","中医药导报","1672-951X","中文","2001-","萬方醫學網"
"32220","中医药文化","1673-6281","中文","2001-","萬方醫學網"
"32221","中医药文化（英文）","2589-9627","西文","2018-","萬方醫學網"
"32227","中医药管理杂志","1007-9203","中文","1996-","萬方醫學網"
"32226","中医药通报","1671-2749","中文","2002-","萬方醫學網"
"32134","中华中医药学刊","1673-7717","中文","2001-","萬方醫學網"
"32133","中华中医药杂志","1673-1727","中文","1991-","萬方醫學網"
"32169","中华临床免疫和变态反应杂志","1673-8705","中文","2007-","萬方醫學網"
"32170","中华临床医师杂志（电子版）","1674-0785","中文","2007-","萬方醫學網"
"32171","中华临床实验室管理电子杂志","2095-5820","中文","2013-","萬方醫學網"
"32159","中华乳腺病杂志（电子版）","1674-0807","中文","2007-","萬方醫學網"
"32137","中华产科急救电子杂志","2095-3259","中文","2012-","萬方醫學網"
"32135","中华介入放射学电子杂志","2095-5782","中文","2013-","萬方醫學網"
"32172","中华保健医学杂志","1674-3245","中文","1999-","萬方醫學網"
"32138","中华全科医学","1674-4152","中文","2003-","萬方醫學網"
"32139","中华关节外科杂志（电子版）","1674-134X","中文","2007-","萬方醫學網"
"32173","中华养生保健","1009-8011","中文","2001-","萬方醫學網"
"32149","中华医学图书情报杂志","1671-3982","中文","1992-2022","萬方醫學網"
"32150","中华医学超声杂志（电子版）","1672-6448","中文","2004-","萬方醫學網"
"32151","中华医院感染学杂志","1005-4529","中文","1999-","萬方醫學網"
"32131","中华卫生应急电子杂志","2095-9133","中文","2015-","萬方醫學網"
"32130","中华卫生杀虫药械","1671-2781","中文","2001-2022","萬方醫學網"
"32140","中华危重症医学杂志（电子版）","1674-6880","中文","2008-","萬方醫學網"
"32132","中华口腔医学研究杂志（电子版）","1674-1366","中文","2008-","萬方醫學網"
"32180","中华哮喘杂志（电子版）","1674-3911","中文","2007-2013","萬方醫學網"
"32141","中华妇幼临床医学杂志（电子版）","1673-5250","中文","2005-","萬方醫學網"
"32160","中华实用诊断与治疗杂志","1674-3474","中文","2001-","萬方醫學網"
"32161","中华实验和临床感染病杂志（电子版）","1674-1358","中文","2007-","萬方醫學網"
"32136","中华心脏与心律电子杂志","2095-6568","中文","2013-","萬方醫學網"
"32174","中华急危重症护理杂志","2096-7446","中文","2020-","萬方醫學網"
"32153","中华护理教育","1672-9234","中文","2004-","萬方醫學網"
"32152","中华护理杂志","0254-1769","中文","1998-","萬方醫學網"
"32181","中华损伤与修复杂志（电子版）","1673-9450","中文","2006-","萬方醫學網"
"32195","中华普外科手术学杂志（电子版）","1674-3946","中文","2007-","萬方醫學網"
"32196","中华普通外科学文献（电子版）","1674-0793","中文","2007-","萬方醫學網"
"32182","中华消化病与影像杂志（电子版）","2095-2015","中文","2011-","萬方醫學網"
"32154","中华灾害救援医学","2095-6274","中文","2013-2022","萬方醫學網"
"32192","中华理疗杂志","0254-1408","中文","1998-2001","萬方醫學網"
"32155","中华男科学杂志","1009-3591","中文","1995-","萬方醫學網"
"32162","中华疝和腹壁外科杂志（电子版）","1674-392X","中文","2007-","萬方醫學網"
"32183","中华疾病控制杂志","1674-3679","中文","1999-","萬方醫學網"
"32193","中华眼科医学杂志（电子版）","2095-2007","中文","2011-","萬方醫學網"
"32185","中华神经创伤外科电子杂志","2095-9141","中文","2015-","萬方醫學網"
"32184","中华神经外科疾病研究杂志","1671-2897","中文","2002-2018","萬方醫學網"
"32194","中华移植杂志（电子版）","1674-3903","中文","2007-","萬方醫學網"
"32163","中华细胞与干细胞杂志（电子版）","2095-1221","中文","2011-","萬方醫學網"
"32175","中华结直肠疾病电子杂志","2095-3224","中文","2012-","萬方醫學網"
"32142","中华老年口腔医学杂志","1672-2973","中文","2003-","萬方醫學網"
"32144","中华老年多器官疾病杂志","1671-5403","中文","2002-","萬方醫學網"
"32143","中华老年心脑血管病杂志","1009-0126","中文","2000-","萬方醫學網"
"32145","中华老年病研究电子杂志","2095-8757","中文","2014-","萬方醫學網"
"32146","中华老年骨科与康复电子杂志","2096-0263","中文","2015-","萬方醫學網"
"32147","中华耳科学杂志","1672-2922","中文","2003-","萬方醫學網"
"32148","中华耳科学杂志（英文版）","1672-2930","西文","2006-","萬方醫學網"
"32156","中华肝脏外科手术学电子杂志","2095-3232","中文","2012-","萬方醫學網"
"32164","中华肥胖与代谢病电子杂志","2095-9605","中文","2015-","萬方醫學網"
"32165","中华肩肘外科电子杂志","2095-5790","中文","2013-","萬方醫學網"
"32166","中华肺部疾病杂志（电子版）","1674-6902","中文","2009-","萬方醫學網"
"32167","中华肾病研究电子杂志","2095-3216","中文","2012-","萬方醫學網"
"32168","中华肿瘤防治杂志","1673-5269","中文","1998-","萬方醫學網"
"32176","中华胃肠内镜电子杂志","2095-7157","中文","2014-","萬方醫學網"
"32177","中华胃食管反流病电子杂志","2095-8765","中文","2014-2022","萬方醫學網"
"32186","中华胸部外科电子杂志","2095-8773","中文","2014-","萬方醫學網"
"32188","中华脑科疾病与康复杂志（电子版）","2095-123X","中文","2011-","萬方醫學網"
"32187","中华脑血管病杂志（电子版）","1673-9248","中文","2007-","萬方醫學網"
"32197","中华腔镜外科杂志（电子版）","1674-6899","中文","2008-","萬方醫學網"
"32198","中华腔镜泌尿外科杂志（电子版）","1674-3253","中文","2007-","萬方醫學網"
"32157","中华诊断学电子杂志","2095-655X","中文","2013-","萬方醫學網"
"32178","中华重症医学电子杂志","2096-1537","中文","2015-2019","萬方醫學網"
"32179","中华重症医学电子杂志（网络版）","2096-1537","中文","2015-","萬方醫學網"
"32158","中华针灸电子杂志","2095-3240","中文","2012-","萬方醫學網"
"32189","中华骨与关节外科杂志","2095-9958","中文","2008-","萬方醫學網"
"32190","中华骨质疏松和骨矿盐疾病杂志","1674-2591","中文","2008-","萬方醫學網"
"32191","中华高血压杂志","1673-7245","中文","1999-","萬方醫學網"
"32552","中南医学科学杂志","2095-1116","中文","1994-","萬方醫學網"
"32551","中南大学学报（医学版）","1672-7347","中文","1999-","萬方醫學網"
"36123","中南盟研究年刊","2078-4856","中文","20041101-20110910","Airiti Library 【華藝中文電子期刊】"
"36124","中南盟臨床專刊","2218-0397","中文","20101231-20110801","Airiti Library 【華藝中文電子期刊】"
"32553","中南药学","1672-2981","中文","2003-","萬方醫學網"
"32228","中国CT和MRI杂志","1672-5131","中文","2003-","萬方醫學網"
"32262","中国中医基础医学杂志","1006-3250","中文","1999-","萬方醫學網"
"32260","中国中医急症","1004-745X","中文","2000-","萬方醫學網"
"32263","中国中医眼科杂志","1002-4379","中文","1999-","萬方醫學網"
"32266","中国中医药信息杂志","1005-5304","中文","1998-","萬方醫學網"
"32267","中国中医药咨讯","1002-0187","中文","2010-2012","萬方醫學網"
"32264","中国中医药图书情报杂志","2095-5707","中文","2013-","萬方醫學網"
"32265","中国中医药现代远程教育","1672-2779","中文","2003-","萬方醫學網"
"32268","中国中医药科技","1005-7072","中文","1995-","萬方醫學網"
"32261","中国中医骨伤科杂志","1005-0205","中文","1999-","萬方醫學網"
"32269","中国中药杂志","1001-5302","中文","1990-","萬方醫學網"
"32251","中国中西医结合儿科学","1674-3865","中文","2007-","萬方醫學網"
"32252","中国中西医结合外科杂志","1007-6948","中文","2001-","萬方醫學網"
"32259","中国中西医结合影像学杂志","1672-0512","中文","2003-","萬方醫學網"
"32257","中国中西医结合急救杂志","1008-9691","中文","1994-","萬方醫學網"
"32254","中国中西医结合杂志","1003-5370","中文","1997-","萬方醫學網"
"32258","中国中西医结合消化杂志","1671-038X","中文","1993-","萬方醫學網"
"32253","中国中西医结合皮肤性病学杂志","1672-0709","中文","2002-","萬方醫學網"
"32255","中国中西医结合耳鼻咽喉科杂志","1007-4856","中文","2000-","萬方醫學網"
"32256","中国中西医结合肾病杂志","1009-587X","中文","2000-","萬方醫學網"
"32428","中国临床保健杂志","1672-6790","中文","2001-","萬方醫學網"
"32425","中国临床医学","1008-6358","中文","2000-","萬方醫學網"
"32426","中国临床医学影像杂志","1008-1062","中文","1993-","萬方醫學網"
"32424","中国临床医生杂志","2095-8552","中文","2000-","萬方醫學網"
"32423","中国临床心理学杂志","1005-3611","中文","1997-","萬方醫學網"
"32427","中国临床护理","1674-3768","中文","2009-","萬方醫學網"
"32435","中国临床新医学","1674-3806","中文","2008-","萬方醫學網"
"32429","中国临床研究","1674-8182","中文","2001-","萬方醫學網"
"32430","中国临床神经外科杂志","1009-153X","中文","2000-","萬方醫學網"
"32431","中国临床神经科学","1008-0678","中文","1999-","萬方醫學網"
"32432","中国临床药学杂志","1007-4406","中文","2000-2022","萬方醫學網"
"32433","中国临床药理学与治疗学","1009-2501","中文","1999-","萬方醫學網"
"32434","中国临床药理学杂志","1001-6821","中文","2000-","萬方醫學網"
"32436","中国临床解剖学杂志","1001-165X","中文","1989-","萬方醫學網"
"32232","中国乡村医药","1006-5180","中文","2001-","萬方醫學網"
"32298","中国产前诊断杂志（电子版）","1674-7399","中文","2008-","萬方醫學網"
"32230","中国人兽共患病学报","1002-2694","中文","1995-","萬方醫學網"
"32229","中国人民解放军军医大学学报（英文版）","1000-1948","西文","2001-2013","萬方醫學網"
"32271","中国介入影像与治疗学","1672-8475","中文","2004-","萬方醫學網"
"32270","中国介入心脏病学杂志","1004-8812","中文","2000-","萬方醫學網"
"32299","中国优生与遗传杂志","1006-9534","中文","2000-","萬方醫學網"
"32300","中国优生优育","1007-3434","中文","2007-2014","萬方醫學網"
"32301","中国伤残医学","1673-6567","中文","2000-","萬方醫學網"
"32327","中国体外循环杂志","1672-1403","中文","2003-","萬方醫學網"
"32328","中国体视学与图像分析","1007-1482","中文","2001-2022","萬方醫學網"
"32437","中国保健营养","1004-7484","中文","2015-","萬方醫學網"
"32438","中国保健营养（上旬刊）","1004-7484","中文","2001-2014","萬方醫學網"
"32439","中国保健营养（下旬刊）","1004-7484","中文","2012-2014","萬方醫學網"
"32440","中国保健营养（中旬刊）","1004-7484","中文","2012-2014","萬方醫學網"
"32441","中国信息界-e医疗","1671-3370","中文","2010-2016","萬方醫學網"
"32457","中国修复重建外科杂志","1002-1892","中文","1995-","萬方醫學網"
"32486","中国健康心理学杂志","1005-1252","中文","2000-","萬方醫學網"
"32488","中国健康教育","1002-9982","中文","1999-","萬方醫學網"
"32487","中国健康月刊","1005-0515","中文","2001-2011","萬方醫學網"
"32231","中国儿童保健杂志","1008-6579","中文","2000-","萬方醫學網"
"32329","中国免疫学杂志","1000-484X","中文","1998-","萬方醫學網"
"32330","中国免疫学杂志（英文版）","1672-7681","西文","2004-2022","萬方醫學網"
"32302","中国全科医学","1007-9572","中文","2000-","萬方醫學網"
"32272","中国公共卫生","1001-0580","中文","1997-","萬方醫學網"
"32273","中国公共卫生管理","1001-9561","中文","2001-","萬方醫學網"
"32489","中国兽医杂志","0529-6005","中文","1998-","萬方醫學網"
"32490","中国兽药杂志","1002-1280","中文","1999-","萬方醫學網"
"32274","中国内镜杂志","1007-1989","中文","1997-","萬方醫學網"
"32303","中国农村卫生","1674-361X","中文","2012-","萬方醫學網"
"32304","中国农村卫生事业管理","1005-5916","中文","2001-","萬方醫學網"
"32331","中国冶金工业医学杂志","1005-5495","中文","2001-","萬方醫學網"
"32275","中国分子心脏病学杂志","1671-6272","中文","2001-","萬方醫學網"
"32382","中国初级卫生保健","1001-568X","中文","1999-","萬方醫學網"
"32305","中国动物传染病学报","1674-6422","中文","2001-","萬方醫學網"
"32306","中国动物保健","1008-4754","中文","2001-","萬方醫學網"
"32307","中国动物检疫","1005-944X","中文","2001-","萬方醫學網"
"32308","中国动脉硬化杂志","1007-3949","中文","2000-","萬方醫學網"
"32332","中国医刊","1008-1070","中文","1998-","萬方醫學網"
"32340","中国医学人文","2095-9753","中文","2015-","萬方醫學網"
"32346","中国医学伦理学","1001-8565","中文","2000-","萬方醫學網"
"32347","中国医学创新","1674-4985","中文","2008-","萬方醫學網"
"32349","中国医学前沿杂志（电子版）","1674-7372","中文","2008-","萬方醫學網"
"32341","中国医学工程","1672-2019","中文","2002-","萬方醫學網"
"32355","中国医学影像学杂志","1005-5185","中文","2000-","萬方醫學網"
"32354","中国医学影像技术","1003-3289","中文","1998-","萬方醫學網"
"32352","中国医学教育技术","1004-5287","中文","2000-","萬方醫學網"
"32342","中国医学文摘-中医","0254-9042","中文","2008-2013","萬方醫學網"
"32343","中国医学文摘-内科学分册（英文版）","1000-9086","西文","2010-","萬方醫學網"
"32344","中国医学文摘-耳鼻咽喉科学","1001-1307","中文","2007-","萬方醫學網"
"32348","中国医学物理学杂志","1005-202X","中文","1999-","萬方醫學網"
"32350","中国医学科学杂志（英文版）","1001-9294","西文","1998-","萬方醫學網"
"32351","中国医学科学院学报","1000-503X","中文","1998-","萬方醫學網"
"32353","中国医学装备","1672-8270","中文","2004-","萬方醫學網"
"32345","中国医学计算机成像杂志","1006-5741","中文","1999-","萬方醫學網"
"32334","中国医疗保险","1674-3830","中文","2008-","萬方醫學網"
"32335","中国医疗前沿","1673-5552","中文","2006-2013","萬方醫學網"
"32339","中国医疗器械信息","1006-6586","中文","2001-","萬方醫學網"
"32338","中国医疗器械杂志","1671-7104","中文","1999-","萬方醫學網"
"32337","中国医疗管理科学","2095-7432","中文","2014-","萬方醫學網"
"32336","中国医疗美容","2095-0721","中文","2013-","萬方醫學網"
"32333","中国医疗设备","1674-1633","中文","2000-","萬方醫學網"
"32356","中国医科大学学报","0258-4646","中文","1998-","萬方醫學網"
"32363","中国医药","1673-4777","中文","2006-","萬方醫學網"
"32366","中国医药导刊","1009-0959","中文","2000-","萬方醫學網"
"32367","中国医药导报","1673-7210","中文","2004-","萬方醫學網"
"32364","中国医药工业杂志","1001-8255","中文","2000-","萬方醫學網"
"32368","中国医药技术经济与管理","1673-9809","中文","2007-2009","萬方醫學網"
"32369","中国医药指南","1671-8194","中文","2003-","萬方醫學網"
"32365","中国医药生物技术","1673-713X","中文","2006-","萬方醫學網"
"32370","中国医药科学","2095-0616","中文","2011-","萬方醫學網"
"32357","中国医院","1671-0592","中文","2001-","萬方醫學網"
"32359","中国医院建筑与装备","1671-9174","中文","2003-","萬方醫學網"
"32358","中国医院用药评价与分析","1672-2124","中文","2001-","萬方醫學網"
"32362","中国医院管理","1001-5329","中文","1997-","萬方醫學網"
"32360","中国医院统计","1006-5253","中文","2001-","萬方醫學網"
"32361","中国医院院长","1674-3989","中文","2006-","萬方醫學網"
"32383","中国卒中杂志","1673-5765","中文","2006-","萬方醫學網"
"32236","中国卫生事业管理","1004-4663","中文","2000-","萬方醫學網"
"32235","中国卫生产业","1672-5654","中文","2003-","萬方醫學網"
"32233","中国卫生人才","1008-7370","中文","2002-","萬方醫學網"
"32239","中国卫生信息管理杂志","1672-5166","中文","2007-","萬方醫學網"
"32234","中国卫生工程学","1671-4199","中文","2002-","萬方醫學網"
"32240","中国卫生政策研究","1674-2982","中文","2008-","萬方醫學網"
"32241","中国卫生标准管理","1674-9316","中文","2010-","萬方醫學網"
"32245","中国卫生检验杂志","1004-8685","中文","2000-","萬方醫學網"
"32243","中国卫生监督杂志","1007-6131","中文","2001-2022","萬方醫學網"
"32237","中国卫生经济","1003-0743","中文","2000-","萬方醫學網"
"32242","中国卫生统计","1002-3674","中文","1999-","萬方醫學網"
"32238","中国卫生质量管理","1006-7515","中文","2003-","萬方醫學網"
"32244","中国卫生资源","1007-953X","中文","2001-","萬方醫學網"
"32246","中国口腔医学继续教育杂志","1009-2900","中文","2002-","萬方醫學網"
"32247","中国口腔种植学杂志","1007-3957","中文","2000-","萬方醫學網"
"32248","中国口腔颌面外科杂志","1672-3244","中文","2003-","萬方醫學網"
"32309","中国合理用药探索","2096-3327","中文","2008-","萬方醫學網"
"32371","中国听力语言康复科学杂志","1672-4933","中文","2003-","萬方醫學網"
"32384","中国呼吸与危重监护杂志","1671-6205","中文","2002-2022","萬方醫學網"
"32385","中国国境卫生检疫杂志","1004-9770","中文","2000-","萬方醫學網"
"32310","中国地方病防治杂志","1001-1889","中文","2000-","萬方醫學網"
"32442","中国城乡企业卫生","1003-5052","中文","2001-","萬方醫學網"
"32284","中国处方药","1671-945X","中文","2002-","萬方醫學網"
"32276","中国天然药物","2095-6975","中文","2003-","萬方醫學網"
"32313","中国妇产科临床杂志","1672-1861","中文","2001-","萬方醫學網"
"32311","中国妇幼保健","1001-4411","中文","2000-","萬方醫學網"
"32312","中国妇幼健康研究","1673-5293","中文","2001-","萬方醫學網"
"32501","中国媒介生物学及控制杂志","1003-8280","中文","1998-","萬方醫學網"
"32386","中国学校卫生","1000-9817","中文","2000-","萬方醫學網"
"32388","中国实用乡村医生杂志","1672-7185","中文","1998-","萬方醫學網"
"32387","中国实用儿科杂志","1005-2224","中文","1996-","萬方醫學網"
"32390","中国实用内科杂志","1005-2194","中文","1995-","萬方醫學網"
"32393","中国实用医药","1673-7555","中文","2006-","萬方醫學網"
"32389","中国实用口腔科杂志","1674-1595","中文","2008-","萬方醫學網"
"32391","中国实用外科杂志","1005-2208","中文","1992-","萬方醫學網"
"32392","中国实用妇科与产科杂志","1005-2216","中文","1994-","萬方醫學網"
"32394","中国实用神经疾病杂志","1673-5110","中文","2001-","萬方醫學網"
"32396","中国实验动物学报","1005-4847","中文","1999-","萬方醫學網"
"32395","中国实验方剂学杂志","1005-9903","中文","2000-","萬方醫學網"
"32397","中国实验血液学杂志","1009-2137","中文","2000-","萬方醫學網"
"32398","中国实验诊断学","1007-4287","中文","2000-","萬方醫學網"
"32491","中国寄生虫学与寄生虫病杂志","1000-7423","中文","2000-","萬方醫學網"
"32249","中国小儿血液与肿瘤杂志","1673-5323","中文","2001-","萬方醫學網"
"32250","中国工业医学杂志","1002-221X","中文","1999-","萬方醫學網"
"32373","中国应急救援","1673-5579","中文","2011-","萬方醫學網"
"32372","中国应用生理学杂志","1000-6834","中文","2000-2022","萬方醫學網"
"32492","中国康复","1001-2001","中文","1998-","萬方醫學網"
"32493","中国康复医学杂志","1001-1242","中文","1998-","萬方醫學網"
"32494","中国康复理论与实践","1006-9771","中文","2000-","萬方醫學網"
"32314","中国当代儿科杂志","1008-8830","中文","2000-","萬方醫學網"
"32315","中国当代医药","1674-4721","中文","2008-","萬方醫學網"
"32505","中国循环杂志","1000-3614","中文","1999-","萬方醫學網"
"32506","中国循环研究杂志","1009-7163","中文","2006-2006","萬方醫學網"
"32502","中国循证儿科杂志","1673-5501","中文","2006-","萬方醫學網"
"32504","中国循证医学杂志","1672-2531","中文","2001-2021","萬方醫學網"
"32503","中国循证心血管医学杂志","1674-4055","中文","2008-","萬方醫學網"
"32532","中国微侵袭神经外科杂志","1009-122X","中文","2000-2021","萬方醫學網"
"32531","中国微创外科杂志","1009-6604","中文","2001-","萬方醫學網"
"32533","中国微循环","1007-8568","中文","1999-2009","萬方醫學網"
"32530","中国微生态学杂志","1005-376X","中文","1999-","萬方醫學網"
"32280","中国心理卫生杂志","1000-6729","中文","1993-","萬方醫學網"
"32279","中国心脏起搏与心电生理杂志","1007-2659","中文","1998-","萬方醫學網"
"32277","中国心血管杂志","1007-5410","中文","2001-","萬方醫學網"
"32278","中国心血管病研究","1672-5301","中文","2003-","萬方醫學網"
"32443","中国急救医学","1002-1949","中文","1999-","萬方醫學網"
"32444","中国急救复苏与灾害医学杂志","1673-6966","中文","2006-","萬方醫學網"
"32399","中国性科学","1672-1993","中文","1994-","萬方醫學網"
"32534","中国感染与化疗杂志","1009-7708","中文","2001-","萬方醫學網"
"32535","中国感染控制杂志","1671-9638","中文","2002-","萬方醫學網"
"32542","中国慢性病预防与控制","1004-6194","中文","1999-","萬方醫學網"
"32374","中国抗生素杂志","1001-8689","中文","1997-","萬方醫學網"
"32375","中国护理管理","1672-1756","中文","2003-","萬方醫學網"
"32536","中国数字医学","1673-7571","中文","2006-","萬方醫學網"
"32543","中国整形与重建外科（英文）","2096-6911","西文","2019-","萬方醫學網"
"32495","中国斜视与小儿眼科杂志","1005-328X","中文","1993-","萬方醫學網"
"32537","中国新药与临床杂志","1007-7669","中文","1989-","萬方醫學網"
"32538","中国新药杂志","1003-3734","中文","1998-","萬方醫學網"
"32507","中国普外基础与临床杂志","1007-9424","中文","1999-","萬方醫學網"
"32508","中国普通外科杂志","1005-6947","中文","2000-","萬方醫學網"
"32458","中国校医","1001-7062","中文","2001-","萬方醫學網"
"32281","中国比较医学杂志","1671-7856","中文","1999-","萬方醫學網"
"32316","中国毕业后医学教育","2096-4293","中文","2017-","萬方醫學網"
"32286","中国民康医学","1672-0369","中文","2001-","萬方醫學網"
"32288","中国民族医药杂志","1006-6810","中文","1997-","萬方醫學網"
"32287","中国民族民间医药","1007-8517","中文","2000-","萬方醫學網"
"32285","中国民间疗法","1007-5798","中文","1999-","萬方醫學網"
"32400","中国法医学杂志","1001-5728","中文","2000-","萬方醫學網"
"32459","中国海洋药物","1002-3461","中文","2000-","萬方醫學網"
"32460","中国消毒学杂志","1001-7658","中文","1984-","萬方醫學網"
"32544","中国激光医学杂志","1003-9430","中文","1998-","萬方醫學網"
"32461","中国烧伤创疡杂志","1001-0726","中文","1995-","萬方醫學網"
"32462","中国热带医学","1009-9727","中文","2001-","萬方醫學網"
"32539","中国煤炭工业医学杂志","1007-9564","中文","2000-","萬方醫學網"
"32401","中国现代中药","1673-4890","中文","2000-","萬方醫學網"
"32404","中国现代医学杂志","1005-8982","中文","1999-","萬方醫學網"
"32403","中国现代医生","1673-9701","中文","2007-","萬方醫學網"
"32405","中国现代医药杂志","1672-9463","中文","2001-","萬方醫學網"
"32406","中国现代应用药学","1007-7693","中文","1984-","萬方醫學網"
"32402","中国现代手术学杂志","1009-2188","中文","2000-","萬方醫學網"
"32408","中国现代普通外科进展","1009-9905","中文","2000-","萬方醫學網"
"32407","中国现代神经疾病杂志","1672-6731","中文","2001-","萬方醫學網"
"32409","中国现代药物应用","1673-9523","中文","2007-","萬方醫學網"
"32289","中国生化药物杂志","1005-1678","中文","2000-2017","萬方醫學網"
"32295","中国生物制品学杂志","1004-5503","中文","2000-","萬方醫學網"
"32292","中国生物化学与分子生物学报","1007-7626","中文","2000-","萬方醫學網"
"32293","中国生物医学工程学报","0258-8021","中文","1994-","萬方醫學網"
"32294","中国生物医学工程学报（英文版）","1004-0552","西文","2001-","萬方醫學網"
"32291","中国生物工程杂志","1671-8135","中文","2000-","萬方醫學網"
"32296","中国生物美容","1674-7577","中文","2009-2010","萬方醫學網"
"32290","中国生育健康杂志","1671-878X","中文","2001-","萬方醫學網"
"32376","中国男科学杂志","1008-0848","中文","2000-","萬方醫學網"
"32463","中国畜牧兽医","1671-7236","中文","2000-","萬方醫學網"
"32377","中国疗养医学","1005-619X","中文","2001-","萬方醫學網"
"32445","中国疫苗和免疫","1006-916X","中文","1999-","萬方醫學網"
"32464","中国疼痛医学杂志","1006-9852","中文","2000-","萬方醫學網"
"32466","中国病原生物学杂志","1673-5234","中文","2000-","萬方醫學網"
"32467","中国病案","1672-2566","中文","2001-","萬方醫學網"
"32465","中国病毒学","1674-0769","中文","1999-","萬方醫學網"
"32468","中国病理生理杂志","1000-4718","中文","1985-","萬方醫學網"
"32546","中国癌症杂志","1007-3639","中文","2000-","萬方醫學網"
"32548","中国癌症研究（英文版）","1000-9604","西文","1998-","萬方醫學網"
"32547","中国癌症防治杂志","1674-5671","中文","2001-","萬方醫學網"
"32297","中国皮肤性病学杂志","1001-7089","中文","2000-","萬方醫學網"
"32469","中国真菌学杂志","1673-3827","中文","2006-","萬方醫學網"
"32496","中国眼耳鼻喉科杂志","1671-2420","中文","2001-","萬方醫學網"
"32497","中国矫形外科杂志","1005-8478","中文","2000-","萬方醫學網"
"32446","中国研究型医院","2095-8781","中文","2014-","萬方醫學網"
"32412","中国社会医学杂志","1673-5625","中文","2001-","萬方醫學網"
"32410","中国社区医师","1007-614X","中文","2001-","萬方醫學網"
"32411","中国社区医师（医学专业）","1007-614X","中文","2009-2013","萬方醫學網"
"32471","中国神经免疫学和神经病学杂志","1006-2963","中文","1999-","萬方醫學網"
"32470","中国神经再生研究（英文版）","1673-5374","西文","2006-","萬方醫學網"
"32472","中国神经精神疾病杂志","1002-0152","中文","1999-","萬方醫學網"
"32545","中国糖尿病杂志","1006-6187","中文","1998-","萬方醫學網"
"32414","中国组织化学与细胞化学杂志","1004-1850","中文","2000-","萬方醫學網"
"32413","中国组织工程研究","2095-4344","中文","1997-","萬方醫學網"
"32415","中国细胞生物学学报","1674-7666","中文","2000-","萬方醫學網"
"32447","中国结合医学杂志（英文版）","1672-0415","西文","1998-","萬方醫學網"
"32473","中国继续医学教育","1674-9308","中文","2010-","萬方醫學網"
"32448","中国美容医学","1008-6455","中文","2000-","萬方醫學網"
"32449","中国美容整形外科杂志","1673-7040","中文","2000-","萬方醫學網"
"32318","中国老年保健医学","1672-2671","中文","2003-","萬方醫學網"
"32317","中国老年学杂志","1005-9202","中文","1999-","萬方醫學網"
"32319","中国耳鼻咽喉头颈外科","1672-7002","中文","1994-","萬方醫學網"
"32320","中国耳鼻咽喉颅底外科杂志","1007-1520","中文","2000-","萬方醫學網"
"32498","中国职业医学","2095-2619","中文","1974-","萬方醫學網"
"32378","中国肛肠病杂志","1000-1174","中文","1999-","萬方醫學網"
"32379","中国肝脏病杂志（电子版）","1674-7380","中文","2008-","萬方醫學網"
"32416","中国肺癌杂志","1009-3419","中文","1998-","萬方醫學網"
"32417","中国肿瘤","1004-0242","中文","2001-","萬方醫學網"
"32420","中国肿瘤临床","1000-8179","中文","1994-","萬方醫學網"
"32421","中国肿瘤临床与康复","1005-8664","中文","2000-2022","萬方醫學網"
"32418","中国肿瘤外科杂志","1674-4136","中文","2009-","萬方醫學網"
"32419","中国肿瘤生物治疗杂志","1007-385X","中文","2000-","萬方醫學網"
"32474","中国胸心血管外科临床杂志","1007-4848","中文","1998-","萬方醫學網"
"32475","中国脊柱脊髓杂志","1004-406X","中文","1995-","萬方醫學網"
"32476","中国脑血管病杂志","1672-5921","中文","2004-","萬方醫學網"
"32321","中国自然医学杂志","1008-7850","中文","2001-2010","萬方醫學網"
"32322","中国艾滋病性病","1672-5662","中文","2001-","萬方醫學網"
"32509","中国药业","1006-4931","中文","2000-","萬方醫學網"
"32511","中国药事","1002-7777","中文","1999-","萬方醫學網"
"32524","中国药品标准","1009-3656","中文","2001-","萬方醫學網"
"32513","中国药学杂志","1001-2494","中文","1998-","萬方醫學網"
"32512","中国药学（英文版）","1003-1057","西文","2001-","萬方醫學網"
"32510","中国药师","1008-049X","中文","1998-2022","萬方醫學網"
"32514","中国药店","1009-5012","中文","2001-2022","萬方醫學網"
"32515","中国药房","1001-0408","中文","2000-","萬方醫學網"
"32516","中国药物与临床","1671-2560","中文","2001-2022","萬方醫學網"
"32520","中国药物依赖性杂志","1007-9718","中文","1992-","萬方醫學網"
"32517","中国药物化学杂志","1005-0108","中文","1999-","萬方醫學網"
"32518","中国药物应用与监测","1672-8157","中文","2001-","萬方醫學網"
"32522","中国药物滥用防治杂志","1006-902X","中文","2001-","萬方醫學網"
"32521","中国药物经济学","1673-5846","中文","2009-","萬方醫學網"
"32523","中国药物警戒","1672-8629","中文","2004-","萬方醫學網"
"32519","中国药物评价","2095-3593","中文","2012-","萬方醫學網"
"32526","中国药理学与毒理学杂志","1000-3002","中文","1999-","萬方醫學網"
"32527","中国药理学通报","1001-1978","中文","1999-","萬方醫學網"
"32525","中国药科大学学报","1000-5048","中文","2000-","萬方醫學網"
"32323","中国血吸虫病防治杂志","1005-6661","中文","2001-","萬方醫學網"
"32324","中国血液净化","1671-4091","中文","2002-","萬方醫學網"
"32325","中国血液流变学杂志","1009-881X","中文","1999-","萬方醫學網"
"32326","中国血管外科杂志（电子版）","1674-7429","中文","2008-","萬方醫學網"
"32282","中国计划生育和妇产科","1674-4020","中文","2009-","萬方醫學網"
"32283","中国计划生育学杂志","1004-8189","中文","1997-","萬方醫學網"
"32450","中国误诊学杂志","1009-6647","中文","2001-2012","萬方醫學網"
"32528","中国超声医学杂志","1002-0101","中文","1999-","萬方醫學網"
"32529","中国超声诊断杂志","1009-8380","中文","2001-2006","萬方醫學網"
"32540","中国辐射卫生","1004-714X","中文","2001-","萬方醫學網"
"32541","中国输血杂志","1004-549X","中文","2000-","萬方醫學網"
"32422","中国运动医学杂志","1000-6710","中文","1998-","萬方醫學網"
"32499","中国野生植物资源","1006-9690","中文","2001-","萬方醫學網"
"32380","中国针灸","0255-2930","中文","1999-","萬方醫學網"
"32381","中国防痨杂志","1000-6621","中文","2000-","萬方醫學網"
"32478","中国预防兽医学报","1008-0589","中文","2000-","萬方醫學網"
"32477","中国预防医学杂志","1009-6639","中文","2001-","萬方醫學網"
"32452","中国食品","1000-1085","中文","2001-","萬方醫學網"
"32453","中国食品卫生杂志","1004-8456","中文","1998-","萬方醫學網"
"32454","中国食品学报","1009-7848","中文","2001-","萬方醫學網"
"32455","中国食品添加剂","1006-2513","中文","2000-","萬方醫學網"
"32456","中国食品药品监管","1673-5390","中文","2007-","萬方醫學網"
"32451","中国食物与营养","1006-9577","中文","2000-","萬方醫學網"
"32480","中国骨与关节损伤杂志","1672-9935","中文","1999-","萬方醫學網"
"32479","中国骨与关节杂志","2095-252X","中文","2002-","萬方醫學網"
"32481","中国骨伤","1003-0034","中文","1998-","萬方醫學網"
"32483","中国骨科临床与基础研究杂志","1674-666X","中文","2009-2021","萬方醫學網"
"32482","中国骨质疏松杂志","1006-7108","中文","1999-","萬方醫學網"
"32484","中国高原医学与生物学杂志","1006-8252","中文","2001-2022","萬方醫學網"
"32485","中国高等医学教育","1002-1701","中文","2001-","萬方醫學網"
"32500","中国麻风皮肤病杂志","1009-1157","中文","1999-","萬方醫學網"
"36132","中國中醫臨床醫學雜誌","1812-724X","中文","20040901-20041201","Airiti Library 【華藝中文電子期刊】"
"36189","中國園藝","0529-6544","中文","20000301-20051201","Airiti Library 【華藝中文電子期刊】"
"49908","中國畜牧學會會誌","0253-9187","中文","20130301-present","Airiti Library 【華藝中文電子期刊】"
"37229","中國鍼灸學雜誌","2311-1968","中文","20131201-present","Airiti Library 【華藝中文電子期刊】"
"32129","中外健康文摘","1672-5085","中文","2008-2014","萬方醫學網"
"32128","中外医学研究","1674-6805","中文","2009-","萬方醫學網"
"32127","中外医疗","1674-0742","中文","2001-","萬方醫學網"
"32126","中外女性健康研究","2096-0417","中文","2015-","萬方醫學網"
"32124","中外女性健康（上半月）","1672-6383","中文","2006-2014","萬方醫學網"
"32125","中外女性健康（下半月）","1672-6383","中文","2012-2014","萬方醫學網"
"32549","中学生物学","1003-7586","中文","2001-","萬方醫學網"
"32550","中学生物教学","1005-2259","中文","2005-","萬方醫學網"
"32120","中小学心理健康教育","1671-2684","中文","2001-","萬方醫學網"
"32121","中山大学学报（医学科学版）","1672-3554","中文","1999-","萬方醫學網"
"36115","中山醫學雜誌","1680-3108","中文","20020701-present","Airiti Library 【華藝中文電子期刊】"
"32199","中成药","1001-1528","中文","1989-","萬方醫學網"
"32122","中日友好医院学报","1001-0025","中文","1993-","萬方醫學網"
"37232","中榮醫教","2076-0302","中文","20150701-20180301","Airiti Library 【華藝中文電子期刊】"
"32554","中草药","0253-2670","中文","1991-","萬方醫學網"
"32555","中草药（英文版）","1674-6384","西文","2009-","萬方醫學網"
"32557","中药与临床","1674-926X","中文","2010-","萬方醫學網"
"32560","中药新药与临床药理","1003-9783","中文","1999-","萬方醫學網"
"32558","中药材","1001-4454","中文","1997-2022","萬方醫學網"
"32559","中药药理与临床","1001-859X","中文","1999-","萬方醫學網"
"36296","中華傳統獸醫學會會刊","1001-0890","中文","20091201-","Airiti Library 【華藝中文電子期刊】"
"3063","中華公共衛生雜誌","1023-2141","中文","19940201-","Airiti Library 【華藝中文電子期刊】"
"36300","中華團體心理治療","","中文","20011201-","Airiti Library 【華藝中文電子期刊】"
"36293","中華推拿與現代康復科學雜誌","1812-7282","中文","2004-2012","Airiti Library 【華藝中文電子期刊】"
"36286","中華放射線技術學雜誌","1684-9418","中文","20031201-present","Airiti Library 【華藝中文電子期刊】"
"36287","中華放射線醫學雜誌","1018-8940","中文","19760101-20100101","Airiti Library 【華藝中文電子期刊】"
"37346","中華昆蟲","0258-462x","中文","19830901-20001201","Airiti Library 【華藝中文電子期刊】"
"36288","中華林學季刊","0578-1345","中文","20050101-20120601","Airiti Library 【華藝中文電子期刊】"
"51117","中華民國兒童保健雜誌","","中文","20221201-","Airiti Library 【華藝中文電子期刊】"
"36261","中華民國兒童牙科醫學會會刊","","中文","19970101-20000101","Airiti Library 【華藝中文電子期刊】"
"36262","中華民國兒童牙科醫學會雜誌","","中文","20010201-","Airiti Library 【華藝中文電子期刊】"
"36263","中華民國兒童胸腔醫學會會刊","","中文","20011201-","Airiti Library 【華藝中文電子期刊】"
"36264","中華民國兒童胸腔醫學會雜誌","2221-1837","中文","20020101-20151101","Airiti Library 【華藝中文電子期刊】"
"36251","中華民國內分泌暨糖尿病學會會刊","2071-4424","中文","20050701-","Airiti Library 【華藝中文電子期刊】"
"36252","中華民國內分泌暨糖尿病學會會訊","2071-4424","中文","20000101-20050701","Airiti Library 【華藝中文電子期刊】"
"36253","中華民國內膜異位症婦女協會會刊","","中文","20030901-20201201","Airiti Library 【華藝中文電子期刊】"
"36254","中華民國公共衛生學會雜誌","1001-6931","中文","19821201-19931201","Airiti Library 【華藝中文電子期刊】"
"36247","中華民國口腔植體學會會訊","","中文","19970701-20041001","Airiti Library 【華藝中文電子期刊】"
"36248","中華民國口腔雷射醫學雜誌","","中文","20061101-","Airiti Library 【華藝中文電子期刊】"
"36249","中華民國口腔顎面外科學會雜誌","","中文","20061201-20070901","Airiti Library 【華藝中文電子期刊】"
"36250","中華民國大腸直腸外科醫學會雜誌","1726-359x","中文","20040301-present","Airiti Library 【華藝中文電子期刊】"
"36275","中華民國婦癌醫學雜誌","1019-5998","中文","20010401-20141001","Airiti Library 【華藝中文電子期刊】"
"36270","中華民國家庭牙醫學雜誌","2072-2613","中文","20080601-","Airiti Library 【華藝中文電子期刊】"
"36271","中華民國家庭醫學雜誌","1017-4230","中文","19970301-20000601","Airiti Library 【華藝中文電子期刊】"
"36277","中華民國復健醫學會雜誌","1025-3009","中文","19730601-","Airiti Library 【華藝中文電子期刊】"
"36267","中華民國急救加護醫學會雜誌","1023-2214","中文","20091201-20141201","Airiti Library 【華藝中文電子期刊】"
"36268","中華民國急診醫學會醫誌","1562-3386","中文","20010201-20021001","Airiti Library 【華藝中文電子期刊】"
"36279","中華民國整形外科醫學會雜誌","1025-1375","中文","20050310-20091201","Airiti Library 【華藝中文電子期刊】"
"36260","中華民國更年期協會會訊","","中文","20060401-","Airiti Library 【華藝中文電子期刊】"
"36265","中華民國泌尿科醫學會雜誌","1016-3220","中文","19900301-","Airiti Library 【華藝中文電子期刊】"
"36272","中華民國消化系醫學會雜誌","1013-7696","中文","19840101-","Airiti Library 【華藝中文電子期刊】"
"36273","中華民國消化系醫學雜誌","1013-7696","中文","19960301-","Airiti Library 【華藝中文電子期刊】"
"37413","中華民國營養學會雜誌","1011-6958","中文","19760301-20060301","Airiti Library 【華藝中文電子期刊】"
"36255","中華民國牙周病醫學會雜誌","1027-9962","中文","19950301-20081201","Airiti Library 【華藝中文電子期刊】"
"36266","中華民國物理治療學會雜誌","1013-7688","中文","19880901-19991101","Airiti Library 【華藝中文電子期刊】"
"36282","中華民國獸醫學會雜誌","0253-9179","中文","20000601-20000601","Airiti Library 【華藝中文電子期刊】"
"36280","中華民國癌症醫學會雜誌","1015-6267","中文","20000301-20091201","Airiti Library 【華藝中文電子期刊】"
"49909","中華民國眼科醫學會會刊","","中文","19621001-19911204","Airiti Library 【華藝中文電子期刊】"
"36276","中華民國眼科醫學會雜誌","1021-3120","中文","19920301-20161201","Airiti Library 【華藝中文電子期刊】"
"37230","中華民國糖尿病衛教學會會訊","","中文","20051201-present","Airiti Library 【華藝中文電子期刊】"
"36256","中華民國耳鼻喉科醫學會雜誌","1019-6102","中文","19920301-","Airiti Library 【華藝中文電子期刊】"
"36257","中華民國耳鼻喉科醫學雜誌","1019-6102","中文","19990101-","Airiti Library 【華藝中文電子期刊】"
"36283","中華民國聽力語言學會雜誌","1606-0059","中文","20001101-","Airiti Library 【華藝中文電子期刊】"
"36274","中華民國航空醫學暨科學期刊","1683-9595","中文","19880918-20111201","Airiti Library 【華藝中文電子期刊】"
"36259","中華民國血液淨化醫學會雜誌","1021-3112","中文","20050101-20151231","Airiti Library 【華藝中文電子期刊】"
"36269","中華民國重建整形外科醫學會雜誌","1025-1375","中文","19920201-","Airiti Library 【華藝中文電子期刊】"
"36281","中華民國雜草學會會刊","0253-8946","中文","20080601-20121201","Airiti Library 【華藝中文電子期刊】"
"36278","中華民國齒顎矯正學雜誌","1029-8231","中文","19980101-20200301","Airiti Library 【華藝中文電子期刊】"
"36244","中華水土保持學報","0255-6073","中文","19710301-present","Airiti Library 【華藝中文電子期刊】"
"36245","中華牙醫學雜誌","1010-3287","中文","20031201-","Airiti Library 【華藝中文電子期刊】"
"36246","中華牙醫學雜誌（中文版）","1010-3287","中文","20040301-20071130","Airiti Library 【華藝中文電子期刊】"
"37350","中華生質能源學會會誌","1023-0351","中文","20070601-20150601","Airiti Library 【華藝中文電子期刊】"
"36284","中華皮膚科醫學雜誌","1027-8117","中文","20030901-20091201","Airiti Library 【華藝中文電子期刊】"
"37231","中華科技大學學報","1812-7185","中文","20100101-","Airiti Library 【華藝中文電子期刊】"
"36304","中華職業醫學雜誌","1023-3660","中文","19940101-present","Airiti Library 【華藝中文電子期刊】"
"37405","中華自然醫學研究","2616-4973","中文","20180601-20201201","Airiti Library 【華藝中文電子期刊】"
"36303","中華輔導學報","","中文","19900301-20070901","Airiti Library 【華藝中文電子期刊】"
"36299","中華農學會報","0578-1434","中文","20050301-20071201","Airiti Library 【華藝中文電子期刊】"
"51110","中華農業研究","0376-477X","中文","19500301-","Airiti Library 【華藝中文電子期刊】"
"36292","中華針灸醫學會雜誌","1683-5875","中文","20030101-present","Airiti Library 【華藝中文電子期刊】"
"32201","中西医结合心脑血管病杂志","1672-1349","中文","2003-","萬方醫學網"
"32200","中西医结合心血管病电子杂志","2095-6681","中文","2013-2021","萬方醫學網"
"32202","中西医结合护理（中英文）","2096-0867","西文","2015-","萬方醫學網"
"32204","中西医结合研究","1674-4616","中文","2009-","萬方醫學網"
"32203","中西医结合肝病杂志","1005-0264","中文","2000-","萬方醫學網"
"37227","中西整合醫學會會訊","","中文","20060301-present","Airiti Library 【華藝中文電子期刊】"
"36117","中西整合醫學雜誌","0211-9153","中文","20010601-20220601","Airiti Library 【華藝中文電子期刊】"
"36120","中西醫結合護理雜誌","2220-0398","中文","20100801-","Airiti Library 【華藝中文電子期刊】"
"36309","中醫兒科醫學雜誌","1607-7423","中文","20040301-20120601","Airiti Library 【華藝中文電子期刊】"
"36307","中醫內科醫學雜誌","1818-6076","中文","20050201-present","Airiti Library 【華藝中文電子期刊】"
"36312","中醫婦科醫學雜誌","1818-6084","中文","20050201-present","Airiti Library 【華藝中文電子期刊】"
"36313","中醫專科醫訊季刊","","中文","20030901-20031201","Airiti Library 【華藝中文電子期刊】"
"37402","中醫本草健康促進期刊","2522-6592","中文","20210515-present","Airiti Library 【華藝中文電子期刊】"
"37338","中醫本草芳香療法期刊","2522-6592","中文","20171101-20201101","Airiti Library 【華藝中文電子期刊】"
"36308","中醫肝病醫學雜誌","1818-5991","中文","20050701-20110130","Airiti Library 【華藝中文電子期刊】"
"36316","中醫藥研究論叢","2311-1984","中文","20000301-present","Airiti Library 【華藝中文電子期刊】"
"36318","中醫藥雜誌","1017-6446","中文","19900101-20150601","Airiti Library 【華藝中文電子期刊】"
"37409","中醫藥雜誌","2411-3964","中文","20151201-present","Airiti Library 【華藝中文電子期刊】"
"36314","中醫醫訊","","中文","20060525-20120301","Airiti Library 【華藝中文電子期刊】"
"36311","中醫骨傷科醫學雜誌","1998-5185","中文","20021201-","Airiti Library 【華藝中文電子期刊】"
"32123","中风与神经疾病杂志","1003-2754","中文","1999-","萬方醫學網"
"32668","宁夏医学杂志","1001-5949","中文","1981-","萬方醫學網"
"32669","宁夏医科大学学报","1674-6309","中文","1999-","萬方醫學網"
"36451","助產雜誌","2313-1896","中文","20080801-present","Airiti Library 【華藝中文電子期刊】"
"36452","志為護理-慈濟護理雜誌","1683-1624","中文","20040301-present","Airiti Library 【華藝中文電子期刊】"
"33181","浙江中医杂志","0411-8421","中文","2000-","萬方醫學網"
"33182","浙江中医药大学学报","1005-5509","中文","2000-","萬方醫學網"
"33180","浙江中西医结合杂志","1005-4561","中文","1999-","萬方醫學網"
"33187","浙江临床医学","1008-7664","中文","1999-","萬方醫學網"
"33183","浙江创伤外科","1009-7147","中文","2001-","萬方醫學網"
"33184","浙江医学","1006-2785","中文","2000-","萬方醫學網"
"33185","浙江医学教育","1672-0024","中文","2002-","萬方醫學網"
"33178","浙江大学学报（医学版）","1008-9292","中文","2000-","萬方醫學網"
"33179","浙江大学学报（英文版）（B辑：生物医学和生物技术）","1673-1581","西文","2005-","萬方醫學網"
"33186","浙江实用医学","1007-3299","中文","2001-2022","萬方醫學網"
"33188","浙江畜牧兽医","1005-7307","中文","2000-","萬方醫學網"
"33211","祝您健康","1003-4242","中文","2001-","萬方醫學網"
"33212","祝您健康·新医药","1003-4242","中文","2010-2012","萬方醫學網"
"37274","致遠醫務管理學刊","1992-2302","中文","20070501-20070501","Airiti Library 【華藝中文電子期刊】"
"33278","智慧健康","2096-1219","中文","2015-","萬方醫學網"
"36653","植牙界","","中文","20080601-","Airiti Library 【華藝中文電子期刊】"
"36657","植物保護學會會刊","0577-750X","中文","20060301-20151201","Airiti Library 【華藝中文電子期刊】"
"36656","植物保護通報","","中文","20110205-20120201","Airiti Library 【華藝中文電子期刊】"
"33279","植物分类学报","1674-4918","中文","1998-","萬方醫學網"
"33283","植物多样性（英文）","2096-2703","西文","1999-","萬方醫學網"
"33284","植物学报","1674-3466","中文","1998-","萬方醫學網"
"33285","植物学报（英文版）","1672-9072","西文","1998-","萬方醫學網"
"33280","植物生态学报","1005-264X","中文","1998-","萬方醫學網"
"33281","植物生理与分子生物学学报","1671-3877","中文","1993-2007","萬方醫學網"
"33282","植物生理学报","2095-1108","中文","1995-","萬方醫學網"
"36659","植物病理學會刊","1021-9544","中文","19920601-20151201","Airiti Library 【華藝中文電子期刊】"
"33286","植物研究","1673-5102","中文","2000-","萬方醫學網"
"33287","植物科学学报","2095-0837","中文","1998-","萬方醫學網"
"36660","植物種苗","1562-2746","中文","20030901-20170601","Airiti Library 【華藝中文電子期刊】"
"33288","植物遗传资源学报","1672-1810","中文","2001-","萬方醫學網"
"49918","植物醫學","0577-750X","中文","20160301-present","Airiti Library 【華藝中文電子期刊】"
"33317","蛛形学报","1005-9628","中文","1992-","萬方醫學網"
"49921","傳播與發展學報","1995-0268","中文","20150701-20231231","Airiti Library 【華藝中文電子期刊】"
"36695","傳染病統計暨監視年報","1992-450X","中文","20061101-present","Airiti Library 【華藝中文電子期刊】"
"36696","傳統醫學雜誌","","中文","20031001-20201001","Airiti Library 【華藝中文電子期刊】"
"36715","腫瘤護理雜誌","1683-9544","中文","20030601-present","Airiti Library 【華藝中文電子期刊】"
"37313","彰化護理","1818-2747","中文","20030601-present","Airiti Library 【華藝中文電子期刊】"
"37315","彰基糖尿病友會刊","","中文","20050801-present","Airiti Library 【華藝中文電子期刊】"
"37528","彰基藥學學刊","","中文","20210901-present","Airiti Library 【華藝中文電子期刊】"
"37316","彰基藥訊","","中文","20001201-20211201","Airiti Library 【華藝中文電子期刊】"
"37527","彰基醫療健康防治季刊","","中文","20190301-20210601","Airiti Library 【華藝中文電子期刊】"
"37314","彰基院訊","","中文","20040201-present","Airiti Library 【華藝中文電子期刊】"
"49929","種苗科技專訊","1021-9455","中文","19920901-present","Airiti Library 【華藝中文電子期刊】"
"33378","整形与美容研究（英文版）","2347-9264","西文","2014-","萬方醫學網"
"33379","整形再造外科杂志","1672-4615","中文","2004-2006","萬方醫學網"
"36919","職能治療學會雜誌","1013-7661","中文","19831101-20221201","Airiti Library 【華藝中文電子期刊】"
"32102","川北医学院学报","1005-3697","中文","1999-","萬方醫學網"
"32785","成都中医药大学学报","1004-0668","中文","1980-","萬方醫學網"
"32786","成都医学院学报","1674-2257","中文","2006-","萬方醫學網"
"32973","承德医学院学报","1004-6879","中文","2001-","萬方醫學網"
"37267","長庚人文社會學報","2070-9455","中文","20080401-20221001","Airiti Library 【華藝中文電子期刊】"
"36512","長庚科技學刊","1991-2455","中文","20070601-present","Airiti Library 【華藝中文電子期刊】"
"36513","長庚護理","1026-7301","中文","19900501-present","Airiti Library 【華藝中文電子期刊】"
"36514","長期照護雜誌","1561-2546","中文","20030501-present","Airiti Library 【華藝中文電子期刊】"
"36536","春暉","","中文","19870901-","Airiti Library 【華藝中文電子期刊】"
"33152","重庆医学","1671-8348","中文","1989-","萬方醫學網"
"33153","重庆医科大学学报","0253-3626","中文","2000-","萬方醫學網"
"36546","重症醫學雜誌","","中文","20041201-20121201","Airiti Library 【華藝中文電子期刊】"
"33204","畜牧与生物技术杂志（英文版）","1674-9782","西文","2010-","萬方醫學網"
"33206","畜牧兽医学报","0366-6964","中文","1999-","萬方醫學網"
"33205","畜牧兽医杂志","1004-6704","中文","2000-","萬方醫學網"
"33207","畜牧兽医科技信息","1671-6027","中文","2001-","萬方醫學網"
"37455","畜產專訊","1021-3082","中文","19920901-present","Airiti Library 【華藝中文電子期刊】"
"37454","畜產研究","0253-9209","中文","19990901-present","Airiti Library 【華藝中文電子期刊】"
"36625","崇仁學報","","中文","20120201-20121201","Airiti Library 【華藝中文電子期刊】"
"36861","澄清醫護管理雜誌","1813-6702","中文","20030201-present","Airiti Library 【華藝中文電子期刊】"
"32057","上海中医药大学学报","1008-861X","中文","2001-","萬方醫學網"
"32058","上海中医药杂志","1007-1334","中文","2000-","萬方醫學網"
"32059","上海交通大学学报（医学版）","1674-8115","中文","1999-","萬方醫學網"
"32060","上海交通大学学报（医学英文版）","1674-8123","西文","2000-2013","萬方醫學網"
"32061","上海医学","0253-9934","中文","1999-2021","萬方醫學網"
"32062","上海医药","1006-1533","中文","2001-","萬方醫學網"
"32056","上海口腔医学","1006-7248","中文","2000-","萬方醫學網"
"32063","上海护理","1009-8399","中文","2001-","萬方醫學網"
"32066","上海精神医学","1002-0829","中文","1989-2018","萬方醫學網"
"32064","上海针灸杂志","1005-0957","中文","1998-","萬方醫學網"
"32065","上海预防医学","1004-9231","中文","2001-","萬方醫學網"
"32089","山东中医杂志","0257-358X","中文","1999-","萬方醫學網"
"32090","山东中医药大学学报","1007-659X","中文","2000-","萬方醫學網"
"32091","山东医学高等专科学校学报","1674-0947","中文","2001-","萬方醫學網"
"32092","山东医药","1002-266X","中文","2000-","萬方醫學網"
"32088","山东大学学报（医学版）","1671-7554","中文","2000-","萬方醫學網"
"32087","山东大学耳鼻喉眼学报","1673-3770","中文","1999-","萬方醫學網"
"32093","山东畜牧兽医","1007-1733","中文","2001-","萬方醫學網"
"32094","山东第一医科大学（山东省医学科学院）学报","2097-0005","中文","2001-","萬方醫學網"
"32096","山西中医","1000-7156","中文","1999-","萬方醫學網"
"32097","山西中医学院学报","1671-0258","中文","2001-2020","萬方醫學網"
"32098","山西中医药大学学报","2096-7403","中文","2020-","萬方醫學網"
"32099","山西医科大学学报","1007-6611","中文","1999-","萬方醫學網"
"32100","山西医药杂志","0253-9926","中文","1999-","萬方醫學網"
"32095","山西卫生健康职业学院学报","2096-756X","中文","2020-","萬方醫學網"
"32101","山西职工医学院学报","1671-0126","中文","2001-2019","萬方醫學網"
"32613","手术","2095-8331","中文","2016-2017","萬方醫學網"
"32614","手术电子杂志","2095-8331","中文","2022-","萬方醫學網"
"32617","水生生物学报","1000-3207","中文","1999-","萬方醫學網"
"32624","世界中医药","1673-7202","中文","2006-","萬方醫學網"
"32625","世界中医药杂志（英文版）","2311-8571","西文","2015-","萬方醫學網"
"32622","世界中西医结合杂志","1673-6613","中文","2006-","萬方醫學網"
"32623","世界中西医结合杂志（英文）","2096-0964","西文","2016-","萬方醫學網"
"32628","世界临床医学","1009-3389","中文","2015-2019","萬方醫學網"
"32629","世界临床药物","1672-9188","中文","1997-","萬方醫學網"
"32620","世界儿科杂志（英文版）","1708-8569","西文","2014-","萬方醫學網"
"32626","世界华人消化杂志","1009-3079","中文","1998-2021","萬方醫學網"
"32630","世界复合医学","2095-994X","中文","2015-","萬方醫學網"
"32621","世界小儿外科杂志（英文）","2096-6938","西文","2020-","萬方醫學網"
"32631","世界急诊医学杂志（英文）","1920-8642","西文","2010-","萬方醫學網"
"32634","世界最新医学信息文摘（连续型电子期刊）","1671-3141","中文","2012-","萬方醫學網"
"32635","世界睡眠医学杂志","2095-7130","中文","2014-","萬方醫學網"
"32632","世界科学技术-中医药现代化","1674-3849","中文","2000-","萬方醫學網"
"32633","世界胃肠病学杂志（英文版）","1007-9327","西文","1998-2012","萬方醫學網"
"32627","世界针灸杂志（英文版）","1003-5257","西文","2001-","萬方醫學網"
"36399","生命教育與健康促進學術論文研討會論文集","","中文","19941230-20100430","Airiti Library 【華藝中文電子期刊】"
"32673","生命的化学","1000-1336","中文","1999-2022","萬方醫學網"
"32674","生命科学","1004-0374","中文","1999-2021","萬方醫學網"
"32675","生命科学仪器","1671-7929","中文","2003-","萬方醫學網"
"32676","生命科学研究","1007-7847","中文","1999-","萬方醫學網"
"32678","生态学报","1000-0933","中文","1991-","萬方醫學網"
"32677","生态学杂志","1000-4890","中文","1995-","萬方醫學網"
"32679","生态科学","1008-8873","中文","1999-","萬方醫學網"
"51108","生態台灣","1991-4903","中文","20031001-","Airiti Library 【華藝中文電子期刊】"
"32709","生殖医学杂志","1004-3845","中文","2000-","萬方醫學網"
"32683","生物产业技术","1674-0319","中文","2008-2019","萬方醫學網"
"32703","生物信息学","1672-5565","中文","2003-","萬方醫學網"
"32682","生物加工过程","1672-3678","中文","2003-","萬方醫學網"
"32681","生物化学与生物物理进展","1000-3282","中文","1999-","萬方醫學網"
"32691","生物医学与环境科学（英文版）","0895-3988","西文","1999-","萬方醫學網"
"32687","生物医学工程与临床","1009-7090","中文","1998-","萬方醫學網"
"32688","生物医学工程学杂志","1001-5515","中文","1998-2022","萬方醫學網"
"32689","生物医学工程学进展","1674-1242","中文","2001-","萬方醫學網"
"32690","生物医学工程研究","1672-6278","中文","2001-","萬方醫學網"
"32693","生物医学研究杂志（英文版）","1674-8301","西文","2000-2022","萬方醫學網"
"32692","生物医学转化","2096-8965","中文","2020-","萬方醫學網"
"32684","生物多样性","1005-0094","中文","1998-","萬方醫學網"
"32700","生物学教学","1004-7549","中文","2001-","萬方醫學網"
"32699","生物学杂志","2095-1736","中文","2000-","萬方醫學網"
"32701","生物学通报","0006-3193","中文","2000-","萬方醫學網"
"32685","生物安全学报","2095-1787","中文","2011-","萬方醫學網"
"32680","生物工程学报","1000-3061","中文","1995-","萬方醫學網"
"32694","生物技术","1004-311X","中文","1999-","萬方醫學網"
"32695","生物技术进展","2095-2341","中文","2011-","萬方醫學網"
"32697","生物技术通报","1002-5464","中文","1998-","萬方醫學網"
"32696","生物技术通讯","1009-0002","中文","1999-2020","萬方醫學網"
"32706","生物数学学报","1001-9626","中文","1998-2016","萬方醫學網"
"32698","生物材料转化电子杂志（英文）","2096-112X","西文","2020-2020","萬方醫學網"
"37472","生物機電工程學報","2071-162X","中文","20090601-20150301","Airiti Library 【華藝中文電子期刊】"
"32702","生物物理学报","1000-6737","中文","1998-2021","萬方醫學網"
"36406","生物產業科技管理叢刊","2071-2596","中文","20050930-20120701","Airiti Library 【華藝中文電子期刊】"
"36405","生物科學","0379-7384","中文","20030101-20121231","Airiti Library 【華藝中文電子期刊】"
"37513","生物科技產學論壇","","中文","20031001-20180401","Airiti Library 【華藝中文電子期刊】"
"36407","生物與休閒事業研究","1812-2825","中文","20051001-20081201","Airiti Library 【華藝中文電子期刊】"
"32686","生物设计与制造（英文）","2096-5524","西文","2018-","萬方醫學網"
"32704","生物资源","1006-8376","中文","2000-","萬方醫學網"
"32705","生物骨科材料与临床研究","1672-5972","中文","2003-","萬方醫學網"
"32707","生理学报","0371-0874","中文","1997-","萬方醫學網"
"32708","生理科学进展","0559-7765","中文","1999-","萬方醫學網"
"32788","汕头大学医学院学报","1007-4716","中文","2000-","萬方醫學網"
"32885","沈阳医学院学报","1008-2344","中文","2001-","萬方醫學網"
"32886","沈阳药科大学学报","1006-2858","中文","1992-","萬方醫學網"
"51121","身心障礙研究季刊","1729-2832","中文","20030701-","Airiti Library 【華藝中文電子期刊】"
"33038","社区医学杂志","1672-4208","中文","2003-","萬方醫學網"
"51764","社區發展季刊","","中文","1977-present","Open Access"
"33160","食品与健康","1004-0137","中文","2001-","萬方醫學網"
"33159","食品与生活","1004-5473","中文","2005-","萬方醫學網"
"33158","食品与生物技术学报","1673-1689","中文","2000-","萬方醫學網"
"33161","食品与药品","1672-979X","中文","2001-","萬方醫學網"
"33162","食品安全导刊","1674-0270","中文","2007-","萬方醫學網"
"33163","食品安全质量检测学报","2095-0381","中文","2009-","萬方醫學網"
"33157","食品工程","1673-6044","中文","2001-","萬方醫學網"
"33164","食品界","2095-638X","中文","2015-","萬方醫學網"
"33165","食品研究与开发","1005-6521","中文","2000-","萬方醫學網"
"33166","食品科学","1002-6630","中文","1999-","萬方醫學網"
"33167","食品科学与人类健康（英文）","2213-4530","西文","2020-","萬方醫學網"
"51120","食品藥物研究年報","2219-5718","中文","20101101-","Airiti Library 【華藝中文電子期刊】"
"33168","食管外科电子杂志","2095-5324","中文","2013-2018","萬方醫學網"
"33169","食管疾病","2096-7381","中文","2020-","萬方醫學網"
"36550","首都中醫報導","","中文","20120601-present","Airiti Library 【華藝中文電子期刊】"
"33170","首都公共卫生","1673-7830","中文","2007-","萬方醫學網"
"33171","首都医科大学学报","1006-7795","中文","1980-","萬方醫學網"
"33172","首都食品与医药","1005-8257","中文","1999-","萬方醫學網"
"37480","師大學報：數理與科技類","1684-7636","中文","19971001-20060401","Airiti Library 【華藝中文電子期刊】"
"36555","師大生物學報","0378-8091","中文","19940201-20001201","Airiti Library 【華藝中文電子期刊】"
"33213","神经免疫与神经炎症（英文版）","2347-8659","西文","2014-2021","萬方醫學網"
"33215","神经损伤与功能重建","1001-117X","中文","2001-","萬方醫學網"
"33216","神经疾病与精神卫生","1009-6574","中文","2001-","萬方醫學網"
"33217","神经病学与神经康复学杂志","1672-7061","中文","2004-2022","萬方醫學網"
"33214","神经科学通报（英文版）","1673-7067","西文","2000-","萬方醫學網"
"33218","神经药理学报","2095-1396","中文","2001-","萬方醫學網"
"33219","神经解剖学杂志","1000-7547","中文","2000-","萬方醫學網"
"33261","深圳中西医结合杂志","1007-0893","中文","2001-","萬方醫學網"
"33271","蛇志","1001-5639","中文","2001-","萬方醫學網"
"36679","腎臟與透析","2411-5347","中文","20010501-present","Airiti Library 【華藝中文電子期刊】"
"49925","實證健康照護","","中文","20230213-present","Airiti Library 【華藝中文電子期刊】"
"49924","實證自然醫學","","中文","20140901-20211201","Airiti Library 【華藝中文電子期刊】"
"36769","實證護理","1814-2869","中文","20050301-20081201","Airiti Library 【華藝中文電子期刊】"
"36902","聲洋防癌之聲","","中文","19991231-present","Airiti Library 【華藝中文電子期刊】"
"32050","人人健康","1004-597X","中文","2001-2021","萬方醫學網"
"32051","人人健康（医学导刊）","1004-597X","中文","2007-2008","萬方醫學網"
"32053","人参研究","1671-1521","中文","2001-","萬方醫學網"
"36077","人因工程學刊","2076-5517","中文","20091225-20120825","Airiti Library 【華藝中文電子期刊】"
"37222","人文社會與醫療學刊","2312-265X","中文","20140401-20160501","Airiti Library 【華藝中文電子期刊】"
"32052","人民军医","1000-9736","中文","2001-2021","萬方醫學網"
"32054","人类学学报","1000-3193","中文","1998-","萬方醫學網"
"37224","人醫心傳－慈濟醫療人文月刊","","中文","20050301-20170201","Airiti Library 【華藝中文電子期刊】"
"32055","儿科药学杂志","1672-108X","中文","2001-","萬方醫學網"
"32615","日本医学介绍","1002-3372","中文","2001-2007","萬方醫學網"
"36545","若瑟醫護雜誌","1819-026x","中文","20070101-20120801","Airiti Library 【華藝中文電子期刊】"
"49927","榮總護理","0258-4727","中文","20000301-present","Airiti Library 【華藝中文電子期刊】"
"36099","子宮內膜異位症婦女協會會刊","","中文","19941101-","Airiti Library 【華藝中文電子期刊】"
"37508","早期療育研究學刊","2617-0655","中文","20180601-20201201","Airiti Library 【華藝中文電子期刊】"
"37259","自然保健療法","","中文","20031001-20031001","Airiti Library 【華藝中文電子期刊】"
"36437","自然保育季刊","1607-2928","中文","20040101-present","Airiti Library 【華藝中文電子期刊】"
"37500","自然療法暨健康促進期刊","2707-5524","中文","20221101-present","Airiti Library 【華藝中文電子期刊】"
"36448","作物、環境與生物資訊","1811-7406","中文","20100201-present","Airiti Library 【華藝中文電子期刊】"
"32910","卒中与神经疾病","1007-0478","中文","1998-","萬方醫學網"
"32909","卒中与血管神经病学（英文）","2059-8688","西文","2019-2019","萬方醫學網"
"33385","遵义医学院学报","1000-2715","中文","2001-2019","萬方醫學網"
"33386","遵义医科大学学报","1000-2715","中文","2019-","萬方醫學網"
"37303","慈惠學報","2222-4572","中文","20131201-present","Airiti Library 【華藝中文電子期刊】"
"37304","慈濟技術學院學報","1681-8814","中文","20120301-20150301","Airiti Library 【華藝中文電子期刊】"
"37305","慈濟科技大學學報","1681-8814","中文","20150901-present","Airiti Library 【華藝中文電子期刊】"
"36701","慈濟護理雜誌","1683-1624","中文","20020101-","Airiti Library 【華藝中文電子期刊】"
"36700","慈濟醫學雜誌","1016-3190","中文","20050901-20090901","Airiti Library 【華藝中文電子期刊】"
"33366","磁共振成像","1674-8034","中文","2010-","萬方醫學網"
"49951","餐旅暨家政學刊","1816-6539","中文","20040901-present","Airiti Library 【華藝中文電子期刊】"
"49952","餐旅暨觀光","1816-6539","中文","20110601-present","Airiti Library 【華藝中文電子期刊】"
"32658","四川中医","1000-3649","中文","1998-","萬方醫學網"
"32660","四川动物","1000-7083","中文","1998-","萬方醫學網"
"32661","四川医学","1004-0501","中文","2000-","萬方醫學網"
"32657","四川大学学报（医学版）","1672-173X","中文","1998-","萬方醫學網"
"32659","四川生理科学杂志","1671-3885","中文","1999-","萬方醫學網"
"32663","四川畜牧兽医","1001-8964","中文","1999-","萬方醫學網"
"32662","四川省卫生管理干部学院学报","1003-403X","中文","2001-2009","萬方醫學網"
"32665","四川精神卫生","1007-3256","中文","2001-","萬方醫學網"
"32664","四川解剖学杂志","1005-1457","中文","2001-","萬方醫學網"
"33063","阿尔茨海默病及相关病","2096-5516","中文","2018-","萬方醫學網"
"36703","愛之關懷季刊","","中文","20070301-","Airiti Library 【華藝中文電子期刊】"
"36877","澳門護理雜誌","1681-1534","中文","20090601-present","Airiti Library 【華藝中文電子期刊】"
"49950","澳門醫學雜誌","1608-7801","中文","20240131-present","Airiti Library 【華藝中文電子期刊】"
"32772","安全与健康","1671-4636","中文","2001-","萬方醫學網"
"36421","安寧療護雜誌","1812-7266","中文","20090701-present","Airiti Library 【華藝中文電子期刊】"
"32773","安徽中医药大学学报","2095-7246","中文","1999-","萬方醫學網"
"32774","安徽医专学报","2097-0196","中文","2002-","萬方醫學網"
"32775","安徽医学","1000-0399","中文","2001-","萬方醫學網"
"32776","安徽医科大学学报","1000-1492","中文","1998-","萬方醫學網"
"32777","安徽医药","1009-6469","中文","2001-","萬方醫學網"
"36420","安泰醫護雜誌","1811-1955","中文","20080801-present","Airiti Library 【華藝中文電子期刊】"
"33136","按摩与康复医学","1008-1879","中文","2001-","萬方醫學網"
"33137","按摩与康复医学（下旬刊）","1008-1879","中文","2010-2012","萬方醫學網"
"33138","按摩与康复医学（中旬刊）","1008-1879","中文","2010-2012","萬方醫學網"
"32618","牙体牙髓牙周病学杂志","1005-2593","中文","1999-2018","萬方醫學網"
"32656","右江医学","1003-1383","中文","2001-","萬方醫學網"
"32655","右江民族医学院学报","1001-5817","中文","1996-","萬方醫學網"
"32864","听力学及言语疾病杂志","1006-7299","中文","1999-","萬方醫學網"
"32971","延安大学学报（医学科学版）","1672-2639","中文","2004-","萬方醫學網"
"32972","延边大学医学学报","1000-1824","中文","2001-","萬方醫學網"
"37261","亞東學報","1813-3754","中文","20080601-20151201","Airiti Library 【華藝中文電子期刊】"
"36461","亞東醫院品質季刊","2221-0849","中文","20070430-20111031","Airiti Library 【華藝中文電子期刊】"
"36464","亞洲高齡健康休閒及教育學刊","2221-1977","中文","20090130-20120930","Airiti Library 【華藝中文電子期刊】"
"36463","亞洲高齡全人健康及產業發展期刊","2224-3348","中文","19981001-20111201","Airiti Library 【華藝中文電子期刊】"
"37479","宜蘭大學學報","1811-5551","中文","20030901-20040301","Airiti Library 【華藝中文電子期刊】"
"36468","宜蘭大學生物資源學刊","1816-6512","中文","20041201-present","Airiti Library 【華藝中文電子期刊】"
"36537","疫情報導","1021-3651","中文","19841201-present","Airiti Library 【華藝中文電子期刊】"
"33262","眼科","1004-4469","中文","1998-","萬方醫學網"
"33263","眼科学报","1000-4432","中文","1985-","萬方醫學網"
"33264","眼科新进展","1003-5141","中文","1999-","萬方醫學網"
"37477","野生動物保育彙報及通訊","1816-8477","中文","20050331-20121231","Airiti Library 【華藝中文電子期刊】"
"33365","疑难病杂志","1671-6450","中文","2002-","萬方醫學網"
"36843","儀科中心年報","","中文","20051231-","Airiti Library 【華藝中文電子期刊】"
"36844","儀科中心簡訊","1029-497x","中文","20100101-","Airiti Library 【華藝中文電子期刊】"
"33374","影像技术","1001-0270","中文","1999-","萬方醫學網"
"33376","影像研究与医学应用","2096-3807","中文","2017-","萬方醫學網"
"33375","影像诊断与介入放射学","1005-8001","中文","2001-","萬方醫學網"
"36892","應用經濟論叢","0546-9600","中文","20081201-present","Airiti Library 【華藝中文電子期刊】"
"33388","癌变·畸变·突变","1004-616X","中文","2000-","萬方醫學網"
"33389","癌症","1000-467X","中文","1999-","萬方醫學網"
"33393","癌症康复","1007-8193","中文","2001-","萬方醫學網"
"33390","癌症生物学与医学（英文版）","2095-3941","西文","2005-","萬方醫學網"
"33391","癌症转移与治疗（英文版）","2394-4722","西文","2015-","萬方醫學網"
"33392","癌症进展","1672-1535","中文","2003-","萬方醫學網"
"49953","癌症防治季刊","","中文","20220901-present","Airiti Library 【華藝中文電子期刊】"
"49955","醫事法學","2079-7664","中文","20100601-20111201","Airiti Library 【華藝中文電子期刊】"
"49956","醫保研究雜誌","1816-4544","中文","20050301-present","Airiti Library 【華藝中文電子期刊】"
"36927","醫務管理期刊","1608-6961","中文","20000901-present","Airiti Library 【華藝中文電子期刊】"
"37333","醫學與健康期刊","2304-6856","中文","20120901-present","Airiti Library 【華藝中文電子期刊】"
"36932","醫療品質","","中文","20000301-present","Airiti Library 【華藝中文電子期刊】"
"36933","醫療品質雜誌","1994-5795","中文","20070101-","Airiti Library 【華藝中文電子期刊】"
"37537","醫療救護與緊急應變","2708-1311","中文","20200801-present","Airiti Library 【華藝中文電子期刊】"
"49959","醫療物料供應及滅菌管理雜誌","3007-8482","中文","20240701-present","Airiti Library 【華藝中文電子期刊】"
"36934","醫療資訊雜誌","1021-3155","中文","20050301-present","Airiti Library 【華藝中文電子期刊】"
"37536","醫管新冠肺炎防疫專刊","","中文","20220301-20220401","Airiti Library 【華藝中文電子期刊】"
"37538","醫藥、科技與法律","1995-6517","中文","20220401-present","Airiti Library 【華藝中文電子期刊】"
"36937","醫護科技學刊","1562-7640","中文","20050401-20081001","Airiti Library 【華藝中文電子期刊】"
"36936","醫護科技期刊","2074-1979","中文","20040301-20120301","Airiti Library 【華藝中文電子期刊】"
"37535","醫院","1024-106X","中文","20190301-present","Airiti Library 【華藝中文電子期刊】"
"49957","醫院","1024-106X","中文","20110228-20181231","Airiti Library 【華藝中文電子期刊】"
"49958","醫院藥學","0258-4700","中文","20230901-present","Airiti Library 【華藝中文電子期刊】"
"32667","外科理论与实践","1007-9610","中文","2000-","萬方醫學網"
"32666","外科研究与新技术","2095-378X","中文","2012-","萬方醫學網"
"32822","免疫学杂志","1000-8861","中文","1999-","萬方醫學網"
"32980","武汉大学学报（医学版）","1671-8852","中文","1999-","萬方醫學網"
"32982","武警医学","1004-3594","中文","1993-","萬方醫學網"
"32981","武警后勤学院学报（医学版）","2095-3720","中文","2001-2021","萬方醫學網"
"36507","物理治療","1563-2555","中文","20000101-present","Airiti Library 【華藝中文電子期刊】"
"36508","物理治療學會雜誌","","中文","1976-1987","Airiti Library 【華藝中文電子期刊】"
"33145","胃肠病学","1008-7125","中文","2000-","萬方醫學網"
"33146","胃肠病学和肝病学杂志","1006-5709","中文","2000-","萬方醫學網"
"33302","皖南医学院学报","1002-0217","中文","2001-","萬方醫學網"
"33329","微体古生物学报","1000-0674","中文","2000-","萬方醫學網"
"33327","微创医学","1673-6575","中文","1999-","萬方醫學網"
"33328","微创泌尿外科杂志","2095-5146","中文","2012-","萬方醫學網"
"33330","微循环学杂志","1005-1740","中文","1998-","萬方醫學網"
"33322","微生物与感染","1673-6184","中文","2001-","萬方醫學網"
"33324","微生物学免疫学进展","1005-5673","中文","2001-","萬方醫學網"
"33325","微生物学报","0001-6209","中文","2000-","萬方醫學網"
"33323","微生物学杂志","1005-7021","中文","2001-","萬方醫學網"
"33326","微生物学通报","0253-2654","中文","2000-","萬方醫學網"
"33331","微量元素与健康研究","1005-5320","中文","1999-","萬方醫學網"
"36867","衛生教育學報","1023-9812","中文","20050601-20070601","Airiti Library 【華藝中文電子期刊】"
"32561","云南中医中药杂志","1007-2349","中文","2001-","萬方醫學網"
"32562","云南中医学院学报","1000-2723","中文","1999-","萬方醫學網"
"32563","云南医药","1006-4141","中文","2001-","萬方醫學網"
"32564","云南畜牧兽医","1005-1341","中文","2001-","萬方醫學網"
"36323","元培學報","1028-7086","中文","20021201-20121201","Airiti Library 【華藝中文電子期刊】"
"37475","永續發展與管理策略","1944-8082","中文","20090101-20130901","Airiti Library 【華藝中文電子期刊】"
"37253","永達學報","1607-2480","中文","20071201-20121201","Airiti Library 【華藝中文電子期刊】"
"37517","永達學報","1607-2480","中文","20121201 - 20071201","Airiti Library 【華藝中文電子期刊】"
"36597","院內感染控制雜誌","1026-2407","中文","20020201-20021201","Airiti Library 【華藝中文電子期刊】"
"36710","源遠護理","1990-7680","中文","20061101-present","Airiti Library 【華藝中文電子期刊】"
"37308","運動健康休閒學報","2218-0710","中文","20090401-present","Airiti Library 【華藝中文電子期刊】"
"37307","運動生理暨體能學報","1815-638X","中文","20040909-20201201","Airiti Library 【華藝中文電子期刊】"
"37310","運動與健康研究","2226-2628","中文","20111001-20180401","Airiti Library 【華藝中文電子期刊】"
"37311","運動與遊憩研究","1992-5530","中文","20060901-present","Airiti Library 【華藝中文電子期刊】"
"49928","漁業推廣月刊","1019-9683","中文","20240116-present","Airiti Library 【華藝中文電子期刊】"
"36942","藥毒所專題報導","1017-9569","中文","20050101-20171001","Airiti Library 【華藝中文電子期刊】"
"37334","藥物濫用防治","2518-492X","中文","20160601-present","Airiti Library 【華藝中文電子期刊】"
"36940","藥物食品分析","1021-9498","中文","19930101-20121201","Airiti Library 【華藝中文電子期刊】"
"36941","藥物食品檢驗局調查研究年報","0255-5891","中文","19830901-20091201","Airiti Library 【華藝中文電子期刊】"